,Date,Station,SS,Chl.a,Transparency,E.C.,PO4.P,T.P,NH4,NO2,NO3,T.N,TSIc,RUETN,RUETP,Biomass,TSIc_group
1,1984/11/7,3,22,77,0.55,346,0.003,0.117,0.618,0.082,0.294,2.214,72,5.954286,112.673419,13.18279,72
2,1984/12/5,3,16.5,94,0.85,353,0.011,0.086,0.018,0.016,0.47,1.284,70,20.251346,302.357302,26.002728,70
3,1985/1/9,3,12.5,78,0.85,357,0.001,0.061,0.095,0.017,0.44,1.318,68,7.790599,168.328016,10.268009,68
4,1985/2/6,3,12.5,56,1.3,362,0.005,0.065,0.026,0.007,0.457,1.285,65,19.254534,380.647323,24.742076,65
5,1985/3/6,3,16.5,102,0.85,310,0.002,0.072,0.009,0.01,0.737,1.78,70,16.586932,410.065819,29.524739,70
6,1985/5/8,3,19.4,167,0.6,280,0.004,0.111,0.012,0.013,0.096,1.468,75,25.094766,331.883928,36.839116,75
7,1985/6/12,3,11.2,79,0.8,320,0.012,0.12,0.395,0.012,0.029,1.535,70,6.227599,79.661375,9.559365,70
8,1985/7/10,3,15.3,81,0.65,178,0.002,0.069,0.019,0.109,1.441,2.781,70,5.402136,217.729565,15.02334,70
9,1985/8/7,3,40.6,96,0.35,242,0.116,0.287,0.01,0.001,0.001,1.297,77,11.146045,50.370805,14.456421,77
10,1985/9/10,3,24.8,87,0.65,278,0.01,0.128,0.021,0.152,0.048,1.27,72,18.766291,186.196797,23.83319,72
11,1985/10/2,3,29,91,0.5,270,0.009,0.256,0.013,0.03,0.423,1.625,75,12.070945,76.622207,19.615285,75
12,1985/11/6,3,19.1,53,0.65,284,0.003,0.082,0.122,0.054,0.004,1.438,68,7.255485,127.236427,10.433387,68
13,1985/12/12,3,14.2,57,1.1,277,0.002,0.069,0.013,0.025,0.722,1.513,66,7.445683,163.265478,11.265318,66
14,1986/1/8,3,7.5,39,1.2,283,0.001,0.053,0.046,0.016,0.811,1.458,63,1.655534,45.542811,2.413769,63
15,1986/2/5,3,5.1,17,1.8,290,0.001,0.043,0.043,0.013,0.493,1.123,56,1.142733,29.84393,1.283289,56
16,1986/3/5,3,12.7,26,0.85,292,0.003,0.065,0.01,0.011,0.371,1.124,63,5.264275,91.031462,5.917045,63
17,1986/4/9,3,24.9,200,0.75,256,0.004,0.135,0.012,0.021,0.57,1.446,76,40.324822,431.923652,58.309693,76
18,1986/5/7,3,16.9,128,0.85,258,0.002,0.095,0.012,0.014,0.036,1.219,72,15.106219,193.836642,18.414481,72
19,1986/6/11,3,29.9,132,0.6,272,0.003,0.13,0.016,0.001,0.001,1.282,75,31.052291,306.223362,39.809037,75
20,1986/7/9,3,18.5,189,0.45,268,0.004,0.118,0.021,0.016,0.076,1.674,77,7.691967,109.121627,12.876352,77
21,1986/8/6,3,24.2,67,0.45,237,0.091,0.406,0.026,0.006,0.266,1.301,75,9.801468,31.408153,12.75171,75
22,1986/9/10,3,53.9,280,0.25,207,0.063,0.291,0.012,0.002,0.001,2.734,84,14.820268,139.239223,40.518614,84
23,1986/10/9,3,38.9,63,0.45,222,0.057,0.193,0.02,0.023,0.84,2.162,73,3.849101,43.117912,8.321757,73
24,1986/11/12,3,42,49,0.45,260,0.008,0.104,0.118,0.058,1.17,2.241,70,11.025459,237.577433,24.708053,70
25,1986/12/10,3,23.3,109,0.65,259,0.002,0.079,0.008,0.015,0.963,1.821,72,36.876795,850.033468,67.152644,72
26,1987/1/7,3,16.4,103,1.1,268,0.002,0.067,0.021,0.013,0.729,1.677,69,28.038156,701.790866,47.019988,69
27,1987/3/4,3,26,91,0.7,297,0.004,0.075,0.015,0.008,0.483,1.408,71,31.717702,595.446987,44.658524,71
28,1987/4/15,3,27.8,94,0.35,270,0.006,0.126,0.01,0.01,0.181,1.275,75,37.085376,375.268683,47.283854,75
29,1987/5/13,3,26.3,46,0.65,312,0.007,0.096,0.013,0.001,0.001,0.855,68,17.63931,157.100104,15.08161,68
30,1987/6/10,3,13,36,0.85,332,0.014,0.076,0.149,0.006,0.011,0.989,65,18.446262,240.044118,18.243353,65
31,1987/7/8,3,16.4,57,1,330,0.002,0.093,0.066,0.001,0.002,0.931,67,4.526892,45.317591,4.214536,67
32,1987/8/5,3,21.1,69,0.55,340,0.014,0.115,0.173,0.004,0.006,1.168,71,13.542242,137.542078,15.817339,71
33,1987/9/9,3,22.9,89,0.2,306,0.019,0.135,0.081,0.013,0.144,1.973,77,13.618194,199.027385,26.868697,77
34,1987/10/14,3,31,116,0.35,287,0.001,0.126,0.011,0.011,0.051,1.665,76,32.704729,432.169627,54.453373,76
35,1987/11/11,3,27.7,60,0.45,282,0.004,0.131,0.122,0.021,0.239,1.721,72,20.140749,264.597168,34.662229,72
36,1987/12/9,3,16.7,79,0.65,296,0.002,0.097,0.028,0.019,0.01,1.456,71,59.187761,888.426598,86.17738,71
37,1988/1/13,3,19.5,55,1,300,0.001,0.067,0.087,0.018,0.637,1.794,66,22.574717,604.463313,40.499042,66
38,1988/2/10,3,10.7,28,1.2,308,0.004,0.047,0.149,0.01,0.586,1.408,61,16.765745,502.258915,23.606169,61
39,1988/3/9,3,13.6,30,1.2,320,0.003,0.037,0.019,0.007,0.363,1.057,61,54.408301,1554.312811,57.509574,61
40,1988/6/8,3,19.3,79,0.75,326,0.004,0.098,0.012,0.001,0.001,0.99,70,23.485139,237.247837,23.250288,70
41,1988/7/13,3,19.2,118,0.6,330,0.002,0.133,0.044,0.002,0.006,1.534,74,13.184692,152.070053,20.225317,74
42,1988/8/10,3,17.9,74,0.7,295,0.02,0.114,0.37,0.022,0.227,2.051,70,3.376837,60.753439,6.925892,70
43,1988/9/14,3,32.4,63,0.65,290,0.01,0.109,0.033,0.471,0.65,2.231,70,9.409294,192.588394,20.992135,70
44,1988/10/12,3,23.3,57,0.65,182,0.001,0.086,0.009,0.123,1.842,2.795,69,8.380319,272.360372,23.422992,69
45,1988/11/9,3,27.4,80,0.7,200,0.002,0.103,0.015,0.08,1.511,2.897,71,9.663249,271.790602,27.994432,71
46,1988/12/7,3,9.9,19,1.5,220,0.002,0.05,0.03,0.047,1.173,1.824,58,1.18905,43.37654,2.168827,58
47,1989/1/11,3,2.3,1,3.8,230,0.032,0.051,0.035,0.028,0.897,1.948,39,0.228091,8.712196,0.444322,39
48,1989/2/8,3,6.6,17,1.9,232,0.002,0.037,0.114,0.021,1.124,1.936,56,0.629694,32.948297,1.219087,56
49,1989/4/12,3,6.2,10,1.8,223,0.01,0.048,0.063,0.018,1.236,1.906,54,0.368803,14.644542,0.702938,54
50,1989/5/10,3,13.1,62,1,228,0.001,0.057,0.026,0.044,0.508,1.37,66,6.35813,152.818211,8.710638,66
51,1989/6/14,3,24.3,107,0.5,230,0.002,0.128,0.019,0.001,0.001,1.208,74,12.471623,117.700945,15.065721,74
52,1989/7/12,3,22.3,114,0.5,210,0.001,0.129,0.021,0.01,0.089,2.086,74,15.592781,252.143729,32.526541,74
53,1989/8/9,3,17.3,54,0.55,195,0.043,0.122,0.058,0.068,0.435,1.819,70,10.843251,161.67109,19.723873,70
54,1989/10/11,3,23.3,34,0.55,208,0.039,0.126,0.021,0.018,1.293,2.334,68,1.893064,35.066762,4.418412,68
55,1989/12/13,3,8.7,11,1.6,220,0.005,0.087,0.051,0.03,1.239,1.993,56,1.127377,25.826,2.246862,56
56,1990/1/10,3,3.9,3,2.1,235,0.026,0.056,0.378,0.028,1.35,2.253,47,0.232724,9.362982,0.524327,47
57,1990/2/7,3,5.5,16,1.9,245,0.002,0.032,0.194,0.014,1.155,1.827,55,7.912972,451.78125,14.457,55
58,1990/3/14,3,18.7,28,0.65,240,0.002,0.074,0.015,0.013,0.97,1.803,65,3.772752,91.922595,6.802272,65
59,1990/4/11,3,15.7,61,0.75,#N/A,0.004,0.073,0.036,0.027,0.585,1.532,68,12.513908,262.620644,19.171307,68
60,1990/5/9,3,16.7,80,0.7,#N/A,0.001,0.094,0.015,0.023,0.308,2.287,70,9.689328,235.739287,22.159493,70
61,1990/6/13,3,20.7,73,0.6,#N/A,0.001,0.102,0.022,0,0.001,1.033,71,19.417285,196.647598,20.058055,71
62,1990/7/11,3,20.7,95,0.55,#N/A,0.013,0.127,0.015,0.001,#N/A,1.218,73,13.858163,132.907425,16.879243,73
63,1990/8/8,3,24.7,99,0.45,#N/A,0.01,0.182,0.016,0.001,0,1.561,75,10.849135,93.052198,16.9355,75
64,1990/9/12,3,26.1,72,0.5,#N/A,0.004,0.13,0.021,0.001,0,1.117,72,23.910753,205.448546,26.708311,72
65,1990/11/7,3,19.7,53,0.55,235,0.003,0.107,0.084,0.029,0.572,1.739,70,10.114008,164.376262,17.58826,70
66,1990/12/12,3,36.2,91,0.45,222,0.001,0.13,0.016,0.041,1.18,2.3,74,16.870007,298.469362,38.801017,74
67,1991/1/9,3,9,11,1,240,0.003,0.058,0.266,0.035,1.418,2.36,57,0.891594,36.278655,2.104162,57
68,1991/2/6,3,15.2,20,0.7,241,0.004,0.068,0.152,0.021,1.104,1.909,62,3.792548,106.470206,7.239974,62
69,1991/3/13,3,19.2,34,0.75,248,0.003,0.07,0.041,0.012,0.951,1.738,65,2.938282,72.953343,5.106734,65
70,1991/4/10,3,20.8,82,0.6,252,0.001,0.087,0.016,0.014,0.398,1.469,71,25.968509,438.479759,38.147739,71
71,1991/5/8,3,20.6,59,0.55,260,0.001,0.103,0.021,0,0.015,1.098,70,11.559801,123.229728,12.692662,70
72,1991/6/12,3,15.6,42,1,#N/A,0.001,0.082,0.011,0,0.002,0.779,65,30.342763,288.256244,23.637012,65
73,1991/7/10,3,24.7,98,0.4,278,0.017,0.147,0.035,0.003,0.017,1.379,75,12.617058,118.36002,17.398923,75
74,1991/8/7,3,17.2,51,0.55,300,0.235,0.334,0.615,0.004,0.017,2.128,72,1.501977,9.569479,3.196206,72
75,1991/9/11,3,40,38,0.35,262,0.123,0.258,0.44,0.028,0.196,1.829,72,1.999764,14.176624,3.657569,72
76,1991/10/9,3,28.7,56,0.45,175,0.009,0.135,0.134,0.084,1.604,2.904,71,4.57143,98.336548,13.275434,71
77,1991/11/13,3,24.9,44,0.5,170,0.003,0.093,0.038,0.069,2.391,3.308,69,5.970845,212.382301,19.751554,69
78,1991/12/11,3,23.6,73,0.85,182,0.002,0.234,0.003,0.041,1.986,3.733,71,12.807655,204.320406,47.810975,71
79,1992/1/8,3,10.4,22,1,192,0.002,0.048,0.026,0.027,1.727,2.286,60,2.07267,98.710896,4.738123,60
80,1992/2/5,3,14.1,35,0.9,200,0.003,0.053,0.026,0.019,1.458,2.253,64,13.088341,556.377962,29.488032,64
81,1992/3/11,3,22.2,49,0.8,207,0.001,0.082,0.019,0.018,1.149,2.114,67,22.519791,580.571195,47.606838,67
82,1992/4/8,3,21.8,48,0.75,203,0.001,0.089,0.027,0.018,0.762,1.787,67,23.842131,478.717843,42.605888,67
83,1992/5/6,3,25,97,0.6,207,0.002,0.103,0.05,0.029,0.299,1.431,72,19.025607,264.326631,27.225643,72
84,1992/6/10,3,8.8,19,1.4,220,0.013,0.065,0.28,0.035,0.346,1.392,59,1.919434,41.105415,2.671852,59
85,1992/7/8,3,18.2,71,0.45,200,0.002,0.084,0.028,0.017,0.199,1.175,71,12.970174,181.428036,15.239955,71
86,1992/8/5,3,23.9,126,0.4,230,0.099,0.226,0.079,0.008,0.044,1.644,77,7.323571,53.274119,12.039951,77
87,1992/9/9,3,22.7,144,0.55,263,0.043,0.159,0.021,0,0,1.464,76,9.399218,86.543742,13.760455,76
88,1992/10/7,3,28.4,90,0.5,273,0.023,0.178,0.012,0.001,0.002,1.648,74,10.369744,96.007517,17.089338,74
89,1992/11/11,3,31,78,0.45,254,0.005,0.139,0.102,0.02,0.366,1.902,73,10.194027,139.489489,19.389039,73
90,1992/12/9,3,19.5,66,0.75,#N/A,0.001,0.109,0.011,0.017,0.624,2.006,69,6.676189,122.866385,13.392436,69
91,1993/1/6,3,14.3,59,1,242,0.002,0.077,0.023,0.018,1.154,2.138,67,5.169953,143.55013,11.05336,67
92,1993/2/10,3,19.6,68,0.75,262,0.002,0.095,0.026,0.008,0.75,1.747,69,7.828168,143.955895,13.67581,69
93,1993/3/10,3,22.6,82,0.8,246,0.001,0.099,0.018,0.011,0.584,1.758,70,11.506783,204.332566,20.228924,70
94,1993/4/7,3,35.5,166,0.55,244,0.001,0.169,0.013,0.006,0.053,1.75,77,18.854307,195.236911,32.995038,77
95,1993/5/12,3,22.5,80,0.65,257,0.003,0.132,0.025,#N/A,#N/A,1.256,72,12.277857,116.825667,15.420988,72
96,1993/6/8,3,28.9,105,0.6,278,0.001,0.163,0.015,0,0.001,1.204,74,72.606479,536.307982,87.418201,74
97,1993/7/7,3,20.9,99,0.65,274,0.013,0.126,0.118,0.009,0.043,1.469,73,12.743285,148.570524,18.719886,73
98,1993/8/11,3,29.6,129,0.5,207,0.056,0.173,0.302,0.024,0.394,2.3,76,13.122403,174.459699,30.181528,76
99,1993/9/8,3,11.7,49,0.85,200,0.013,0.135,0.667,0.04,0.49,1.952,68,1.223,17.683674,2.387296,68
100,1993/10/6,3,15.9,55,0.8,200,0.021,0.112,0.106,0.31,0.475,1.849,68,13.098032,216.234482,24.218262,68
101,1993/11/10,3,23.6,56,0.65,212,0.007,0.119,0.083,0.035,0.707,1.823,69,9.866952,151.155067,17.987453,69
102,1993/12/8,3,14.1,40,0.85,208,0.001,0.075,0.012,0.015,0.807,1.904,65,33.59392,852.837653,63.962824,65
103,1994/1/12,3,8,20,1.3,230,0.01,0.051,0.037,0.01,0.964,1.638,59,5.199479,166.99502,8.516746,59
104,1994/2/9,3,11.3,67,1,237,0.002,0.1,0.014,0.014,0.671,1.388,68,9.268862,128.6518,12.86518,68
105,1994/3/9,3,14.8,51,0.75,232,0.001,0.086,0.017,0.01,0.827,1.544,68,18.020262,323.526558,27.823284,68
106,1994/4/6,3,21.5,77,0.75,220,0.002,0.128,0.028,0.022,0.679,2.102,71,12.849069,211.005805,27.008743,71
107,1994/5/11,3,29.4,87,0.65,242,0.001,0.133,0.014,0,0.003,1.117,72,77.476194,650.683526,86.540909,72
108,1994/6/8,3,22.6,68,0.7,277,0.033,0.147,0.02,0,0.001,1.159,71,32.046047,252.662367,37.141368,71
109,1994/8/10,3,21.9,99,0.6,323,0.01,0.37,0.014,0,0,1.332,75,18.757125,67.525649,24.98449,75
110,1994/9/7,3,19.2,57,0.7,346,0.017,0.226,0.012,0,0,1.297,71,28.722017,164.833876,37.252456,71
111,1994/10/12,3,18.4,74,0.85,282,0.02,0.091,0.021,0.178,0.553,1.502,69,6.305956,104.082923,9.471546,69
112,1994/11/9,3,15.7,84,0.9,290,0.002,0.1,0.02,0.054,0.279,1.401,70,21.646541,303.26804,30.326804,70
113,1994/12/7,3,24.4,47,0.55,312,0.005,0.114,0.054,0.02,0.221,1.288,69,3.701001,41.814816,4.766889,69
114,1995/1/11,3,26.8,25,0.55,316,0.011,0.139,0.122,0.014,0.483,1.576,66,4.754063,53.902187,7.492404,66
115,1995/2/8,3,17.8,31,0.7,323,0.002,0.099,0.031,0.009,0.565,1.51,66,13.307975,202.980222,20.095042,66
116,1995/3/8,3,17.8,57,0.75,327,0.001,0.088,0.01,0.005,0.179,1.397,68,29.579454,469.57383,41.322497,68
117,1995/4/12,3,20,108,0.6,323,0.002,0.126,0.021,0.005,0.007,1.645,73,32.967559,430.409794,54.231634,73
118,1995/5/10,3,21.4,118,0.7,308,0.002,0.125,0.017,0,0.003,1.506,73,80.421525,968.918536,121.114817,73
119,1995/6/7,3,27.8,58,0.65,263,0.021,0.136,0.342,0.011,0.088,1.729,70,14.153944,179.942426,24.47217,70
120,1995/7/12,3,19.3,84,0.75,238,0.002,0.114,0.103,0.015,0.286,1.49,71,9.485846,123.981675,14.133911,71
121,1995/8/9,3,26.6,97,0.5,262,0.118,0.2,0.012,0,0.003,1.271,75,13.811176,87.770025,17.554005,75
122,1995/9/6,3,30.9,73,0.6,292,0.109,0.18,0.382,0.013,0.024,1.554,72,8.712472,75.217678,13.539182,72
123,1995/10/4,3,22,89,0.55,262,0.002,0.104,0.053,0.041,0.352,1.413,72,17.156768,233.101087,24.242513,72
124,1995/11/8,3,25.7,93,0.5,272,0.002,0.125,0.01,0.031,0.122,1.548,73,13.164453,163.028584,20.378573,73
125,1995/12/6,3,24.4,92,0.55,290,0.001,0.127,0.019,0.013,0.125,1.508,73,22.289239,264.66278,33.612173,73
128,1996/4/3,3,39.5,135,0.55,318,0.001,0.13,0.002,0,0.005,1.7,75,6.768851,88.515738,11.507046,75
129,1996/5/8,3,23.3,86,0.65,269,0.001,0.13,0,0.001,0,1.288,72,31.46546,311.7501,40.527513,72
130,1996/6/12,3,23.2,79,0.75,284,0.02,0.141,0.005,0,0,1.313,71,18.497712,172.251745,24.287496,71
131,1996/8/7,3,28.9,116,0.55,338,0.019,0.195,0.01,0,0,1.3,75,15.804476,105.363174,20.545819,75
132,1996/9/11,3,25.2,91,0.7,328,0.046,0.142,0.004,0,0,1.505,72,25.14799,266.533275,37.847725,72
133,1996/10/8,3,22.5,94,0.55,241,0.003,0.118,0.011,0.024,0.527,1.792,73,10.082391,153.115627,18.067644,73
134,1996/11/6,3,24.3,95,0.55,256,0.006,0.137,0,0.012,0.148,1.428,73,13.391829,139.587825,19.123532,73
135,1996/12/11,3,20.8,130,0.6,248,0.001,0.129,0.001,0.004,0.021,1.548,74,20.737877,248.854519,32.102233,74
136,1997/1/8,3,23.4,148,0.6,251,0,0.138,0.001,0.004,0.012,1.616,75,21.493743,251.694841,34.733888,75
137,1997/2/12,3,31.4,168,0.55,267,0,0.171,0.001,0.005,0.018,1.825,77,15.257007,162.830626,27.844037,77
138,1997/3/12,3,38.1,146,0.55,278,0.001,0.173,0.005,0,0.001,1.723,76,16.609795,165.425879,28.618677,76
139,1997/4/9,3,30.3,104,0.55,289,0.003,0.162,0.009,0,0.001,1.494,74,30.379485,280.166358,45.38695,74
140,1997/5/7,3,30.3,107,0.6,295,0.002,0.158,0.016,0,0.002,1.532,74,30.76955,298.347785,47.13895,74
141,1997/6/11,3,34.7,85,0.5,291,0.044,0.18,0.041,0,0.002,1.4,74,30.37802,236.273489,42.529228,74
142,1997/7/9,3,38.4,100,0.5,290,0.077,0.18,0.05,0.001,0.002,1.372,75,19.872128,151.469772,27.264559,75
143,1997/8/6,3,39.1,110,0.55,321,0.053,0.197,0.02,0,0,1.369,75,35.888663,249.398883,49.13158,75
144,1997/9/10,3,21.7,81,0.55,336,0.05,0.129,0.135,0.001,0.003,1.18,72,16.385641,149.884155,19.335056,72
145,1997/10/8,3,24.2,76,0.55,334,0.004,0.126,0.025,0.017,0.065,1.253,72,20.136296,200.244278,25.230779,72
146,1997/11/12,3,21.6,77,0.6,319,0.008,0.143,0.005,0,0.001,1.103,72,28.539508,220.133406,31.479077,72
147,1997/12/10,3,20.6,105,0.55,291,0.002,0.118,0.044,0.005,0.11,1.262,73,18.883613,201.958644,23.83112,73
148,1998/1/7,3,22.4,110,0.85,337,0.001,0.108,0.01,0.003,0.028,1.278,72,21.483727,254.224102,27.456203,72
149,1998/2/12,3,28.3,129,0.55,343,0.001,0.125,0.006,0.009,0.345,1.704,75,11.815893,161.074248,20.134281,75
150,1998/3/12,3,34,122,0.55,321,0.002,0.152,0.021,0.007,0.285,1.701,75,14.961636,167.43252,25.449743,75
151,1998/4/8,3,24.5,120,0.65,327,0.008,0.139,0.038,0.01,0.174,1.415,74,18.158527,184.851194,25.694316,74
152,1998/5/13,3,38.9,195,0.45,317,0.006,0.216,0.087,0.019,0.144,1.891,79,24.2523,212.319907,45.8611,79
153,1998/6/10,3,42.9,151,0.45,296,0.007,0.2,0.017,0.007,0.037,1.604,77,23.51761,188.611235,37.722247,77
154,1998/7/8,3,26.2,72,0.5,330,0.072,0.195,0.189,0.006,0.02,1.649,73,6.995515,59.156949,11.535605,73
155,1998/8/12,3,24.5,83,0.45,301,0.059,0.188,0.163,0.024,0.059,1.334,74,24.28055,172.288585,32.390254,74
156,1998/9/9,3,22,55,0.65,281,0.031,0.129,0.195,0.197,0.603,1.81,70,11.222729,157.466202,20.31314,70
157,1998/10/7,3,22.6,46,0.6,242,0.019,0.094,0.045,0.066,1.705,2.543,68,3.548297,95.992745,9.023318,68
158,1998/11/11,3,20.9,50,0.8,241,0.005,0.092,0.012,0.043,1.858,2.489,67,2.933549,79.36525,7.301603,67
159,1998/12/9,3,14.8,65,0.8,240,0.001,0.085,0.013,0.032,1.294,2.045,69,6.575028,158.187435,13.445932,69
160,1999/1/13,3,21.8,86,0.6,254,0.003,0.166,0.002,0.014,0.747,1.734,73,12.909574,134.850614,22.385202,73
161,1999/2/9,3,17.7,59,0.75,278,0.005,0.08,0.004,0.013,0.608,1.413,68,5.928002,104.703338,8.376267,68
162,1999/3/10,3,34.9,131,0.5,270,0.003,0.162,0.007,0.007,0.273,1.525,76,17.173474,161.663877,26.189548,76
163,1999/4/7,3,38,131,0.5,263,0.003,0.156,0.003,0.012,0.085,1.298,76,17.642226,146.792365,22.899609,76
164,1999/5/12,3,40,125,0.45,266,0.003,0.192,0.018,0.007,0.09,1.344,76,17.520666,122.644661,23.547775,76
165,1999/6/9,3,30.8,65,0.55,310,0.004,0.124,0.005,0,0.001,0.895,71,25.48446,183.940258,22.808592,71
166,1999/7/7,3,38.5,67,0.45,301,0.023,0.152,0.059,0.022,0.285,1.332,73,15.617679,136.860191,20.802749,73
167,1999/8/11,3,26.8,51,0.6,313,0.076,0.188,0.282,0.01,0.017,1.214,70,5.711894,36.88425,6.934239,70
168,1999/9/8,3,18.5,73,0.65,327,0.041,0.134,0.061,0.055,0.179,1.201,71,12.060494,108.094425,14.484653,71
169,1999/10/13,3,16,89,0.65,333,0.008,0.107,0.003,0.005,0.002,0.968,72,31.302188,283.182411,30.300518,72
170,1999/11/10,3,24.5,91,0.7,306,0.005,0.092,0.002,0.008,0.044,0.966,71,29.615613,310.963935,28.608682,71
171,1999/12/8,3,29.6,129,0.35,281,0.002,0.149,0.004,0.009,0.14,1.402,77,14.717519,138.482966,20.633962,77
172,2000/1/12,3,38.5,168,0.6,286,0.001,0.134,0.002,0.001,0,1.419,76,27.317473,289.279806,38.763494,76
173,2000/2/9,3,44.1,141,0.45,273,0.001,0.169,0.001,0.001,0,1.401,77,29.383121,243.584337,41.165753,77
174,2000/3/8,3,39,122,0.45,305,0.002,0.163,0.001,0,0,1.392,76,28.029975,239.372546,39.017725,76
175,2000/4/12,3,46.3,142,0.4,317,0.005,0.23,0.006,0.004,0.002,1.535,78,13.317829,88.88203,20.442867,78
176,2000/5/10,3,30,76,0.6,333,0.003,0.142,0.002,0,0,1.108,72,17.404588,135.80481,19.284283,72
177,2000/6/7,3,35.7,108,0.5,320,0.005,0.167,0.006,0.001,0,1.223,75,13.964464,102.266707,17.07854,75
178,2000/7/12,3,38.9,95,0.4,254,0.016,0.165,0.057,0.047,0.526,1.372,75,17.58378,146.211794,24.124946,75
179,2000/8/9,3,31.1,64,0.5,320,0.051,0.168,0.173,0.038,0.04,0.885,72,12.444878,65.557839,11.013717,72
180,2000/9/13,3,35.8,99,0.45,316,0.068,0.203,0.041,0.012,0.059,1.153,75,9.380331,53.278433,10.815522,75
181,2000/10/11,3,18.7,78,0.55,293,0.024,0.118,0.018,0.089,0.437,1.375,72,12.717825,148.194992,17.487009,72
182,2000/11/8,3,18.5,89,0.55,273,0.01,0.11,0.002,0.036,0.51,1.464,72,15.655104,208.3552,22.919072,72
183,2000/12/13,3,19.8,63,0.65,271,0.003,0.107,0.004,0.021,0.803,1.842,70,8.614413,148.29672,15.867749,70
184,2001/1/10,3,14.2,70,0.75,264,0.004,0.095,0.003,0.014,0.571,1.726,69,26.778743,486.527474,46.22011,69
185,2001/2/7,3,19.2,69,0.75,291,0.003,0.103,0.004,0.013,0.639,1.921,70,10.170091,189.677126,19.536744,70
186,2001/3/7,3,19.5,92,0.7,277,0.004,0.124,0.002,0.012,0.494,1.635,72,19.649148,259.083524,32.126357,72
187,2001/4/11,3,30.2,134,0.5,286,0.004,0.155,0.005,0.01,0.055,1.43,76,13.20878,121.861645,18.888555,76
188,2001/5/9,3,35.8,88,0.55,328,0.003,0.174,0.013,0.001,0,1.055,73,24.022838,145.655713,25.344094,73
189,2001/6/13,3,33.3,86,0.5,314,0.021,0.164,0.071,0.011,0.047,0.901,74,18.987501,104.315476,17.107738,74
190,2001/7/11,3,50.3,53,0.4,327,0.061,0.22,0.289,0.038,0.087,1.298,73,1.513787,8.931341,1.964895,73
191,2001/8/8,3,32.1,92,0.5,376,0.074,0.221,0.019,0.004,0.002,1.21,75,8.752113,47.91881,10.590057,75
192,2001/9/12,3,41.7,86,0.45,351,0.05,0.219,0.124,0.013,0.132,1.282,75,8.526856,49.915201,10.931429,75
193,2001/10/11,3,22.1,67,0.6,249,0.03,0.151,0.079,0.028,0.751,1.857,71,6.269238,77.099172,11.641975,71
194,2001/11/7,3,25.5,79,0.6,240,0.003,0.129,0.003,0.029,0.9,1.991,72,7.998349,123.44738,15.924712,72
195,2001/12/12,3,25.6,130,0.5,248,0.002,0.137,0,0.027,1.097,2.283,75,29.784514,496.336102,67.998046,75
196,2002/1/9,3,42.2,146,0.35,242,0.002,0.193,0.012,0.021,0.984,2.322,78,121.059866,1456.481917,281.10101,78
197,2002/2/13,3,43.8,161,0.5,249,0.002,0.154,0.003,0.013,0.652,1.971,77,78.132995,1000.00087,154.000134,77
198,2002/3/13,3,37.1,148,0.5,252,0.002,0.162,0,0.013,0.524,1.766,76,31.920094,347.968432,56.370886,76
199,2002/4/10,3,28.1,119,0.55,276,0.002,0.146,0.021,0.01,0.173,1.266,75,46.69789,404.928281,59.119529,75
200,2002/5/8,3,23.3,72,0.55,303,0.01,0.149,0.038,0.003,0.003,1.002,72,22.873777,153.822315,22.919525,72
201,2002/6/12,3,49.9,88,0.55,346,0.017,0.213,0.045,0.003,0.007,1.27,74,16.900461,100.768005,21.463585,74
202,2002/7/10,3,58.6,68,0.4,336,0.003,0.193,0.031,0.005,0.007,1.062,74,9.40476,51.750544,9.987855,74
203,2002/8/7,3,21.8,74,0.6,344,0.011,0.126,0,0.046,0.064,1.053,71,15.79246,131.979841,16.62946,71
204,2002/9/11,3,20.2,61,0.8,358,0.061,0.146,0.132,0.026,0.096,0.989,69,6.318034,42.798192,6.248536,69
205,2002/10/9,3,20.3,39,0.6,331,0.019,0.107,0.008,0.052,0.684,1.442,68,2.987295,40.258682,4.307679,68
206,2002/11/13,3,22.7,60,0.6,303,0.003,0.118,0.002,0.026,0.59,1.812,70,10.4848,161.003873,18.998457,70
207,2002/12/11,3,17.6,41,0.65,293,0.007,0.097,0.06,0.014,0.651,1.446,67,3.577257,53.326938,5.172713,67
208,2003/1/8,3,18.1,39,0.7,298,0.003,0.088,0.005,0.011,0.817,1.582,66,5.467448,98.289795,8.649502,66
209,2003/2/12,3,21.5,56,0.7,279,0.002,0.102,0.008,0.016,1.048,1.8,69,10.320681,182.129667,18.577226,69
210,2003/3/12,3,26.2,70,0.6,291,0.003,0.113,0.004,0.013,0.825,1.579,71,20.050226,280.170858,31.659307,71
211,2003/4/10,3,34.2,108,0.45,283,0.011,0.159,0.001,0.018,0.467,1.489,75,15.630725,146.378302,23.27415,75
212,2003/5/7,3,29.3,123,0.55,332,0.003,0.151,0,0.001,0.001,1.447,75,21.988661,210.71253,31.817592,75
213,2003/6/11,3,42.5,110,0.4,318,0.017,0.202,0.086,0.014,0.081,1.173,76,24.534119,142.467931,28.778522,76
214,2003/7/9,3,59.6,58,0.3,334,0.037,0.204,0.323,0.012,0.305,1.364,74,2.188251,14.631245,2.984774,74
215,2003/8/13,3,33.9,23,0.45,333,0.048,0.151,0.12,0.111,0.8,1.521,67,1.020437,10.278709,1.552085,67
216,2003/9/10,3,23.8,44,0.55,286,0.024,0.117,0.001,0.111,1.159,1.669,69,1.616252,23.055761,2.697524,69
217,2003/10/8,3,66.9,142,0.3,255,0.007,0.229,0.002,0.055,0.784,2.067,79,13.565043,122.440799,28.038943,79
218,2003/11/12,3,30.4,49,0.45,260,0.004,0.126,0.156,0.025,0.554,1.287,70,3.556326,36.325333,4.576992,70
219,2003/12/10,3,29.6,53,0.5,242,0.002,0.117,0.062,0.016,0.756,1.345,70,5.847291,67.218863,7.864607,70
220,2004/1/7,3,21.9,38,0.6,233,0.004,0.088,0.002,0.01,0.812,1.351,67,5.87253,90.156682,7.933788,67
221,2004/2/10,3,29.5,54,0.55,237,0.003,0.112,0.004,0.006,0.533,1.163,70,35.492465,368.551223,41.277737,70
222,2004/3/10,3,55.6,127,0.4,248,0.002,0.172,0,0.004,0.549,1.477,77,23.1051,198.408331,34.126233,77
223,2004/4/7,3,49.2,89,0.3,255,0.004,0.184,0.005,0.01,0.641,1.656,76,13.04311,117.387989,21.59939,76
224,2004/5/12,3,47.9,105,0.3,288,0.001,0.169,0.002,0.008,0.021,1.062,77,23.246239,146.079917,24.687506,77
225,2004/6/9,3,39.9,53,0.4,291,0.008,0.154,0.109,0.021,0.077,1.039,72,7.238962,48.839494,7.521282,72
226,2004/7/7,3,27.2,50,0.35,337,0.017,0.129,0.019,0.021,0.065,0.851,72,14.235779,93.912,12.114648,72
227,2004/8/11,3,21,36,0.7,363,0.043,0.142,0.045,0.012,0.055,1.613,67,3.173418,36.047345,5.118723,67
228,2004/9/9,3,42.6,38,0.5,349,0.048,0.185,0.003,0.011,0.423,1.208,70,5.252647,34.298368,6.345198,70
229,2004/10/14,3,26.6,25,0.55,235,0.038,0.152,0.132,0.029,1.037,1.759,66,2.376573,27.502579,4.180392,66
230,2004/11/10,3,15.9,51,0.8,180,0.002,0.085,0,0.06,2.126,2.601,67,8.620548,263.788765,22.422045,67
231,2004/12/8,3,21.8,62,0.7,191,0.003,0.114,0,0.038,2.253,2.718,70,10.614413,253.069947,28.849974,70
232,2005/1/12,3,19.4,65,0.65,211,0,0.093,0,0.024,1.619,2.441,70,15.876975,416.727925,38.755697,70
233,2005/2/9,3,19.8,110,0.5,202,0.002,0.11,0,0.02,1.503,2.585,74,33.989065,798.743036,87.861734,74
234,2005/3/9,3,32.7,111,0.55,217,0.002,0.149,0,0.021,1.31,2.271,74,75.365371,1148.689651,171.154758,74
235,2005/4/13,3,33.4,101,0.6,235,0.005,0.178,0.047,0.036,0.736,1.903,74,33.213384,355.084657,63.205069,74
236,2005/5/11,3,52.8,110,0.3,239,0.035,0.244,0.096,0.029,0.102,1.787,78,16.131377,118.142504,28.826771,78
237,2005/6/8,3,42.8,81,0.4,279,0.002,0.183,0,0,0,1.126,74,60.522735,372.396721,68.1486,74
238,2005/7/13,3,56.5,22,0.3,301,0.048,0.211,0.353,0.03,0.496,1.647,69,0.742398,5.794924,1.222729,69
239,2005/8/10,3,19.4,30,0.55,318,0.044,0.143,0.103,0.037,0.236,1.055,67,8.2019,60.510524,8.653005,67
240,2005/9/8,3,30.9,66,0.35,283,0.077,0.204,0.157,0.044,0.09,1.363,74,6.997847,46.755225,9.538066,74
241,2005/10/12,3,26.2,50,0.55,290,0.036,0.134,0,0.079,0.588,1.28,70,5.788136,55.289657,7.408814,70
242,2005/11/9,3,28.3,61,0.4,240,0.003,0.137,0.003,0.029,1.114,1.767,72,8.444609,108.916964,14.921624,72
243,2005/12/7,3,25.8,86,0.6,245,0.002,0.112,0.005,0.015,0.758,1.723,72,41.395625,636.827339,71.324662,72
244,2006/1/11,3,25.4,74,0.6,225,0.001,0.102,0,0.013,0.638,1.66,71,76.704892,1248.33451,127.33012,71
245,2006/2/8,3,30.4,67,0.5,244,0.001,0.105,0,0.015,0.673,1.625,71,69.846842,1080.963029,113.501118,71
246,2006/3/8,3,36.6,86,0.4,257,0.002,0.134,0,0.012,0.424,1.234,74,151.533952,1395.469381,186.992897,74
247,2006/4/12,3,98.8,110,0.2,263,0.011,0.308,0.054,0.002,0.007,1.622,80,39.459257,207.801672,64.002915,80
248,2006/5/10,3,20.9,59,0.5,277,0.005,0.147,0.002,0,0,1.077,71,18.195402,133.30917,19.596448,71
249,2006/6/7,3,40,84,0.5,300,0.005,0.207,0.002,0,0,1.012,74,60.22426,294.429715,60.946951,74
250,2006/7/12,3,60.7,52,0.35,258,0.049,0.212,0.091,0.094,0.549,1.448,73,4.339254,29.637925,6.28324,73
251,2006/8/9,3,29.4,74,0.55,257,0.024,0.153,0.059,0.043,0.291,1.276,72,8.980807,74.898758,11.45951,72
252,2006/9/13,3,19.8,69,0.55,268,0.067,0.189,0.054,0.081,0.103,0.811,72,12.900517,55.356185,10.462319,72
253,2006/10/11,3,18,60,0.6,226,0.02,0.135,0.008,0.065,0.782,1.569,70,6.703115,77.905096,10.517188,70
254,2006/11/8,3,41,75,0.45,209,0.013,0.186,0,0.05,0.931,1.82,74,9.577085,93.711258,17.430294,74
255,2006/12/13,3,22.3,92,0.7,223,0,0.127,0.001,0.02,0.784,1.712,72,17.778905,239.665236,30.437485,72
256,2007/1/10,3,37.3,72,0.4,189,0.004,0.176,0.057,0.017,1.41,2.3,74,4.216633,55.103727,9.698256,74
257,2007/2/7,3,25.4,124,0.55,198,0.003,0.129,0.003,0.021,1.444,2.588,75,4.790637,96.109829,12.398168,75
258,2007/3/7,3,35.7,179,0.5,209,0.003,0.169,0.001,0.016,0.64,1.991,78,10.229514,120.514574,20.366963,78
259,2007/4/11,3,71.2,208,0.3,209,0.01,0.326,0.002,0.019,0.079,1.986,82,7.144645,43.52535,14.189264,82
260,2007/5/9,3,20.8,66,0.55,265,0.014,0.17,0.002,0,0,1.092,72,6.756916,43.403247,7.378552,72
261,2007/6/13,3,27.8,79,0.55,276,0.041,0.2,0,0,0,1.199,73,8.169641,48.977,9.7954,73
262,2007/7/11,3,58.4,61,0.3,294,0.063,0.23,0.203,0.054,0.199,1.491,75,4.194988,27.194465,6.254727,75
263,2007/8/8,3,22.1,74,0.6,279,0.015,0.128,0.059,0.038,0.237,1.323,71,4.012596,41.473938,5.308664,71
264,2007/10/10,3,23.3,84,0.65,276,0.036,0.165,0.04,0.073,0.204,1.425,72,7.841366,67.720885,11.173946,72
265,2007/11/7,3,20.6,60,0.5,255,0.014,0.124,0,0.041,0.514,1.355,71,6.44983,70.48,8.73952,71
266,2007/12/12,3,19.3,111,0.65,244,0.002,0.123,0,0.023,0.394,1.535,73,10.439758,130.284789,16.025029,73
267,2008/1/9,3,23.1,115,0.85,236,0.001,0.144,0,0.022,0.607,1.755,73,14.803883,180.422326,25.980815,73
268,2008/2/13,3,30.8,126,0.5,249,0.001,0.149,0,0.014,0.329,1.687,75,25.226494,285.618087,42.557095,75
269,2008/3/12,3,34.4,161,0.55,282,0.001,0.154,0,0.01,0.049,1.545,76,30.229381,303.275286,46.704394,76
270,2008/5/7,3,31.4,104,0.55,278,0.002,0.196,0,0,0,1.464,75,10.661001,79.631153,15.607706,75
271,2008/6/11,3,23.1,67,0.6,291,0.002,0.148,0.001,0,0,1.468,71,6.464299,64.118858,9.489591,71
272,2008/7/9,3,32.3,54,0.55,291,0.029,0.159,0.095,0.139,0.244,1.376,71,4.455526,38.558516,6.130804,71
273,2008/8/6,3,26.1,47,0.55,323,0.076,0.17,0.172,0.051,0.353,1.216,70,2.006434,14.351906,2.439824,70
274,2008/9/10,3,29.2,12,0.45,271,0.057,0.145,0.037,0.121,1.182,1.863,63,0.21986,2.824828,0.4096,63
275,2008/10/8,3,21.9,33,0.7,249,0.011,0.106,0.046,0.054,1.107,1.735,66,2.883923,47.20384,5.003607,66
276,2008/11/12,3,22.9,44,0.75,239,0.007,0.116,0.004,0.034,0.881,1.609,67,3.427034,47.535319,5.514097,67
277,2008/12/10,3,18.6,69,0.7,239,0.002,0.111,0,0.019,0.712,1.439,70,6.050992,78.444838,8.707377,70
278,2009/1/7,3,18.3,83,0.8,228,0.002,0.098,0,0.022,0.762,1.869,70,10.33009,197.009582,19.306939,70
279,2009/2/12,3,23,103,0.7,238,0.001,0.113,0,0.015,0.547,1.831,72,10.957394,177.548566,20.062988,72
280,2009/3/12,3,30.1,122,0.5,228,0.003,0.141,0,0.026,0.976,1.971,75,16.476255,230.317014,32.474699,75
281,2009/4/8,3,32.5,151,0.45,245,0.002,0.157,0,0.01,0.128,1.745,77,30.176995,335.406726,52.658856,77
282,2009/5/13,3,23,80,0.55,266,0.002,0.148,0.002,0,0,1.18,73,31.306686,249.607365,36.94189,73
283,2009/6/10,3,26.7,94,0.6,284,0.024,0.177,0.008,0.004,0.016,1.145,73,20.27726,131.172107,23.217463,73
284,2009/8/12,3,29.6,34,0.5,286,0.071,0.17,0.266,0.03,0.079,1.336,69,3.968927,31.191094,5.302486,69
285,2009/9/9,3,26.9,66,0.55,262,0.033,0.156,0.008,0.097,0.379,1.265,72,10.65043,86.364064,13.472794,72
286,2009/10/7,3,22,43,0.65,273,0.046,0.137,0.14,0.064,0.3,1.107,68,5.258359,42.489073,5.821003,68
287,2009/11/11,3,17.4,65,0.8,243,0.002,0.1,0.021,0.03,0.528,1.312,69,9.991543,131.08905,13.108905,69
288,2009/12/9,3,13.5,48,0.85,235,0.002,0.081,0.003,0.028,1.055,2.04,67,4.362012,109.858074,8.898504,67
289,2010/1/14,3,19.2,76,0.7,232,0.002,0.103,0,0.02,1.149,1.83,70,17.814141,316.50367,32.599878,70
290,2010/2/10,3,25.5,82,0.6,249,0.002,0.117,0,0.016,0.81,1.905,72,18.271303,297.494291,34.806832,72
291,2010/3/10,3,28.5,167,0.6,235,0.002,0.138,0,0.016,0.669,1.835,76,30.741927,408.778522,56.411436,76
292,2010/4/7,3,32.8,195,0.55,242,0.003,0.192,0.001,0.018,0.213,1.867,78,31.515095,306.451474,58.838683,78
293,2010/5/12,3,27.5,96,0.55,234,0.005,0.167,0,0,0.002,1.326,74,15.97761,126.864138,21.186311,74
294,2010/6/9,3,22.7,69,0.75,248,0.056,0.189,0.139,0.002,0.003,1.358,71,6.893644,49.532111,9.361569,71
295,2010/7/7,3,22,16,0.6,258,0.1,0.183,0.802,0.089,0.458,1.804,64,2.184581,21.535437,3.940985,64
296,2010/8/18,3,28.6,84,0.6,287,0.093,0.229,0.008,0.046,0.108,1.284,73,14.689548,82.364105,18.86138,73
297,2010/9/8,3,33.1,74,0.5,296,0.143,0.273,0.192,0.109,0.073,1.465,74,8.188764,43.943366,11.996539,74
298,2010/10/13,3,17.9,38,0.6,224,0.02,0.107,0.036,0.144,1.222,1.907,67,3.178573,56.649897,6.061539,67
299,2010/11/10,3,20.1,32,0.65,201,0.005,0.09,0.006,0.059,1.701,2.177,66,2.802439,67.787878,6.100909,66
300,2010/12/8,3,11.6,37,0.75,194,0.002,0.073,0.011,0.043,1.67,2.199,65,3.981247,119.928247,8.754762,65
301,2011/1/12,3,11.3,29,0.9,205,0.001,0.058,0.002,0.028,1.803,2.356,63,3.218131,130.72269,7.581916,63
302,2011/2/9,3,15.5,39,1.05,221,0.001,0.065,0.004,0.024,1.79,2.37,64,6.031766,219.927462,14.295285,64
303,2011/3/9,3,17.3,70,0.9,206,0.001,0.074,0,0.022,1.368,2.27,68,16.838871,516.543743,38.224237,68
304,2011/4/13,3,24.7,85,0.6,226,0.002,0.099,0,0.036,0.606,1.729,72,46.103625,805.183515,79.713168,72
305,2011/5/11,3,22.7,80,0.5,258,0.002,0.13,0,0,0,1.376,73,56.170536,594.543515,77.290657,73
306,2011/6/8,3,19.3,52,0.75,251,0.002,0.106,0.004,0.008,0.035,1.325,68,23.795745,297.446811,31.529362,68
307,2011/7/6,3,19,46,1,297,0.029,0.118,0.179,0.09,0.195,1.383,67,11.83048,138.657237,16.361554,67
308,2011/8/10,3,37,75,0.3,290,0.028,0.168,0,0,0,1.367,75,69.764351,567.665881,95.367868,75
309,2011/9/7,3,37.6,35,0.4,266,0.068,0.171,0.005,0.027,0.949,1.856,70,6.431527,69.806515,11.936914,70
310,2011/10/12,3,20.7,39,0.6,207,0.018,0.065,0.002,0.112,1.273,2.058,66,2.838098,89.858538,5.840805,66
311,2011/11/9,3,19.3,69,0.7,203,0.001,0.088,0,0.05,1.195,2.051,70,13.712741,319.600352,28.124831,70
312,2011/12/7,3,14.3,35,0.85,203,0.004,0.083,0.118,0.038,1.14,2.066,65,8.604394,214.176831,17.776677,65
313,2012/1/11,3,10.1,43,1.1,217,0.003,0.064,0.001,0.024,1.15,2.05,64,10.555159,338.094938,21.638076,64
314,2012/2/8,3,12.2,52,1.05,213,0.002,0.058,0.026,0.018,1.004,1.845,65,19.159262,609.462741,35.348839,65
315,2012/3/7,3,13.9,68,1.1,226,0.001,0.055,0.041,0.017,0.747,1.657,66,28.69117,864.386691,47.541268,66
