,lake.name,date,PERMANENT_ID,year,month,day,Z.max,sample.depth,sample.layer,TotalP.ug.L,MRP.ug.L,TFP.ug.L,TotalN,chl.a.ug.L,Fe,secchi_m,TSIc,FID
1,Big Moose,1994/6/30,131843856,1994,6,30,22.8,6,Ye,5.5,3.2,2.4,0.66,0.82,0.2,3.8,32.26262068,S1
2,Big Moose,1994/7/25,131843856,1994,7,25,23,6,Ye,4.8,1.6,0.5,0.57,0.94,0.14,5.2,31.32376048,S2
3,Big Moose,1994/8/30,131843856,1994,8,30,22.4,9,Ye,1.5,1.6,3.8,0.43,1.88,0.05,6.1,31.57851859,S3
4,Big Moose,1995/8/7,131843856,1995,8,7,22,7,Ye,1.2,2.49,7.7,0.7,1.24,0.17,5,29.70049645,S4
5,Big Moose,1995/9/12,131843856,1995,9,12,22.8,10,Ye,1.3,1.79,4.12,0.42,0.48,0.13,5.8,24.22577082,S5
6,Big Moose,1996/6/26,131843856,1996,6,26,18.6,3,Ye,8.43,1.81,0.5,0.46,1.28,0.16,3.3,36.22915605,S6
7,Big Moose,1996/7/23,131843856,1996,7,23,22,6,Ye,5.13,0.5,0.5,0.59,0.45,0.2,3.2,29.65566784,S7
8,Big Moose,1996/8/20,131843856,1996,8,20,21.8,5,Ye,7.71,0.5,0.5,0.62,0.43,0.12,4.5,28.91335493,S8
9,Big Moose,1997/7/9,131843856,1997,7,9,22,5,Ye,5,1.07,0.5,0.51,1.23,0.13,8.5,30.74101533,S9
10,Big Moose,1997/8/19,131843856,1997,8,19,21.3,6,Ye,5.4,1.2,1.7,0.49,1.6,0.14,5.3,34.33665889,S10
11,Big Moose,1998/7/14,131843856,1998,7,14,21,4,Ye,6.25,1.63,2.25,0.54,1.43,0.15,3,36.52079611,S11
12,Big Moose,1998/8/17,131843856,1998,8,17,22.5,6,Ye,6,2.39,5.3,0.39,3.35,0.21,3.7,40.03689195,S12
13,Big Moose,1999/6/30,131843856,1999,6,30,18,4,Ye,5.17,2.24,1.48,0.41,1.01,0.17,6.2,31.1260161,S13
14,Big Moose,1999/8/24,131843856,1999,8,24,19,6,Ye,3.25,2.29,0.5,0.47,1.58,0.16,5.2,33.15811408,S14
15,Big Moose,2000/7/19,131843856,2000,7,19,21.6,7,Ye,3.99,3.22,2.26,0.39,1.71,0.24,3.5,35.75347855,S15
16,Big Moose,2001/8/8,131843856,2001,8,8,21.3,4,Ye,4.07,0.5,1.7,0.39,1.61,0.13,6.5,32.83157686,S16
17,Big Moose,2002/8/14,131843856,2002,8,14,21.2,6,Ye,3.7,3.92,1.77,0.35,0.98,0.13,6.2,30.17996081,S17
18,Big Moose,2002/9/17,131843856,2002,9,17,21.3,9,Ye,3.4,1.35,1.41,0.35,1.45,0.13,7,31.53715811,S18
19,Big Moose,2003/7/16,131843856,2003,7,16,22,6,Ye,5.1,1.11,0.5,0.49,1.53,0.19,4.8,34.38941267,S19
20,Big Moose,2003/9/5,131843856,2003,9,5,20,7,Ye,3.01,0.5,1.44,0.37,3.12,0.13,4.3,37.39553581,S20
21,Big Moose,2004/7/7,131843856,2004,7,7,22.5,6,Ye,6.04,0.5,1.39,0.35,1.41,0.13,4.7,34.4444472,S21
22,Big Moose,2004/8/10,131843856,2004,8,10,24,6,Ye,1.61,1.64,1.57,0.37,3.31,0.13,4.5,36.04342741,S22
23,Big Moose,2005/7/20,131843856,2005,7,20,23.3,4,Ye,2.32,0.5,1.27,0.41,3.15,0.34,4.1,37.03807004,S23
24,Big Moose,2005/8/17,131843856,2005,8,17,23.2,5,Ye,3.34,2.48,2.93,0.23,4.74,0.26,4.9,39.29642611,S24
25,Big Moose,2006/7/17,131843856,2006,7,17,22.6,4,Ye,5.85,3.31,1.77,0.38,4.3,0.44,3.95,41.02008097,S25
26,Big Moose,2006/8/16,131843856,2006,8,16,20.5,6,Ye,7.81,3.84,1.1,0.31,4.05,0.13,4.1,41.22246024,S26
27,Big Moose,2007/7/12,131843856,2007,7,12,21,5,Ye,3.7,4.81,2.35,0.24,1.78,0.13,4.9,34.34862444,S27
28,Big Moose,2007/7/31,131843856,2007,7,31,21,6,Ye,7.8,4.18,0.5,0.4,3.05,0.16,4.9,38.95437558,S28
29,Big Moose,2008/7/1,131843856,2008,7,1,20.9,5,Ye,3.76,3.87,0.5,0.25,0.41,0.13,4.5,26.97318659,S29
30,Big Moose,2008/8/4,131843856,2008,8,4,20.5,6,Ye,4.93,1.28,0.91,0.33,3.58,0.13,3,40.82452946,S30
31,Big Moose,2010/7/8,131843856,2010,7,8,21,1,Ye,5.21,4.8,0.13,0.22,3.4,0.13,2.8,40.97636561,S31
32,Big Moose,2010/8/18,131843856,2010,8,18,22.5,6,Ye,4.78,3.5,4.12,0.26,7.57,0.14,3.5,44.05902791,S32
33,Big Moose,2011/7/12,131843856,2011,7,12,21.5,5,Ye,8.69,2.04,2.65,0.35,3.33,0.29,2.8,42.0686422,S33
34,Big Moose,2011/8/9,131843856,2011,8,9,21,5,Ye,4.62,5.29,1.46,0.2,3.63,0.36,2.8,41.04062828,S34
35,Big Moose,2012/7/9,131843856,2012,7,9,21,4,Ye,4.758,3.06,4.541,0.463,4.2,0.231,3.3,41.17926514,S35
36,Big Moose,2012/8/7,131843856,2012,8,7,18,6,Ye,3.882,3.06,0.381,0.468,4.32,0.195,5.9,38.36355891,S36
37,Brooktrout,1994/7/13,131845828,1994,7,13,20,5,Ye,4.8,1.5,0.5,0.22,0.38,0.05,7.2,25.1331266,S37
38,Brooktrout,1994/7/26,131845828,1994,7,26,23,5,Ye,1.3,1.6,1.1,0.27,0.21,0.05,7.7,18.6337978,S38
39,Brooktrout,1994/8/22,131845828,1994,8,22,24.3,7,Ye,0.5,1,0.5,0.24,0.16,0.05,9.9,13.87179675,S39
40,Brooktrout,1995/6/12,131845828,1995,6,12,19.5,4,Ye,3.6,3.8,2.8,0.52,0.41,0.05,7.4,24.74220783,S40
41,Brooktrout,1995/8/14,131845828,1995,8,14,24.5,9,Ye,0.5,0.5,0.5,0.31,0.36,0.05,11.4,17.56383453,S41
42,Brooktrout,1995/9/5,131845828,1995,9,5,20,10,Ye,0.5,1.02,0.5,0.2,0.71,0.05,11.7,21.05045258,S42
43,Brooktrout,1996/7/17,131845828,1996,7,17,21.5,4,Ye,2.31,1.34,0.5,0.15,0.92,0.05,6.2,28.73800976,S43
44,Brooktrout,1996/8/13,131845828,1996,8,13,20.2,5,Ye,1,1.83,0.5,0.33,1.62,0.05,6.1,29.83699425,S44
45,Brooktrout,1997/7/7,131845828,1997,7,7,21.5,4,Ye,3,2.01,0.5,0.21,2.19,0.13,4,35.82231326,S45
46,Brooktrout,1997/8/11,131845828,1997,8,11,23.5,4,Ye,4.7,1.7,1.6,0.26,2.8,0.05,4.5,37.67513435,S46
47,Brooktrout,1998/7/7,131845828,1998,7,7,23,3,Ye,4.29,2.79,3.05,0.19,12.26,0.05,3.9,45.89582283,S47
48,Brooktrout,1998/8/12,131845828,1998,8,12,24.5,5,Ye,2.1,1.74,1.7,0.24,2.99,0.05,6.1,34.82738526,S48
49,Brooktrout,1999/7/6,131845828,1999,7,6,21,4,Ye,1.83,0.5,3.66,0.21,1.48,0.06,6.2,30.70902294,S49
50,Brooktrout,1999/8/16,131845828,1999,8,16,24,6,Ye,8.63,0.5,1.59,0.17,2.93,0.05,6,38.11266541,S50
51,Brooktrout,2000/7/11,131845828,2000,7,11,24.5,4,Ye,4.68,3.13,0.5,0.23,10.72,0.05,2.6,47.12456289,S51
52,Brooktrout,2000/8/14,131845828,2000,8,14,24,4,Ye,5,4.32,2.26,0.25,8.63,0.1,2.3,46.6559022,S52
53,Brooktrout,2001/7/9,131845828,2001,7,9,22.3,5,Ye,3.42,1.76,1.04,0.24,2.43,0.13,5.3,35.47678446,S53
54,Brooktrout,2001/9/5,131845828,2001,9,5,23.8,6,Ye,3.55,3.5,1.08,0.2,6.48,0.13,4.6,41.36654971,S54
55,Brooktrout,2004/7/12,131845828,2004,7,12,21,4,Ye,2.24,1.18,1.5,0.32,0.6,0.13,5,27.32196751,S55
56,Brooktrout,2005/7/11,131845828,2005,7,11,23.5,4,Ye,2.64,0.5,0.5,0.32,2.81,0.13,5.3,35.63801688,S56
57,Brooktrout,2005/8/8,131845828,2005,8,8,23,4,Ye,2.56,1.72,0.5,0.23,1.29,0.13,6.2,30.77018982,S57
58,Brooktrout,2006/7/11,131845828,2006,7,11,23,3,Ye,3.07,2.58,1.07,0.25,2.74,0.13,2.95,38.36658722,S58
59,Brooktrout,2006/8/9,131845828,2006,8,9,24.5,4,Ye,4.77,2.63,1.36,0.23,4.86,0.13,4.8,40.35476017,S59
60,Brooktrout,2007/7/17,131845828,2007,7,17,23.2,5,Ye,2.71,1.03,0.67,0.33,2.68,0.13,7,34.2579559,S60
61,Brooktrout,2007/8/2,131845828,2007,8,2,23,4,Ye,3.89,3.79,0.5,0.29,2.65,0.23,6,35.7076502,S61
62,Brooktrout,2008/8/7,131845828,2008,8,7,24.3,5,Ye,3.38,1.8,1.2,0.13,3.21,0.13,4.7,37.4380102,S62
63,Brooktrout,2010/7/15,131845828,2010,7,15,21,5,Ye,4.71,12.8,0.01,0.32,2.65,0.13,6.25,35.98253451,S63
64,Brooktrout,2010/8/10,131845828,2010,8,10,22.8,5,Ye,2.36,1.51,1.65,0.1,3.27,0.13,5.1,36.34223147,S64
65,Brooktrout,2011/7/19,131845828,2011,7,19,21.5,3,Ye,3.25,1.45,2.66,0.2,0.7,0.21,6.4,27.95685312,S65
66,Brooktrout,2011/8/17,131845828,2011,8,17,22,6,Ye,1.57,2.51,2.82,0.19,1,0.03,6.7,27.94010247,S66
67,Brooktrout,2012/7/19,131845828,2012,7,19,19,5,Ye,5.22,1.9,0.381,0.299,1.24,0.044,5.2,32.98823034,S67
68,Brooktrout,2012/8/14,131845828,2012,8,14,21.5,6,Ye,2.912,2.12,0.381,0.312,1.27,0.046,5.8,31.27565652,S68
69,Carry,1994/7/14,89365069,1994,7,14,4.3,4,N,6.5,0.5,3.8,0.16,1.95,0.05,4.3,36.71526865,S69
70,Carry,1994/7/26,89365069,1994,7,26,4,3,N,7.6,1.4,2.9,0.19,1.39,0.12,4,35.59896398,S70
71,Carry,1994/8/22,89365069,1994,8,22,4,3,N,14.3,3.6,7,0.33,2.38,0.19,4,39.93364074,S71
72,Carry,1995/6/12,89365069,1995,6,12,4,3.5,N,24.5,3.8,7.2,0.42,3.3,0.05,4,42.93046708,S72
73,Carry,1995/8/14,89365069,1995,8,14,3.8,3.5,N,18.5,5.9,3.5,0.39,3.69,0.1,2.25,45.32438418,S73
74,Carry,1995/9/5,89365069,1995,9,5,3.8,3.5,N,6.66,4.7,2.5,0.16,2.47,3.7,2.1,41.09188705,S74
75,Carry,1996/6/27,89365069,1996,6,27,4.5,2,Ye,8.08,0.5,2,1.29,2.41,0.05,4.5,38.15411143,S75
76,Carry,1996/7/17,89365069,1996,7,17,4.3,2,Ye,9,0.98,5.13,0.45,0.88,0.05,4.3,33.26521716,S76
77,Carry,1996/8/13,89365069,1996,8,13,4.3,3,N,11.03,3.13,4.58,0.24,2.58,0.05,4,39.75080709,S77
78,Carry,1997/7/7,89365069,1997,7,7,3.8,3,N,9.4,1.42,4.6,0.22,1.08,0.16,4.2,34.55301022,S78
79,Carry,1997/8/11,89365069,1997,8,11,4,3.5,N,22.8,3.3,4,0.33,3.9,0.14,2.5,45.65789918,S79
80,Carry,1998/7/7,89365069,1998,7,7,4.6,4,N,8.52,1.89,4.39,0.21,0.98,0.05,4.6,33.4179221,S80
81,Carry,1998/8/12,89365069,1998,8,12,4.2,3,N,7.6,0.5,2.68,0.21,2.19,0.12,4.2,37.79833967,S81
82,Carry,1999/7/6,89365069,1999,7,6,4.2,3,Ye,22.85,5.18,3.66,0.78,0.57,0.16,4.2,33.25532399,S82
83,Carry,1999/8/16,89365069,1999,8,16,3.8,3,N,23,1.37,9.67,0.42,2.82,0.29,3.5,42.52077634,S83
84,Carry,2000/7/11,89365069,2000,7,11,4.3,4,N,8.46,0.87,5.37,0.2,6.14,0.11,4.32,43.39095883,S84
85,Carry,2000/8/14,89365069,2000,8,14,3.9,3,N,8.51,1.01,3.44,0.24,1.22,0.11,3.9,35.28207945,S85
86,Carry,2001/7/9,89365069,2001,7,9,3.8,3,N,13.08,1.13,4.6,0.05,0.84,0.13,3.8,34.42656376,S86
87,Carry,2001/9/5,89365069,2001,9,5,3.4,3,N,15.73,5.43,6.13,0.44,3.15,0.32,3.4,42.33807877,S87
88,Carry,2002/9/20,89365069,2002,9,20,4,3.5,N,10.17,1.13,4.91,0.3,2.31,0.13,4,38.97442016,S88
89,Carry,2003/7/8,89365069,2003,7,8,4,3.5,N,12.05,1.44,3.01,0.15,2.28,0.13,4,39.30386289,S89
90,Carry,2003/8/5,89365069,2003,8,5,3.9,3.5,N,10.54,1.11,3.94,0.2,1.9,0.13,3.9,38.13169076,S90
91,Carry,2004/7/12,89365069,2004,7,12,4.5,4,N,9.23,1.18,5.39,0.19,1.42,0.13,4.5,35.66471549,S91
92,Carry,2005/7/11,89365069,2005,7,11,4.6,3.5,N,10.94,0.5,4.71,0.19,1.11,0.13,4.6,34.6654179,S92
93,Carry,2005/8/8,89365069,2005,8,8,4.2,4,N,11.16,1.39,5.4,0.18,1.99,0.13,4.2,38.19404191,S93
94,Carry,2006/8/8,89365069,2006,8,8,4.4,2,Ye,14.04,3.37,7.35,0.33,3.77,0.13,3.4,43.02272445,S94
95,Cascade,1994/8/22,131844130,1994,8,22,6.1,5,N,6.4,2.1,2.1,0.41,1.56,0.12,5.5,34.4433531,S95
96,Cascade,1995/6/13,131844130,1995,6,13,5.3,5,N,7.3,2.1,5.9,NA,0.54,0.05,5,29.54066059,S96
97,Cascade,1995/8/15,131844130,1995,8,15,5.8,5,N,3.1,0.5,NA,0.4,0.81,0.05,5.8,29.04026424,S97
98,Cascade,1995/9/6,131844130,1995,9,6,5.7,5.5,N,1.56,0.5,1.3,0.28,0.87,0.05,5.7,27.87914444,S98
99,Cascade,1996/6/18,131844130,1996,6,18,5.9,2,Ye,2.4,1.48,0.5,0.58,0.16,0.05,5.8,19.84705962,S99
100,Cascade,1996/7/17,131844130,1996,7,17,6,4,Ye,4.98,0.5,0.5,0.48,1.62,0.05,5.25,34.25271825,S100
101,Cascade,1996/8/13,131844130,1996,8,13,6,5,N,3.34,2.2,2.47,0.43,1.85,0.05,4.1,35.07522083,S101
102,Cascade,1997/7/7,131844130,1997,7,7,5.5,4,N,3,1.42,1.5,0.53,0.59,0.15,4.5,28.37050723,S102
103,Cascade,1997/8/11,131844130,1997,8,11,5.8,5,N,5.8,1,3.1,0.55,1.8,0.05,3.8,36.55246828,S103
104,Cascade,1998/7/7,131844130,1998,7,7,6.2,3,Ye,4.29,1.49,1.37,0.38,1.31,0.05,5,32.98581138,S104
105,Cascade,1998/8/11,131844130,1998,8,11,5.7,5,N,6.47,1.99,3.51,0.39,1.93,0.05,5.7,35.4435243,S105
106,Cascade,1999/7/7,131844130,1999,7,7,5.8,5,N,3.71,1.23,4.86,0.43,1.07,0.07,5.8,30.93716533,S106
107,Cascade,1999/8/17,131844130,1999,8,17,5.6,5,N,7.3,0.5,2.24,0.3,1.29,0.23,5.6,33.66876603,S107
108,Cascade,2000/7/11,131844130,2000,7,11,5.8,5,N,6.57,1.4,3.13,0.42,1.37,0.05,5.8,33.5896743,S108
109,Cascade,2000/8/15,131844130,2000,8,15,5.7,5,N,7.99,1.3,2.6,0.38,1.37,0.1,5.7,34.12403775,S109
110,Cascade,2001/7/9,131844130,2001,7,9,5.8,5,N,4.43,2.07,1.72,0.49,1.89,0.13,4.8,35.17776043,S110
111,Cascade,2001/9/6,131844130,2001,9,6,5,5,N,3.31,2.1,1.25,0.3,2.28,0.13,5,35.31179174,S111
112,Cascade,2002/8/27,131844130,2002,8,27,5.8,5,N,5.2,1.67,1.45,0.31,1.77,0.13,4.8,35.20694786,S112
113,Cascade,2002/9/17,131844130,2002,9,17,5.5,5,N,5.08,2.16,1.8,0.3,2.18,0.13,5.2,35.91319498,S113
114,Cascade,2003/7/10,131844130,2003,7,10,5.5,4,Ye,5.28,1.04,1.71,0.43,1.26,0.13,5.5,32.85980322,S114
115,Cascade,2003/8/7,131844130,2003,8,7,5.6,5,N,4.86,0.5,1.15,0.42,1.37,0.13,5.6,33.03125122,S115
116,Cascade,2004/7/21,131844130,2004,7,21,5.7,5,N,2.16,1.6,3.35,0.41,1.78,0.13,5.6,32.5120654,S116
117,Cascade,2004/8/4,131844130,2004,8,4,5.5,5,N,3.02,NA,2.59,0.37,1.71,0.13,5,33.57230786,S117
118,Cascade,2005/7/13,131844130,2005,7,13,5.6,5,N,6.97,1.5,1.54,0.37,1.39,0.13,5.6,33.95554779,S118
119,Cascade,2005/8/10,131844130,2005,8,10,5.5,5,N,4.98,2.63,6.62,0.37,3.09,0.13,4.5,38.33321696,S119
120,Cascade,2006/7/14,131844130,2006,7,14,5.6,4,Ye,7.44,1.59,1.57,0.32,1.49,0.13,4.9,35.04843512,S120
121,Cascade,2006/8/10,131844130,2006,8,10,6.1,5,N,4.11,1.25,1.89,0.27,1.59,0.13,6.1,33.06016883,S121
122,Cascade,2007/8/1,131844130,2007,8,1,5.7,5,N,4.25,2.43,1.08,0.48,1.81,0.05,5,34.67644073,S122
123,Cascade,2008/7/1,131844130,2008,7,1,6,5,N,3.98,3.75,1.37,0.25,3.09,,4.3,38.00093439,S123
124,Cascade,2008/8/5,131844130,2008,8,5,5.8,5,N,2.87,1.59,1.73,0.13,1.53,0.13,5.8,32.22815398,S124
125,Cascade,2010/7/13,131844130,2010,7,13,5.5,5,N,5.55,4.72,1.48,0.22,2.84,0.13,4.75,37.90961047,S125
126,Cascade,2010/8/11,131844130,2010,8,11,5.5,5,N,2.36,2.67,2.6,0.13,4.58,0.13,4.25,38.90726761,S126
127,Cascade,2011/7/11,131844130,2011,7,11,5.9,3,Ye,3.94,3.31,3.63,0.27,1.42,0.17,4,34.16790414,S127
128,Cascade,2011/8/9,131844130,2011,8,9,5.7,4,Ye,3.82,3.86,1.99,0.24,5.99,0.09,4.2,41.51165356,S128
129,Cascade,2012/7/10,131844130,2012,7,10,5.7,4,Ye,4.29,3.5,1.436,0.468,3.21,0.03,4.5,38.18449206,S129
130,Cascade,2012/8/7,131844130,2012,8,7,5,5,Ye,4.722,4.35,0.381,0.487,2.96,0.118,4,38.48457087,S130
131,Constable,1994/8/23,131843304,1994,8,23,4,3,N,4.6,3,2,0.34,0.41,0.24,3.95,28.0050457,S131
132,Constable,1995/6/13,131843304,1995,6,13,3.9,3,N,6.9,3.3,0.5,0.49,0.93,0.05,3,34.47416991,S132
133,Constable,1995/8/15,131843304,1995,8,15,4,3.5,N,4.8,0.5,1.9,0.37,1.38,0.16,4,34.48060308,S133
134,Constable,1995/9/6,131843304,1995,9,6,4.4,3.5,N,2.08,1.36,1.3,0.27,2.25,0.24,3.9,35.21300654,S134
135,Constable,1996/6/18,131843304,1996,6,18,4,2.5,Ye,3.2,1.93,0.5,0.6,2.49,0.12,3.5,37.22557851,S135
136,Constable,1996/7/18,131843304,1996,7,18,3.9,3,Ye,3.41,2.31,1.63,0.43,0.99,0.23,3.2,32.87252958,S136
137,Constable,1996/8/15,131843304,1996,8,15,3.7,3,N,4.26,1.05,1.36,0.56,3.45,0.33,2.75,40.65764361,S137
138,Constable,1997/7/10,131843304,1997,7,10,4,3,Ye,8.7,1.52,2.5,0.52,2.82,0.2,2.5,41.67575063,S138
139,Constable,1997/8/12,131843304,1997,8,12,4,3,Ye,8.4,1.6,1.3,0.53,1.8,0.28,3,38.43470666,S139
140,Constable,1998/7/8,131843304,1998,7,8,4.2,2,Ye,6.83,1,1.88,0.52,1.81,0.35,2.5,38.75802284,S140
141,Constable,1998/8/11,131843304,1998,8,11,3.8,2,Ye,3.3,2.31,2.18,0.41,2.68,0.29,2.8,38.6424486,S141
142,Constable,1999/7/7,131843304,1999,7,7,4.1,3,N,5.59,1.54,2.16,0.44,1.85,0.36,2,39.35791687,S142
143,Constable,1999/8/17,131843304,1999,8,17,4.5,3,N,6.14,1.61,2.02,0.33,3.93,0.53,2.5,42.61483987,S143
144,Constable,2000/7/12,131843304,2000,7,12,3.9,2,Ye,5.71,1.16,1.22,0.39,1.44,0.23,3.25,36.00275426,S144
145,Constable,2000/8/15,131843304,2000,8,15,4,3,Ye,6.4,1.77,0.5,0.34,2.33,0.31,2.2,40.49009058,S145
146,Constable,2001/7/10,131843304,2001,7,10,3.7,3,N,6.15,0.61,2.06,0.34,0.76,0.13,3.7,32.23678266,S146
147,Constable,2001/9/6,131843304,2001,9,6,4.2,3,Ye,5.37,2,2.13,0.37,0.65,0.33,3.7,31.08977579,S147
148,Constable,2002/9/24,131843304,2002,9,24,3.9,3.5,N,5.46,2.39,1.74,0.41,1.96,0.51,3.3,37.46537797,S148
149,Constable,2003/8/7,131843304,2003,8,7,4.2,2,Ye,5.98,1.2,0.5,0.39,2.34,0.38,1.75,41.33262368,S149
150,Constable,2004/7/21,131843304,2004,7,21,4.3,2,Ye,4.16,1.76,2.51,0.43,2.4,0.13,2.5,39.08726067,S150
151,Constable,2004/8/4,131843304,2004,8,4,4.2,2.5,Ye,3.68,NA,2.24,0.39,5.14,0.4,2.1,43.5796981,S151
152,Constable,2005/7/13,131843304,2005,7,13,4.1,2,Ye,5.07,2.27,1.59,0.35,3.02,0.4,2.5,40.76952161,S152
153,Constable,2005/8/10,131843304,2005,8,10,4.1,2,Ye,5.19,2.43,1.77,0.35,1.61,0.56,3.3,36.30412106,S153
154,Constable,2006/7/14,131843304,2006,7,14,4.6,3,Ye,6.36,2.21,2.39,0.29,1.93,0.48,2.3,39.28735469,S154
155,Constable,2006/8/10,131843304,2006,8,10,4.1,2.5,Ye,7.88,2.17,1.36,0.48,3.93,,1.7,44.85183379,S155
156,Dart,1994/6/28,131844150,1994,6,28,16.5,5,Ye,6.2,3.4,0.5,0.51,3.5,0.12,4.6,39.41419669,S156
157,Dart,1994/7/25,131844150,1994,7,25,15.2,5,Ye,4.5,1.6,0.5,0.51,0.83,0.12,4.3,31.32612463,S157
158,Dart,1994/8/24,131844150,1994,8,24,16,7,Ye,4.3,1.9,0.5,0.48,1.09,0.14,5.5,31.60945425,S158
159,Dart,1995/9/13,131844150,1995,9,13,15.7,8,Ye,2.92,2.73,1.2,0.56,1.72,0.1,5.2,33.3561934,S159
160,Dart,1996/6/26,131844150,1996,6,26,17,5,Ye,4.51,1.36,2.14,0.58,1.48,0.13,3.5,35.27620759,S160
161,Dart,1996/7/22,131844150,1996,7,22,15.5,6,Ye,5.14,1.04,0.5,0.41,1.19,0.15,3.8,34.07628051,S161
162,Dart,1996/8/20,131844150,1996,8,20,15.4,5,Ye,4.15,1.7,0.5,0.46,2.05,0.05,4.2,36.02626204,S162
163,Dart,1997/7/9,131844150,1997,7,9,15.3,4,Ye,3.8,1.66,1.6,0.45,1.02,0.11,4,32.33019803,S163
164,Dart,1997/8/19,131844150,1997,8,19,15,5,Ye,3.9,1.1,1.5,0.44,1.9,0.12,4.2,35.47769603,S164
165,Dart,1998/7/13,131844150,1998,7,13,15.3,5,Ye,3.89,1.08,2.25,0.42,2.18,0.11,3.5,36.98019462,S165
166,Dart,1998/8/17,131844150,1998,8,17,15.3,4,Ye,7.64,2.5,7.06,0.43,2.73,0.14,3,40.41824916,S166
167,Dart,1999/6/30,131844150,1999,6,30,15.8,3,Ye,5,2,1.65,0.44,0.9,0.17,5,31.35720855,S167
169,Dart,2001/8/8,131844150,2001,8,8,16.1,3,Ye,3.25,0.5,1.51,0.4,1.72,0.13,4.8,33.95042477,S169
170,Dart,2002/8/13,131844150,2002,8,13,16,4,Ye,1.71,1.74,1.6,0.32,1.16,0.13,6.2,29.25904502,S170
171,Dart,2002/9/10,131844150,2002,9,10,15.5,6,Ye,2.57,1.3,0.5,0.35,1.01,0.13,6.1,29.55271391,S171
172,Dart,2003/7/16,131844150,2003,7,16,15.7,3,Ye,4.17,1.43,1.37,0.33,1.3,0.13,3,35.06475007,S172
173,Dart,2003/9/5,131844150,2003,9,5,16,6,Ye,3.19,1.01,1.49,0.37,1.47,0.13,5,32.89989771,S173
174,Dart,2004/7/6,131844150,2004,7,6,15.5,1,Ye,4.23,0.5,1.09,0.34,1.07,0.13,4.4,32.42777635,S174
175,Dart,2004/8/11,131844150,2004,8,11,15.8,6,Ye,2.61,1.63,1.07,0.34,1.68,0.13,4.7,33.40041096,S175
176,Dart,2006/7/17,131844150,2006,7,17,16,3,Ye,6.02,3.65,2.21,0.33,3.27,0.28,2.5,41.59452368,S176
177,Dart,2006/8/15,131844150,2006,8,15,15.5,6,Ye,4.52,2.7,1.95,0.28,2.99,0.13,4.6,37.83707836,S177
178,Dart,2007/7/13,131844150,2007,7,13,15.7,4,Ye,4.7,1.63,2.52,0.47,1.12,0.13,4.75,32.58978056,S178
179,Dart,2007/7/31,131844150,2007,7,31,16.2,3,Ye,2.8,4.49,0.8,0.39,1.31,0.11,5,31.98294692,S179
180,Dart,2008/6/30,131844150,2008,6,30,17.5,3,Ye,2.77,3.92,2.36,0.46,1.31,0.13,4.5,32.40854631,S180
181,Dart,2008/8/6,131844150,2008,8,6,16.5,5,Ye,2.52,1.96,1.38,0.15,2.4,0.13,4.5,35.39348635,S181
182,Dart,2010/7/7,131844150,2010,7,7,15.5,1,Ye,5.38,3.52,0.97,0.19,2.81,0.13,2.9,39.89201613,S182
183,Dart,2010/8/12,131844150,2010,8,12,16,5,Ye,3.71,0.5,2.12,0.16,2.9,,4,37.80915562,S183
184,Dart,2011/7/14,131844150,2011,7,14,14,4,Ye,5.08,2.97,2.91,0.42,1.78,0.33,3.5,36.53369337,S184
185,Dart,2011/8/9,131844150,2011,8,9,14.5,4,Ye,3.49,3.16,1.21,0.2,2.54,0.13,3.2,37.9183221,S185
186,Dart,2012/7/10,131844150,2012,7,10,15,4,Ye,5.059,2.34,1.765,0.425,1.48,0.176,4.5,34.47064094,S186
187,Dart,2012/8/7,131844150,2012,8,7,16,4,Ye,3.21,2.85,0.381,0.419,1.94,0.144,4,35.33922544,S187
188,G,1994/7/26,53540671,1994,7,26,9,4,Ye,7.1,1.6,1.1,0.26,7.38,0.15,3.6,44.73377562,S188
189,G,1994/8/22,53540671,1994,8,22,10.1,6,Ye,3.9,3.4,1.2,0.35,6.08,0.29,3.5,42.41966546,S189
190,G,1995/8/14,53540671,1995,8,14,9.5,4,Ye,7.84,1.49,0.5,NA,3.84,0.1,4.5,40.55100851,S190
191,G,1995/9/5,53540671,1995,9,5,9.6,6,Ye,2.33,1.5,1.5,0.14,3.1,0.05,4.5,36.56501375,S191
192,G,1996/7/17,53540671,1996,7,17,8.8,3,Ye,5.16,1.34,0.5,0.33,2.58,0.05,4.5,37.46112003,S192
193,G,1997/7/7,53540671,1997,7,7,9,4,Ye,3.3,1.1,4.3,0.33,2.94,0.05,5.3,36.4020823,S193
194,G,1997/8/11,53540671,1997,8,11,9.4,5,Ye,7.1,2.1,1.8,0.22,3.4,0.05,4.3,39.86786554,S194
195,G,1998/7/7,53540671,1998,7,7,8.6,3,Ye,6.86,1.91,1.57,0.23,2.95,0.05,4.5,38.8403977,S195
196,G,1998/8/13,53540671,1998,8,13,9,5,Ye,6.14,2.15,2.3,0.16,5.17,0.1,3.6,42.5069745,S196
197,G,1999/7/6,53540671,1999,7,6,9.2,3,Ye,4.75,1.33,2.97,0.34,4.46,0.15,3.5,41.2416703,S197
198,G,1999/8/16,53540671,1999,8,16,8.9,5,Ye,5.37,1.47,1.27,0.22,5.05,0.11,2.5,43.62820246,S198
199,G,2000/7/11,53540671,2000,7,11,9.1,4,Ye,5.2,1.27,1.05,0.41,3.8,0.1,3.5,40.60605343,S199
200,G,2000/8/14,53540671,2000,8,14,9.3,5,Ye,6.18,1.49,2.68,0.22,4.21,0.23,4,40.98317936,S200
201,G,2001/7/9,53540671,2001,7,9,9.1,4,Ye,4.1,1.28,2.79,0.27,1.23,0.13,6.8,31.22956742,S201
202,G,2001/9/5,53540671,2001,9,5,8,6,Ye,4.34,2.76,1.78,0.26,4.37,0.3,3.9,40.45837288,S202
203,G,2002/8/28,53540671,2002,8,28,8.5,5,Ye,5.04,1.51,0.5,0.26,2.96,0.13,4.3,38.32824311,S203
204,G,2002/9/20,53540671,2002,9,20,7.5,7,N,4.24,1.13,1.08,0.23,2.29,0.13,4.3,36.56247176,S204
205,G,2003/7/8,53540671,2003,7,8,9,3,Ye,2.4,0.5,1.6,0.25,1,0.13,9,27.67458842,S205
206,G,2003/8/5,53540671,2003,8,5,9.2,2,Ye,3.49,0.5,1.37,0.26,0.89,0.13,7,29.01291992,S206
207,G,2004/7/12,53540671,2004,7,12,9.5,5,Ye,1.78,1.34,1.05,0.44,1.31,0.13,8.5,28.64720744,S207
208,G,2004/8/2,53540671,2004,8,2,9.6,6,Ye,3.97,2.14,1.21,0.23,2.68,0.13,3.5,38.12191307,S208
209,G,2005/7/11,53540671,2005,7,11,9,4,Ye,4.37,0.5,2.21,0.26,1.3,0.13,5.7,32.427875,S209
210,G,2005/8/8,53540671,2005,8,8,8.5,4,Ye,5.47,3.44,1.35,0.17,3.24,0.13,4.2,39.10018688,S210
211,G,2006/7/11,53540671,2006,7,11,9.1,2,Ye,3.75,1.56,1.71,0.18,2.19,0.13,3,37.57801636,S211
212,G,2006/8/8,53540671,2006,8,8,8.7,3,Ye,7.2,4.47,2.03,0.24,3.12,0.13,3.1,40.84586422,S212
213,G,2007/8/2,53540671,2007,8,2,8.6,5,Ye,7.15,4.32,1.29,0.39,3.43,0.22,5.1,39.20065885,S213
214,G,2008/8/7,53540671,2008,8,7,7,5,Ye,3.91,1.54,1.56,0.14,2.96,0.13,4.7,37.35086009,S214
215,G,2010/7/20,53540671,2010,7,20,9,3,Ye,13.65,2.26,0.47,0.18,2.65,0.13,4.9,39.52501128,S215
216,G,2010/8/17,53540671,2010,8,17,9,5,Ye,4.4,2.88,3.21,0.39,7.29,0.13,4,43.09318508,S216
217,G,2011/7/12,53540671,2011,7,12,9.1,2,Ye,5.64,2.32,2.03,0.15,3.93,0.17,3.9,40.51203717,S217
218,G,2011/8/8,53540671,2011,8,8,9.3,4,Ye,4.62,3.5,1.1,0.15,1.48,0.14,3,35.99257738,S218
219,G,2012/7/9,53540671,2012,7,9,9,4,Ye,3.51,1.65,2.589,0.394,1.66,0.044,7,32.32849296,S219
220,G,2012/8/6,53540671,2012,8,6,8.5,5,Ye,4.05,2.74,0.381,0.285,13.18,0.072,4.75,45.29998567,S220
221,Grass,1994/8/23,131845587,1994,8,23,4.9,2,Ye,7.1,2.5,1.5,0.32,0.74,0.11,4.6,31.50133028,S221
222,Grass,1995/6/13,131845587,1995,6,13,5.5,3,Ye,9.9,5.1,2.2,0.79,0.79,0.11,5,32.27222166,S222
223,Grass,1995/9/7,131845587,1995,9,7,5,4,N,0.5,1.83,1.63,0.42,2.62,0.1,4.3,32.25101809,S223
224,Grass,1996/6/18,131845587,1996,6,18,5.3,1,Ye,4.71,1.78,2.23,0.44,0.5,0.05,5.3,27.85364995,S224
225,Grass,1996/7/19,131845587,1996,7,19,6.5,1,Ye,5.85,1.42,4.06,0.78,0.42,0.05,5.3,27.43950134,S225
226,Grass,1996/8/14,131845587,1996,8,14,5.5,2,Ye,6.7,1.77,3.86,0.33,0.8,0.05,4.4,31.96827034,S226
227,Grass,1997/7/8,131845587,1997,7,8,5.7,3,Ye,8.2,1.72,2.6,0.4,0.81,0.05,4,32.91683856,S227
228,Grass,1997/8/12,131845587,1997,8,12,5.7,3,Ye,7,0.5,2.3,0.3,0.7,0.05,5.7,30.2559892,S228
229,Grass,1998/7/9,131845587,1998,7,9,5.3,2,Ye,6.19,2.94,2.93,0.29,0.77,0.05,5.3,30.78323068,S229
230,Grass,1998/8/12,131845587,1998,8,12,5.4,3,Ye,8.16,1.57,3.51,0.32,1.16,0.13,5.1,33.7681048,S230
231,Grass,1999/7/8,131845587,1999,7,8,5.2,3,Ye,6.96,1.18,2.97,0.22,0.77,0.1,4.2,32.05437885,S231
232,Grass,1999/8/18,131845587,1999,8,18,5.5,4,N,5.72,NA,3.23,0.32,1.29,0.05,5.5,33.17259086,S232
233,Grass,2000/7/20,131845587,2000,7,20,5.7,3,Ye,5.54,3.6,3.47,0.23,0.97,0.05,4.6,32.3519,S233
234,Grass,2000/8/16,131845587,2000,8,16,5.4,3,Ye,6.01,5,3.78,0.34,0.43,0.18,4.2,28.62314439,S234
235,Grass,2001/7/11,131845587,2001,7,11,5,1,Ye,5.62,0.74,2.79,0.29,0.47,0.13,5,28.19044279,S235
236,Grass,2002/9/18,131845587,2002,9,18,4.8,4,N,7.2,1.67,2.08,0.47,1.9,0.13,4,37.12758425,S236
237,Grass,2003/7/9,131845587,2003,7,9,5.5,2,Ye,5.77,1.8,2.24,0.32,1.34,0.13,4,34.75740261,S237
238,Grass,2003/8/6,131845587,2003,8,6,5.2,1,Ye,6.45,0.5,1.97,0.37,1.06,0.13,3.9,33.88590288,S238
239,Grass,2004/7/13,131845587,2004,7,13,5.5,3,Ye,11.69,1.58,1.94,0.37,1.45,0.13,4.5,36.33082085,S239
240,Grass,2004/8/3,131845587,2004,8,3,5.7,5,N,5.72,0.5,3.45,0.32,2.03,0.13,5.5,35.57439799,S240
241,Grass,2005/7/12,131845587,2005,7,12,6.8,3,Ye,7.83,1.5,1.86,0.29,1.24,0.13,5.2,33.94125986,S241
242,Grass,2005/8/9,131845587,2005,8,9,5.5,1,Ye,7.1,2.06,3.75,0.41,0.92,0.13,3.8,33.47237114,S242
243,Grass,2006/7/13,131845587,2006,7,13,5.7,2,Ye,5.27,2.21,2.81,0.33,1.04,0.13,3.5,33.77321632,S243
244,Grass,2006/8/9,131845587,2006,8,9,5.2,2,Ye,3.61,1.1,2.59,0.25,0.73,0.13,5.1,29.39783029,S244
245,Indian,1994/6/28,131845836,1994,6,28,8.5,4,Ye,5.9,1.4,0.5,0.31,3.04,0.13,4.15,38.99178215,S245
246,Indian,1994/8/2,131845836,1994,8,2,9.5,4,Ye,4.8,1.9,4.5,0.25,2.93,0.22,3.4,39.16465943,S246
247,Indian,1995/8/8,131845836,1995,8,8,9.7,4,Ye,7.9,3.86,3.8,0.4,2.25,0.25,3.1,39.33220915,S247
248,Indian,1995/9/14,131845836,1995,9,14,9.2,6,Ye,3.66,1.9,2.43,0.37,3.57,0.43,2.8,40.40483992,S248
249,Indian,1996/6/26,131845836,1996,6,26,8.9,3,Ye,4.67,1.96,2.32,0.35,2.01,0.18,4,36.40816061,S249
250,Indian,1996/7/23,131845836,1996,7,23,10,2,Ye,4.07,1.05,2.84,0.3,0.82,0.28,2,34.30187221,S250
251,Indian,1996/8/20,131845836,1996,8,20,10,2,Ye,8.11,1.87,1.22,0.43,1.56,0.38,2.5,38.3743579,S251
252,Indian,1997/7/14,131845836,1997,7,14,NA,1,Ye,7.9,2.3,1.1,0.28,1.72,0.2,2.5,38.82992335,S252
253,Indian,1997/8/18,131845836,1997,8,18,9.8,3,Ye,9.4,1.6,2.6,0.36,1.2,0.24,2.8,36.84644442,S253
254,Indian,1998/7/14,131845836,1998,7,14,8.8,2,Ye,8.78,1.53,2.26,0.33,1.7,0.51,2.2,39.56330284,S254
255,Indian,1998/8/10,131845836,1998,8,10,9.8,2,Ye,8.9,2.42,3.56,0.46,2.74,0.48,2,42.53172186,S255
256,Indian,1999/6/29,131845836,1999,6,29,9.8,3,Ye,11.24,1.63,1.99,0.27,1.8,0.24,3,39.11927141,S256
257,Indian,1999/8/16,131845836,1999,8,16,10,2,Ye,5.64,1.69,6,0.34,1.64,0.6,2.7,37.45618803,S257
258,Indian,2000/8/14,131845836,2000,8,14,10,3,Ye,6.05,0.5,1.82,0.33,2.52,0.72,1.7,41.8766172,S258
259,Indian,2001/7/9,131845836,2001,7,9,9.9,2,Ye,8.34,1.38,2.74,0.38,1.6,0.33,2.3,38.931062,S259
260,Indian,2001/9/5,131845836,2001,9,5,9.8,4,Ye,3.66,2.47,3.16,0.36,1.77,0.43,3.3,35.98507872,S260
261,Indian,2002/8/22,131845836,2002,8,22,9.3,4,Ye,8.62,2.33,1.93,0.36,1.26,0.51,2.9,36.75111499,S261
262,Indian,2002/9/19,131845836,2002,9,19,9.8,4,Ye,4.24,2.2,1.91,0.33,1.72,0.44,3,36.58693897,S262
263,Indian,2003/7/9,131845836,2003,7,9,10,4,Ye,3.2,0.5,1.2,0.13,1.69,0.32,3.3,35.4243728,S263
264,Indian,2003/8/6,131845836,2003,8,6,9.8,3,Ye,6.92,0.5,0.5,0.24,1.81,0.44,3,38.00849861,S264
265,Indian,2004/7/13,131845836,2004,7,13,9.2,2,Ye,3.06,1.58,1.33,0.35,2.02,0.29,2.7,37.12293914,S265
266,Indian,2004/8/3,131845836,2004,8,3,9,3,Ye,7.56,1.08,2.59,0.39,2.37,0.56,2.3,40.78154159,S266
267,Indian,2005/7/11,131845836,2005,7,11,10,1,Ye,9.89,0.5,1.63,0.3,1.86,0.66,2.5,39.77251414,S267
268,Indian,2005/8/8,131845836,2005,8,8,9.9,2,Ye,6.34,NA,8.7,0.45,2.68,1.09,1.8,42.06813882,S268
269,Indian,2006/7/11,131845836,2006,7,11,9.8,2,Ye,6.34,2.72,1.96,0.34,1.87,0.41,2.6,38.5879417,S269
270,Indian,2006/8/8,131845836,2006,8,8,9.8,2,Ye,14.85,NA,1.65,0.54,3.24,0.76,1.8,45.07388119,S270
271,Indian,2007/7/17,131845836,2007,7,17,10,3,Ye,4.79,2.89,0.67,0.38,2.93,0.39,2.5,40.47572132,S271
272,Indian,2007/8/1,131845836,2007,8,1,10.4,2,Ye,8.81,2.53,0.5,0.33,2.09,0.5,2.4,40.29303448,S272
273,Indian,2008/7/2,131845836,2008,7,2,10.5,2,Ye,10.19,4.53,1.61,0.49,0.72,,2.1,35.5612853,S273
274,Indian,2008/8/7,131845836,2008,8,7,10.7,2,Ye,4.96,1.65,4.76,0.26,1.81,0.13,1.7,39.6566129,S274
275,Indian,2010/7/15,131845836,2010,7,15,10,1,Ye,5.77,6.95,2.33,0.37,2.81,0.13,2,41.64671659,S275
276,Indian,2010/8/10,131845836,2010,8,10,10.5,3,Ye,6.72,2.03,2.12,0.35,0.06,0.13,1.6,22.58301414,S276
277,Indian,2011/7/19,131845836,2011,7,19,10.5,2,Ye,5.64,1.82,1.98,0.25,2.39,0.46,2.2,40.32764662,S277
278,Indian,2011/8/17,131845836,2011,8,17,10.4,4,Ye,2.97,1.95,0.5,0.32,1.84,0.48,4,34.87622245,S278
279,Indian,2012/7/19,131845836,2012,7,19,10.2,2,Ye,7.792,2.23,0.857,0.32,4.05,0.542,3.3,42.14602295,S279
280,Indian,2012/8/14,131845836,2012,8,14,10.5,3,Ye,7.557,1.91,0.381,0.404,1.09,0.594,3.3,35.12099908,S280
281,Jockeybush,1994/7/26,47724773,1994,7,26,9.5,5,Ye,3.5,1.2,0.5,0.36,0.98,0.05,8.2,28.8527872,S281
282,Jockeybush,1994/8/22,47724773,1994,8,22,11,7,Ye,4,0.5,4.6,0.34,1.65,0.05,8.55,31.74759413,S282
283,Jockeybush,1995/6/12,47724773,1995,6,12,10,4,Ye,6.6,NA,1.1,0.75,2.22,0.05,5.6,36.30760154,S283
284,Jockeybush,1995/8/14,47724773,1995,8,14,10,7,Ye,1.78,0.5,0.5,0.5,0.75,0.05,9.55,25.1943125,S284
285,Jockeybush,1995/9/5,47724773,1995,9,5,9.9,9,N,4.11,1.05,2.3,0.26,0.6,0.05,8.7,26.37807165,S285
286,Jockeybush,1996/6/27,47724773,1996,6,27,10.4,4,Ye,2.22,0.5,1.48,0.42,0.6,0.05,8.5,25.02992014,S286
287,Jockeybush,1996/7/17,47724773,1996,7,17,10.1,4,Ye,1.83,0.5,2.3,0.36,0.48,0.05,9.2,23.0550617,S287
288,Jockeybush,1996/8/13,47724773,1996,8,13,10.9,5,Ye,2.79,0.5,1.59,0.32,0.59,0.05,9.8,24.86896638,S288
289,Jockeybush,1997/7/7,47724773,1997,7,7,10.3,5,Ye,2.2,0.5,0.5,0.4,0.65,0.05,10,24.73712346,S289
290,Jockeybush,1997/8/11,47724773,1997,8,11,10.2,7,Ye,3.1,0.5,1.9,0.32,0.2,0.05,10.2,19.21464372,S290
291,Jockeybush,1998/7/7,47724773,1998,7,7,10.5,0.4,Ye,5.34,0.5,2.25,0.32,0.99,0.05,9,29.50114441,S291
292,Jockeybush,1998/8/13,47724773,1998,8,13,10.1,6,Ye,5.64,0.5,0.5,0.25,0.53,0.05,10.1,25.82614941,S292
293,Jockeybush,1999/7/6,47724773,1999,7,6,10.6,5,Ye,5.09,0.5,2.12,0.16,1,0.09,7,30.51725357,S293
294,Jockeybush,1999/8/16,47724773,1999,8,16,10.1,7,Ye,3.25,0.5,1.5,0.26,0.54,0.05,9.5,24.89163587,S294
295,Jockeybush,2000/7/11,47724773,2000,7,11,10,5,Ye,2.62,1.61,1.71,0.3,0.48,0.05,9.5,23.7612133,S295
296,Jockeybush,2000/8/14,47724773,2000,8,14,9.5,6,Ye,7.21,0.5,2.77,0.3,0.59,0.15,8.5,27.7096381,S296
297,Jockeybush,2001/7/9,47724773,2001,7,9,11.3,0.5,Ye,5.79,0.81,0.5,0.37,0.53,0.13,9,26.38134872,S297
298,Jockeybush,2001/9/5,47724773,2001,9,5,9.5,8,Ye,1.78,2.02,1.43,0.21,0.57,0.11,8.8,24.09055072,S298
299,Jockeybush,2002/9/20,47724773,2002,9,20,10.1,9,N,6.33,0.5,1.08,0.21,0.72,0.13,8.2,28.61232672,S299
300,Jockeybush,2003/7/8,47724773,2003,7,8,10,4,Ye,3.4,0.5,1.4,0.15,0.61,0.13,6.5,27.26751706,S300
301,Jockeybush,2003/8/5,47724773,2003,8,5,10.5,5,Ye,3.32,0.5,0.5,0.21,1.02,0.13,8,29.04629013,S301
302,Jockeybush,2004/7/12,47724773,2004,7,12,32,5,Ye,2.7,0.5,1.05,0.37,0.47,0.13,10,23.50085732,S302
303,Jockeybush,2004/8/2,47724773,2004,8,2,10.4,7,Ye,0.94,0.5,0.5,0.31,0.85,0.13,10.4,23.99169633,S303
304,Jockeybush,2005/8/8,47724773,2005,8,8,11.3,5,Ye,5.45,1.77,NA,0.21,0.7,0.13,7.6,28.43646879,S304
305,Jockeybush,2006/7/11,47724773,2006,7,11,10.5,3,Ye,3.07,1.13,1.88,0.26,0.43,0.13,5.7,25.73726627,S305
306,Jockeybush,2006/8/8,47724773,2006,8,8,11,3,Ye,4.52,2.71,1.27,0.26,0.84,0.13,6,29.97420904,S306
307,Jockeybush,2007/7/12,47724773,2007,7,12,9.3,7,Ye,3.7,3.88,1.1,0.13,0.72,0.13,8.1,27.40271946,S307
308,Jockeybush,2007/8/2,47724773,2007,8,2,9.5,6,Ye,1.58,3.33,2.26,0.43,0.62,0.19,9.2,24.06558146,S308
309,Jockeybush,2008/8/7,47724773,2008,8,7,10,7,Ye,2.67,1.17,1.2,0.12,0.59,0.13,10,24.67916987,S309
310,Jockeybush,2010/7/20,47724773,2010,7,20,10.8,4,Ye,3.07,2.58,0.64,0.14,1.71,0.13,6,32.8306098,S310
311,Jockeybush,2011/7/12,47724773,2011,7,12,9.5,3,Ye,4.79,2.49,3.05,0.3,0.45,0.21,6.9,26.20603501,S311
312,Jockeybush,2011/8/8,47724773,2011,8,8,11,4,Ye,2.62,2.76,1.46,0.18,0.76,0.09,7,27.50250308,S312
313,Jockeybush,2012/7/9,47724773,2012,7,9,10.5,4,Ye,7.256,2.04,0.941,0.421,1.06,0.043,5,33.09930874,S313
314,Jockeybush,2012/8/6,47724773,2012,8,6,10,5,Ye,4.05,1.98,0.381,0.344,1,0.038,7,29.9800302,S314
315,Limekiln,1994/6/29,131844984,1994,6,29,19.5,7,Ye,4.1,1.1,0.5,0.36,3.16,0.05,9.2,34.93427821,S315
316,Limekiln,1994/7/25,131844984,1994,7,25,18.5,8,Ye,3.2,1.2,2,0.49,0.44,0.05,8.5,24.24633611,S316
317,Limekiln,1994/8/30,131844984,1994,8,30,20.5,10,Ye,0.5,1.4,0.5,0.44,0.9,0.05,7.4,24.26722442,S317
318,Limekiln,1995/6/20,131844984,1995,6,20,18,9,Ye,6.8,NA,6.3,NA,0.33,0.05,14.5,22.20832937,S318
319,Limekiln,1995/8/7,131844984,1995,8,7,19.3,11,Ye,9.2,0.99,1.4,0.4,0.52,0.05,10.1,26.87536922,S319
320,Limekiln,1995/9/12,131844984,1995,9,12,19.1,12,Ye,2.1,NA,1.03,0.37,0.93,0.05,8.2,27.37469783,S320
321,Limekiln,1996/6/25,131844984,1996,6,25,20.5,5,Ye,2.45,0.5,0.5,0.47,0.83,0.05,8.4,27.03126454,S321
322,Limekiln,1996/7/23,131844984,1996,7,23,21.6,6,Ye,3.02,0.5,0.5,0.37,0.27,0.05,6.5,22.67136684,S322
323,Limekiln,1996/8/20,131844984,1996,8,20,20.8,7,Ye,3.56,0.5,3.15,0.37,0.98,0.05,9,28.49433372,S323
324,Limekiln,1997/7/15,131844984,1997,7,15,19.8,6,Ye,2.9,0.93,1.8,0.33,0.45,0.05,10.25,23.33278202,S324
325,Limekiln,1997/8/19,131844984,1997,8,19,20.5,8,Ye,2,1,1.7,0.38,0.7,0.05,10.8,24.57630472,S325
326,Limekiln,1998/7/14,131844984,1998,7,14,21.2,6,Ye,3.38,1.5,1.44,0.45,0.62,0.05,10.6,25.24675916,S326
327,Limekiln,1998/8/10,131844984,1998,8,10,21.7,8,Ye,3.8,1,1.95,0.32,1.14,0.05,8.5,29.69343476,S327
328,Limekiln,1999/6/30,131844984,1999,6,30,19.1,7,Ye,2.27,1.44,0.5,0.46,0.45,0.09,12.3,21.9767874,S328
329,Limekiln,1999/8/24,131844984,1999,8,24,19.2,9,Ye,2.42,0.5,0.5,0.24,1.06,0.05,7.6,28.72637594,S329
331,Limekiln,2001/7/18,131844984,2001,7,18,22,8,Ye,3.67,2.07,1.3,0.5,1.07,0.13,7.3,29.92726842,S331
332,Limekiln,2001/8/8,131844984,2001,8,8,19.5,8,Ye,2.93,0.5,1.37,0.34,2.38,0.13,8.3,33.08349145,S332
333,Limekiln,2002/8/14,131844984,2002,8,14,19.5,7,Ye,2.34,0.5,2.46,0.16,0.73,0.13,8.5,26.19255609,S333
334,Limekiln,2002/9/17,131844984,2002,9,17,20,10,Ye,2.67,1.67,1.67,0.27,2.81,0.13,7.5,34.17865615,S334
335,Limekiln,2003/7/16,131844984,2003,7,16,21.5,7,Ye,3.23,0.8,1.2,0.45,1.01,0.13,8.3,28.77194638,S335
336,Limekiln,2003/8/13,131844984,2003,8,13,20,8,Ye,2.69,1.37,0.5,0.35,2.9,0.13,7.3,34.47888065,S336
337,Limekiln,2004/7/7,131844984,2004,7,7,19,8,Ye,2.47,0.5,1.5,0.31,1.33,0.13,9.5,29.02147442,S337
338,Limekiln,2004/8/10,131844984,2004,8,10,18.5,8,Ye,2.28,1.8,1.07,0.3,1.41,0.13,8.3,29.72068665,S338
339,Limekiln,2005/8/17,131844984,2005,8,17,20.1,7,Ye,4.25,1.2,0.5,0.16,1.8,0.13,8.9,32.1793196,S339
340,Limekiln,2006/7/12,131844984,2006,7,12,21.5,6,Ye,2.28,1.56,1.54,0.27,3.74,0.13,5.9,36.34897771,S340
341,Limekiln,2006/8/16,131844984,2006,8,16,20.4,7,Ye,3.18,1.73,1.27,0.22,1.8,0.13,7.5,32.23007256,S341
342,Limekiln,2007/7/12,131844984,2007,7,12,21.2,7,Ye,3.55,4.18,1.55,0.36,1.28,0.13,8,30.40654471,S342
343,Limekiln,2007/7/31,131844984,2007,7,31,21,7,Ye,2.74,3.16,0.5,0.34,1.28,0.07,8.1,29.7446343,S343
344,Limekiln,2008/7/1,131844984,2008,7,1,21.5,6,Ye,2.27,3.38,0.5,0.15,0.34,0.13,7.6,22.55241538,S344
345,Limekiln,2008/8/4,131844984,2008,8,4,21.5,7,Ye,2.96,0.5,0.5,0.17,2.87,0.13,5.5,35.86032677,S345
346,Limekiln,2010/7/8,131844984,2010,7,8,20.9,1,Ye,3.87,2.79,0.64,0.17,0.84,0.13,7,28.94955308,S346
347,Limekiln,2010/8/12,131844984,2010,8,12,21.4,9,Ye,2.6,0.5,1.33,0.14,3.99,0.13,6.7,36.45625437,S347
348,Limekiln,2011/7/12,131844984,2011,7,12,21.5,5,Ye,4.79,1.74,2.81,0.24,2.33,0.15,4.5,36.74631431,S348
349,Limekiln,2011/8/9,131844984,2011,8,9,19,6,Ye,3.42,2.53,1.64,0.17,1.42,0.04,7.3,31.26059564,S349
350,Limekiln,2012/7/9,131844984,2012,7,9,20,5,Ye,3.041,1.58,0.381,0.315,1.36,0.034,7.3,30.75582412,S350
351,Limekiln,2012/8/7,131844984,2012,8,7,18.5,6,Ye,1.529,2.01,0.381,0.441,1.99,0.03,8.1,30.71111543,S351
352,Long,1994/6/29,89363813,1994,6,29,3,1.5,Ye,11.3,3.4,5.7,0.41,3.91,0.34,1.6,45.93154727,S352
353,Long,1994/8/2,89363813,1994,8,2,3,1,Ye,9.2,2.1,16,0.35,2.39,0.28,1.5,43.11689109,S353
354,Long,1994/8/29,89363813,1994,8,29,3.3,1.5,Ye,9,2,3.8,0.43,5.43,0.21,1.7,46.87684998,S354
355,Long,1995/6/14,89363813,1995,6,14,3,1.5,Ye,18,NA,6.6,0.88,4.1,0.48,1.15,48.69056663,S355
356,Long,1995/8/16,89363813,1995,8,16,3,1.5,Ye,13.2,0.5,4.9,0.65,2.42,0.23,1.65,43.62361356,S356
357,Long,1995/9/6,89363813,1995,9,6,2.7,1.5,Ye,6.8,4.32,3.68,1.03,2.43,0.22,2,41.26310456,S357
358,Long,1996/6/19,89363813,1996,6,19,3,1,Ye,11.81,2.22,5.6,0.43,6.01,0.28,1.4,48.88407478,S358
359,Long,1996/7/17,89363813,1996,7,17,2.9,1,Ye,9,1.51,4.06,0.4,4.49,0.26,1.2,47.36055865,S359
360,Long,1996/8/14,89363813,1996,8,14,2.9,1,Ye,7.23,2.71,4.04,0.4,3.19,0.2,1.5,44.08001912,S360
361,Long,1997/7/8,89363813,1997,7,8,2.9,1,Ye,15.2,2.95,6.5,0.46,2.62,0.33,1.6,44.50755825,S361
362,Long,1997/8/14,89363813,1997,8,14,3,1,Ye,7.7,1.7,3.7,0.5,2.4,0.22,2.1,41.28064363,S362
363,Long,1998/7/8,89363813,1998,7,8,2.8,1,Ye,9.06,3.77,2.42,0.53,4.14,0.1,1.5,45.99125267,S363
364,Long,1999/7/7,89363813,1999,7,7,2.7,1,Ye,9.85,0.5,4.86,0.31,2.49,0.3,1.5,43.49448918,S364
365,Long,1999/8/17,89363813,1999,8,17,3,1,Ye,6.43,0.5,2.71,0.35,2.52,0.11,1.8,41.77517358,S365
366,Long,2000/7/12,89363813,2000,7,12,2.8,0,Ye,11.04,1,4.11,0.38,4.68,0.31,1.5,47.10530855,S366
367,Long,2000/8/15,89363813,2000,8,15,2.5,0,Ye,6.87,1.62,4.29,0.45,4.04,0.44,1.5,45.21134137,S367
368,Long,2001/7/10,89363813,2001,7,10,2.7,0.5,Ye,8.51,1.69,4.38,0.44,3.77,0.3,1.6,45.07189322,S368
369,Long,2001/9/7,89363813,2001,9,7,2.5,1,Ye,6.8,2.3,4.58,0.39,4.82,0.13,1.75,45.46268567,S369
370,Long,2002/9/20,89363813,2002,9,20,2.5,1,Ye,9.47,1.98,2.91,0.39,2.54,0.13,1.5,43.50733567,S370
371,Long,2003/7/10,89363813,2003,7,10,2.5,1,Ye,12.23,2.11,5.58,0.53,3.16,0.34,1.3,45.87792942,S371
372,Long,2003/8/7,89363813,2003,8,7,2.5,1,Ye,11.21,1.03,4.09,0.41,7.11,0.13,2,48.12540787,S372
373,Long,2004/7/21,89363813,2004,7,21,2.8,1,Ye,5.7,1.92,2.19,0.36,2.99,0.13,1.75,42.51842051,S373
374,Long,2004/8/4,89363813,2004,8,4,2.8,1,Ye,5.4,4.32,3.79,0.33,1.75,0.13,1.9,39.20178495,S374
375,Long,2005/7/13,89363813,2005,7,13,3.1,0.5,Ye,9.91,2.11,3.69,0.43,4.08,0.34,1.3,46.73713373,S375
376,Long,2005/8/11,89363813,2005,8,11,3,1,Ye,8.47,3.49,4.25,0.41,2.87,0.27,1.4,44.18736826,S376
377,Long,2006/7/24,89363813,2006,7,24,3.2,1,Ye,8.27,2.54,3.55,0.43,2.31,0.48,1.1,44.0134423,S377
378,Long,2006/8/11,89363813,2006,8,11,2.9,1,Ye,7.77,2.32,3.3,0.43,3.99,0.39,1.1,46.76211803,S378
379,Loon Hollow,1994/7/27,133099412,1994,7,27,10.2,4,Ye,3.2,1.5,0.5,0.43,2.11,0.05,5.5,34.41396444,S379
380,Loon Hollow,1995/6/14,133099412,1995,6,14,11.1,3,Ye,0.5,NA,0.5,0.73,1.37,0.13,5.1,28.08613891,S380
381,Loon Hollow,1995/8/16,133099412,1995,8,16,10,4,Ye,1.5,1.83,0.5,2.18,2.1,0.17,4.2,33.76198671,S381
382,Loon Hollow,1995/9/7,133099412,1995,9,7,11.6,5,Ye,3.7,1.98,2.1,1.12,1.68,0.16,4.35,34.55187772,S382
383,Loon Hollow,1996/6/19,133099412,1996,6,19,11,1,Ye,6.66,1.75,8.42,0.46,2.99,0.28,3.8,39.56580673,S383
384,Loon Hollow,1996/8/14,133099412,1996,8,14,11.1,2,Ye,3.74,2.14,1.18,0.41,1.37,0.35,2.7,35.53769724,S384
385,Loon Hollow,1997/7/8,133099412,1997,7,8,10.9,3,Ye,4,2.03,2.4,0.49,2,0.29,3.7,36.35139377,S385
386,Loon Hollow,1997/8/14,133099412,1997,8,14,11.2,3,Ye,3,0.5,1.2,0.53,1.6,0.28,4.5,33.65538615,S386
387,Loon Hollow,1998/7/8,133099412,1998,7,8,10.4,2,Ye,3.65,0.5,1.06,0.49,3.49,0.13,2.5,40.76337029,S387
388,Loon Hollow,1998/8/12,133099412,1998,8,12,10.5,3,Ye,3.61,1.01,1,0.35,1.43,0.28,4.1,33.89379865,S388
389,Loon Hollow,1999/7/7,133099412,1999,7,7,10.2,3,Ye,7.64,0.5,1.38,0.6,0.91,0.35,5.2,32.24438861,S389
390,Loon Hollow,1999/8/17,133099412,1999,8,17,9.8,5,Ye,1.53,0.5,2.88,0.14,0.94,0.13,7.2,27.24363328,S390
391,Loon Hollow,2000/7/12,133099412,2000,7,12,10.8,3,Ye,3.71,0.83,0.5,0.34,1.49,0.36,4.7,33.591243,S391
392,Loon Hollow,2000/8/15,133099412,2000,8,15,10.6,3,Ye,2.23,1.14,1.21,0.36,0.73,0.35,4.4,28.89744728,S392
393,Loon Hollow,2001/7/10,133099412,2001,7,10,9.8,2,Ye,2.91,1.07,0.5,0.4,0.78,0.13,4.2,30.07307019,S393
394,Loon Hollow,2001/9/6,133099412,2001,9,6,10.5,5,Ye,1.58,1.3,1.97,0.31,0.87,0.13,6.7,27.2172992,S394
395,Loon Hollow,2002/9/18,133099412,2002,9,18,10.5,6,Ye,1.8,0.5,0.5,0.35,0.08,0.13,6.5,15.01134132,S395
396,Loon Hollow,2003/7/9,133099412,2003,7,9,10,2,Ye,2.4,0.5,2.24,0.34,1.01,0.13,3.1,32.28877432,S396
397,Loon Hollow,2003/8/6,133099412,2003,8,6,10.5,2,Ye,3.13,0.5,0.5,0.4,1.1,0.13,4.1,32.16859886,S397
398,Loon Hollow,2004/7/21,133099412,2004,7,21,9.8,2,Ye,2.62,0.5,0.5,0.33,0.7,0.13,4.7,28.77169126,S398
399,Loon Hollow,2004/8/3,133099412,2004,8,3,10.5,3,Ye,0.5,0.5,0.5,0.34,1.25,0.13,5.1,27.60054114,S399
400,Loon Hollow,2005/7/12,133099412,2005,7,12,11.3,3,Ye,2.81,1.04,1.2,0.32,0.68,0.13,5.5,28.10997063,S400
401,Loon Hollow,2005/8/9,133099412,2005,8,9,10.2,4,Ye,3.38,1.21,0.5,0.2,1.33,0.13,6.2,31.58507375,S401
402,Loon Hollow,2006/7/13,133099412,2006,7,13,11,2,Ye,2.73,1.59,1.54,0.26,1.09,0.3,2.3,34.27287901,S402
403,Loon Hollow,2006/8/10,133099412,2006,8,10,10.4,3,Ye,2.35,1.25,1.71,0.22,1.92,0.13,4.4,34.14341983,S403
404,Middle Branch,1995/8/15,131845583,1995,8,15,4.2,4,N,8.7,2.77,2.1,0.86,6.21,0.05,2.25,46.30856416,S404
405,Middle Branch,1995/9/7,131845583,1995,9,7,4.3,4,N,4.81,2.74,1.8,0.19,5.85,0.05,2.5,44.14834514,S405
406,Middle Branch,1996/6/18,131845583,1996,6,18,4.8,1,Ye,6.66,3.29,1.82,0.36,3.16,0.05,2.15,42.29621696,S406
407,Middle Branch,1996/7/16,131845583,1996,7,16,5.2,2,Ye,6.56,3.97,1.81,0.31,9.79,0.11,2,48.56041684,S407
408,Middle Branch,1996/8/14,131845583,1996,8,14,4.6,3,Ye,7.58,3.27,2.08,0.3,1.7,0.05,3,37.89047994,S408
409,Middle Branch,1997/7/8,131845583,1997,7,8,4.8,3,Ye,8.6,5.57,2.9,0.38,13.64,0.05,2.3,50.35556295,S409
410,Middle Branch,1997/8/12,131845583,1997,8,12,4.3,3,Ye,8.4,1.3,1.8,0.32,3.4,0.11,3.8,40.79210395,S410
411,Middle Branch,1998/7/9,131845583,1998,7,9,4.4,3,Ye,9.03,2.94,2.88,0.41,3.45,0.49,3.2,41.77490603,S411
412,Middle Branch,1998/8/12,131845583,1998,8,12,4.3,3,Ye,6.97,2.8,3.2,0.32,5.48,0.05,2.6,44.50620387,S412
413,Middle Branch,1999/7/8,131845583,1999,7,8,4.4,3,Ye,4.05,3.34,4.34,0.32,4.24,0.13,2.8,41.55397325,S413
414,Middle Branch,1999/8/18,131845583,1999,8,18,4.5,4,N,8.97,2.09,3.69,0.27,3.74,0.32,3.4,41.92733727,S414
415,Middle Branch,2000/7/20,131845583,2000,7,20,4.6,3,Ye,9.32,2.91,1.91,0.32,16.74,0.05,2.3,51.62941886,S415
416,Middle Branch,2000/8/16,131845583,2000,8,16,4.5,3,Ye,7.99,3.97,1.14,0.24,2.87,0.18,3.1,40.64812599,S416
417,Middle Branch,2001/7/11,131845583,2001,7,11,4.5,3,Ye,10.2,2.39,2.23,0.3,2.56,0.13,2.9,40.90200682,S417
418,Middle Branch,2002/9/18,131845583,2002,9,18,4.5,4,N,6.68,2.48,1.91,0.29,7.39,0.13,2.5,46.15821394,S418
419,Middle Branch,2003/7/9,131845583,2003,7,9,4.4,3,N,5.9,1.65,2.45,0.24,2.18,0.13,3.7,37.72143655,S419
420,Middle Branch,2003/8/6,131845583,2003,8,6,4.7,3,Ye,5.72,1.2,1.85,0.25,4.86,0.13,3.8,41.78147442,S420
421,Middle Branch,2004/7/13,131845583,2004,7,13,4.5,3,Ye,15.24,2.38,1.56,0.29,3.49,0.13,3.3,42.93443924,S421
422,Middle Branch,2004/8/3,131845583,2004,8,3,4.5,4,N,5.5,0.5,1.77,0.26,4.4,0.13,2.6,42.78667488,S422
423,Middle Branch,2005/7/12,131845583,2005,7,12,4.5,3,Ye,7.65,3.19,2.71,0.12,2.84,0.13,3.6,39.85028958,S423
424,Middle Branch,2005/8/9,131845583,2005,8,9,4.4,3,Ye,5.04,3.01,2.15,0.18,3.52,0.13,3.2,40.5106516,S424
425,Middle Branch,2006/7/13,131845583,2006,7,13,4.8,3,Ye,7.77,3.28,2.56,0.2,6.23,0.13,3.1,44.68832538,S425
426,Middle Branch,2006/8/9,131845583,2006,8,9,4.2,3,Ye,6.77,2.01,1.89,0.23,2.87,0.13,3.8,39.38732234,S426
427,Middle Settlement,1994/8/23,131845717,1994,8,23,10.5,5,Ye,3.7,2.8,0.5,0.27,3.04,0.1,5.5,36.68965822,S427
428,Middle Settlement,1995/8/15,131845717,1995,8,15,10,5,Ye,4.82,1.13,1.2,0.38,0.34,0.05,4.5,26.56520059,S428
429,Middle Settlement,1995/9/7,131845717,1995,9,7,9.5,6,Ye,2.79,0.5,1.28,0.2,0.98,0.11,7.1,28.93634305,S429
430,Middle Settlement,1996/6/18,131845717,1996,6,18,10.1,2,Ye,2.22,1.02,3.92,0.24,0.56,0.05,6.45,25.84559405,S430
431,Middle Settlement,1996/7/16,131845717,1996,7,16,10.4,3,Ye,4.08,0.5,1.98,0.23,0.56,0.1,6.8,27.04990634,S431
432,Middle Settlement,1996/8/14,131845717,1996,8,14,10.2,4,Ye,3.18,0.5,2.43,0.23,0.53,0.05,8,25.47691729,S432
433,Middle Settlement,1997/7/8,131845717,1997,7,8,9.5,3,Ye,4.7,1.12,1.4,0.23,0.72,0.21,7.9,28.0720191,S433
434,Middle Settlement,1997/8/12,131845717,1997,8,12,9.9,4,Ye,4.7,0.5,1.6,0.22,0.7,0.17,7.3,28.26083893,S434
435,Middle Settlement,1998/7/9,131845717,1998,7,9,10,3,Ye,5.51,1.44,2.25,0.29,1.03,0.18,6.2,31.37959536,S435
436,Middle Settlement,1998/8/12,131845717,1998,8,12,10,3,Ye,8.16,1.85,2.92,0.47,3.26,0.22,3.2,41.23670315,S436
437,Middle Settlement,1999/7/8,131845717,1999,7,8,9.8,3,Ye,2.72,0.5,1.38,0.1,0.64,0.37,7.2,26.55962116,S437
438,Middle Settlement,1999/8/18,131845717,1999,8,18,9.6,5,Ye,5.19,0.5,1.85,0.02,0.91,0.05,7.8,29.60025316,S438
439,Middle Settlement,2000/7/20,131845717,2000,7,20,10.4,4,Ye,2.96,0.5,1.39,0.05,0.72,0.18,8,26.931395,S439
440,Middle Settlement,2000/8/16,131845717,2000,8,16,9.4,5,Ye,3.44,1.02,2.09,0.16,0.53,0.1,7.9,25.71547488,S440
441,Middle Settlement,2001/7/11,131845717,2001,7,11,9.8,3,Ye,4.94,0.89,0.5,0.23,0.93,0.13,5.4,31.17315768,S441
442,Middle Settlement,2002/9/18,131845717,2002,9,18,9.1,6,Ye,4.07,0.87,1.24,0.3,1.17,0.18,6.2,31.34271706,S442
443,Middle Settlement,2004/7/13,131845717,2004,7,13,8.9,4,Ye,2.85,1.27,1.05,0.1,1.11,0.13,7,29.70692027,S443
444,Middle Settlement,2004/8/3,131845717,2004,8,3,10,0.5,Ye,1.58,0.5,1.07,0.2,1.18,0.13,6.6,28.89618092,S444
445,Middle Settlement,2005/7/12,131845717,2005,7,12,10.5,3,Ye,6.1,1.04,2.04,0.16,0.97,0.52,6.3,31.23227671,S445
446,Middle Settlement,2005/8/9,131845717,2005,8,9,10.4,3,Ye,6.45,1.61,0.5,0.27,1.11,0.21,5.9,32.35834471,S446
447,Middle Settlement,2006/8/9,131845717,2006,8,9,10.6,3,Ye,4.94,5.53,1.36,0.19,3.96,0.2,5.1,39.09273363,S447
448,Middle Settlement,2007/7/12,131845717,2007,7,12,10.4,3,Ye ,10.22,4.38,1.3,0.12,2.52,0.13,4.4,39.03897611,S448
449,Middle Settlement,2007/8/1,131845717,2007,8,1,10.1,2,Ye,6.01,1.37,0.5,0.25,1.5,0.33,5.2,34.32785427,S449
450,Middle Settlement,2008/7/1,131845717,2008,7,1,9.9,2,Ye,3.43,2.77,1.91,0.34,1.06,,6.1,30.48714727,S450
451,Middle Settlement,2008/8/5,131845717,2008,8,5,10,4,Ye,4.64,3.4,2.27,0.13,3.93,0.13,3,41.17615731,S451
452,Moss,1994/6/28,131844377,1994,6,28,13.2,4,Ye,9,3.2,0.5,0.5,0.9,0.13,5.8,32.1035741,S452
453,Moss,1994/8/2,131844377,1994,8,2,14.1,4,Ye,3,1.1,2.2,0.43,1.5,0.05,5.6,32.3775603,S453
454,Moss,1995/9/13,131844377,1995,9,13,13.3,6,Ye,2,3.58,1.89,0.31,1.25,0.05,5.7,30.38295045,S454
455,Moss,1996/7/15,131844377,1996,7,15,14,3,Ye,4.77,0.5,1.94,0.55,1.94,0.13,3.6,36.72110352,S455
456,Moss,1996/8/20,131844377,1996,8,20,13.6,3,Ye,3.76,0.5,1.76,0.44,0.96,0.05,5.1,30.94441856,S456
457,Moss,1997/7/15,131844377,1997,7,15,13.5,2,Ye,6.5,1.4,1.8,0.36,1,0.05,3.2,34.4420282,S457
458,Moss,1997/8/19,131844377,1997,8,19,12.7,4,Ye,4.6,1.2,2.5,0.37,0.6,0.05,4,29.96831562,S458
459,Moss,1998/7/13,131844377,1998,7,13,13.7,3,Ye,3.38,1.38,3.55,0.36,1.61,0.05,3.2,35.42780314,S459
460,Moss,1998/8/18,131844377,1998,8,18,12.5,3,Ye,3.8,2.6,3.22,0.4,1.9,0.12,3.65,36.01733889,S460
461,Moss,1999/6/30,131844377,1999,6,30,13,3,Ye,5.17,2.23,1.65,0.35,1.06,0.12,5.5,31.89470051,S461
462,Moss,1999/8/23,131844377,1999,8,23,13.5,5,Ye,3.47,1.93,2.22,0.27,1.71,0.27,5.2,33.73092586,S462
464,Moss,2001/8/7,131844377,2001,8,7,14.2,2,Ye,3.42,1.8,3.16,0.31,1.97,0.13,4.5,35.0653805,S464
465,Moss,2002/8/14,131844377,2002,8,14,13.9,5,Ye,5.27,2.81,1.6,0.28,1.9,0.13,5.8,34.80391508,S465
466,Moss,2002/9/17,131844377,2002,9,17,13.7,5,Ye,3.91,2.64,1.74,0.28,3.58,0.13,4.4,38.64057029,S466
467,Moss,2003/7/15,131844377,2003,7,15,13,3,Ye,4.35,1.98,1.37,0.3,1.55,0.13,4.2,34.65581949,S467
468,Moss,2004/7/6,131844377,2004,7,6,13.9,3,Ye,3,0.5,1.77,0.33,1.75,0.13,4.3,34.3246661,S468
469,Moss,2004/8/11,131844377,2004,8,11,13.5,4,Ye,2.77,2.65,3,0.31,3.24,0.13,4.8,36.92937668,S469
470,Moss,2005/7/20,131844377,2005,7,20,13.5,2,Ye,2.98,0.5,1.69,0.32,1.75,0.13,4.8,33.83816537,S470
471,Moss,2005/8/17,131844377,2005,8,17,14,4,Ye,3.57,3.27,1.15,0.25,3.99,0.13,4.6,38.81089021,S471
472,Moss,2006/8/16,131844377,2006,8,16,13.8,3,Ye,4.02,3.18,1.17,0.3,3.3,0.13,3,39.91347943,S472
473,Moss,2007/7/13,131844377,2007,7,13,13.5,4,Ye,3.71,1.63,11.24,0.49,1.62,0.13,4.75,33.98908168,S473
474,Moss,2007/7/31,131844377,2007,7,31,13.5,3,Ye,4.54,4.03,1.12,0.39,2.31,0.08,5.2,35.95587974,S474
475,Moss,2008/6/30,131844377,2008,6,30,13,2,Ye,3.43,3.98,1.7,0.42,3.12,0.13,3.6,38.46298789,S475
476,Moss,2008/8/6,131844377,2008,8,6,14,3,Ye,3.91,2.88,1.91,0.05,3.15,0.13,3.5,38.94210244,S476
477,Moss,2010/7/7,131844377,2010,7,7,13.5,1,Ye,7.23,4.4,1.82,0.22,1.31,0.13,4,35.16764246,S477
478,Moss,2010/8/12,131844377,2010,8,12,12.5,3,Ye,12.41,2.77,1.49,0.19,2.9,,4.5,40.14318296,S478
479,Moss,2011/7/13,131844377,2011,7,13,13.8,2,Ye,4.28,12.3,2.68,0.25,5.56,0.26,2.5,43.60460422,S479
480,Moss,2011/8/9,131844377,2011,8,9,13,3,Ye,4.26,2.5,1.54,0.27,2,MDL,4.2,35.95694537,S480
481,Moss,2012/7/10,131844377,2012,7,10,12.5,3,Ye,2.794,3.17,1.271,0.236,1.94,0.058,4,35.0129894,S481
482,Moss,2012/8/7,131844377,2012,8,7,13.5,4,Ye,3.436,3.98,0.381,0.424,3.54,0.07,3.9,38.79355989,S482
483,North,1994/6/29,131846580,1994,6,29,13.5,4,Ye,1.1,2.5,0.5,0.57,0.19,0.13,5,19.55889118,S483
484,North,1994/7/27,131846580,1994,7,27,15.6,4,Ye,4.5,2.8,1,0.51,0.95,0.2,3.1,33.44186185,S484
485,North,1994/8/31,131846580,1994,8,31,15.5,5,Ye,3.1,3.1,0.5,0.34,2.17,0.32,2.6,37.69443589,S485
486,North,1995/6/19,131846580,1995,6,19,13.5,4,Ye,1.1,2.1,NA,0.88,0.39,0.05,6.25,22.41336852,S486
487,North,1995/9/13,131846580,1995,9,13,15,9,Ye,0.5,2.9,1.37,0.49,2.15,0.65,3.7,31.84686107,S487
488,North,1996/6/17,131846580,1996,6,17,16.5,2,Ye,3.2,1.69,2.51,0.45,0.75,0.11,5.55,28.89576148,S488
489,North,1996/8/19,131846580,1996,8,19,16.3,4,Ye,3.96,0.5,1.04,0.09,1.5,0.23,3.5,35.04163003,S489
490,North,1997/7/14,131846580,1997,7,14,15.5,4,Ye,3.8,1.49,1.5,0.43,0.85,0.13,4.9,30.49582768,S490
491,North,1997/8/18,131846580,1997,8,18,14.7,6,Ye,5,3.2,2.8,0.5,0.5,0.44,3.7,29.53212801,S491
492,North,1998/7/13,131846580,1998,7,13,15,3,Ye,5.41,1.31,2.25,0.37,1.28,0.25,3.2,35.3183106,S492
493,North,1998/8/17,131846580,1998,8,17,15,3,Ye,9.91,3.39,3.9,0.45,2.59,0.4,2.5,41.53113309,S493
494,North,1999/6/29,131846580,1999,6,29,14.3,3,Ye,6.88,1.59,0.5,0.4,1.33,0.2,4.3,34.82176111,S494
495,North,1999/8/24,131846580,1999,8,24,13.8,6,Ye,3.23,2.23,0.5,0.42,2.4,0.55,4.7,35.79081886,S495
496,North,2000/7/18,131846580,2000,7,18,15,5,Ye,5.71,3.27,1.4,0.47,1.85,0.17,3.5,37.01281316,S496
497,North,2001/8/7,131846580,2001,8,7,14,2,Ye,5.69,1.96,1.84,0.42,2.25,0.28,2.8,38.99650632,S497
498,North,2002/8/13,131846580,2002,8,13,13.5,3,Ye,3.68,1.89,1.77,0.34,1.91,0.35,3.3,36.40114546,S498
499,North,2002/9/10,131846580,2002,9,10,13.3,5,Ye,4.1,2.1,1.96,0.46,3.21,0.69,3,39.81331419,S499
500,North,2003/7/15,131846580,2003,7,15,14.5,4,Ye,4.69,1.68,0.5,0.31,1.38,0.13,3.5,34.99759523,S500
501,North,2003/9/4,131846580,2003,9,4,14,7,Ye,7.53,1.59,1.56,0.44,5.11,0.63,2.3,44.84223829,S501
502,North,2004/7/6,131846580,2004,7,6,14.5,4,Ye,2.56,0.5,1.26,0.42,1.3,0.13,3.6,33.13764567,S502
503,North,2004/8/11,131846580,2004,8,11,15,4,Ye,6.24,3.95,NA,0.45,2.24,0.43,3,38.89451302,S503
504,North,2005/7/19,131846580,2005,7,19,16,2,Ye,3,0.5,1,0.41,1.98,0.33,2.8,36.81479717,S504
505,North,2005/8/16,131846580,2005,8,16,15.1,3,Ye,4.68,3.41,1.65,0.36,4.55,0.44,2.9,42.11742841,S505
506,North,2006/7/18,131846580,2006,7,18,15.3,1,Ye,6.44,3.73,1.42,0.37,1.13,0.38,2.5,36.12417093,S506
507,North,2006/8/16,131846580,2006,8,16,15.3,4,Ye,8.05,5.08,2.11,0.4,2.31,0.52,2.2,40.9835577,S507
508,North,2007/7/11,131846580,2007,7,11,15,3,Ye,4.53,1.89,1.1,0.26,2.24,0.13,3.7,37.24420319,S508
509,North,2007/7/30,131846580,2007,7,30,15,6,Ye,3.12,5.42,0.5,0.52,2.06,0.35,4.2,35.38151193,S509
510,North,2008/7/2,131846580,2008,7,2,15,3,Ye,3.14,2.29,1.96,0.39,3.27,0.13,3.2,39.00818845,S510
511,North,2008/8/7,131846580,2008,8,7,15.3,4,Ye,4.96,2.44,1.91,0.17,4.52,0.13,2.9,42.2189645,S511
512,North,2010/7/7,131846580,2010,7,7,14.6,1,Ye,7.99,4.16,1.1,0.3,7.08,0.13,1.7,48.00265018,S512
513,North,2010/8/11,131846580,2010,8,11,15.5,5,Ye,3.65,3.42,2.28,0.27,3.49,,2.1,41.50956269,S513
514,North,2011/7/11,131846580,2011,7,11,17.5,3,Ye,5.64,3.6,5.96,0.5,3.33,0.35,2.8,41.05256449,S514
515,North,2011/8/8,131846580,2011,8,8,12.6,4,Ye,5.61,2.72,1.81,0.29,6.92,0.41,2.6,45.23194237,S515
516,North,2012/7/10,131846580,2012,7,10,14.5,4,Ye,5.702,0.365,1.6,0.621,7.26,0.25,2.2,46.23921345,S516
517,North,2012/8/6,131846580,2012,8,6,14,4,Ye,4.05,4.56,0.381,0.435,7.45,0.455,3.3,43.83667753,S517
518,Queer,1994/8/23,132437639,1994,8,23,17.2,6,Ye,2.6,1,1.7,0.36,1.09,0.05,10.25,27.76264585,S518
519,Queer,1995/6/13,132437639,1995,6,13,16.5,4,Ye,2.5,1,1.1,1.46,0.29,0.05,7.5,21.9933176,S519
520,Queer,1995/8/15,132437639,1995,8,15,16,6,Ye,2.7,0.5,0.5,0.71,0.56,0.05,8.9,24.92772139,S520
521,Queer,1995/9/6,132437639,1995,9,6,16.5,7,Ye,2.63,0.5,1.3,0.32,0.93,0.05,9.4,27.31914876,S521
522,Queer,1996/6/18,132437639,1996,6,18,17.9,3,Ye,2.07,0.5,0.5,0.47,0.27,0.05,8.8,20.4870244,S522
523,Queer,1996/8/15,132437639,1996,8,15,20.5,4,Ye,2.61,0.5,1.18,0.48,1.14,0.1,9.6,28.28964758,S523
524,Queer,1997/7/8,132437639,1997,7,8,19.9,4,Ye,4.2,1.41,1.3,0.52,0.54,0.19,8.25,26.09814717,S524
525,Queer,1997/8/12,132437639,1997,8,12,18.2,5,Ye,3.3,0.5,1,0.5,0.6,0.05,7.8,26.32949221,S525
526,Queer,1998/7/8,132437639,1998,7,8,22,3,Ye,2.94,NA,1.2,0.59,1.47,,7.5,30.97277613,S526
527,Queer,1998/8/11,132437639,1998,8,11,20.2,4,Ye,1.5,1,1.3,0.45,1.75,0.05,6.25,31.09496102,S527
528,Queer,1999/7/7,132437639,1999,7,7,20.8,4,Ye,2.17,0.5,1.77,0.42,0.66,0.1,7.5,26.01694221,S528
529,Queer,1999/8/17,132437639,1999,8,17,22,6,Ye,2.64,0.5,0.5,0.37,0.84,0.27,8.1,27.42591033,S529
530,Queer,2000/7/12,132437639,2000,7,12,20.2,5,Ye,2.45,0.67,1.05,0.39,0.86,0.05,8.5,27.16870892,S530
531,Queer,2000/8/15,132437639,2000,8,15,19.7,5,Ye,3.41,0.5,0.5,0.36,2.46,0.18,5.8,35.14907533,S531
532,Queer,2001/7/10,132437639,2001,7,10,19.8,4,Ye,2.4,0.76,2.23,0.44,0.86,0.13,7.5,27.65591357,S532
533,Queer,2002/9/19,132437639,2002,9,19,17.6,7,Ye,2.4,1.54,1.58,0.33,1.26,0.13,7.5,29.67917398,S533
534,Queer,2003/7/9,132437639,2003,7,9,18,4,Ye,2.23,0.5,1.6,0.38,0.68,0.13,9.8,25.09444256,S534
535,Queer,2004/7/13,132437639,2004,7,13,19.8,4,Ye,1.93,0.5,0.5,0.37,0.91,0.13,8,27.16679155,S535
536,Queer,2004/8/3,132437639,2004,8,3,19.9,5,Ye,2.28,0.5,1.04,0.35,1.57,0.13,5.9,31.75078157,S536
537,Queer,2005/7/12,132437639,2005,7,12,19.5,4,Ye,2.15,1.04,1.46,0.41,1.22,0.13,7.7,29.13709056,S537
538,Queer,2005/8/9,132437639,2005,8,9,18.2,4,Ye,2.87,1.69,0.5,0.3,1.48,0.13,6.5,31.56448921,S538
539,Queer,2006/7/13,132437639,2006,7,13,19.5,3,Ye,2.23,1.59,1.4,0.25,1.53,0.13,4.9,32.35677479,S539
540,Queer,2006/8/9,132437639,2006,8,9,20.3,4,Ye,2.61,1.25,1.53,0.29,1.36,0.13,5.9,31.30784595,S540
541,Raquette,1994/6/29,132437600,1994,6,29,3.2,2,N,8.7,4.6,3.8,0.4,2.33,0.36,3.2,39.60813886,S541
542,Raquette,1994/8/2,132437600,1994,8,2,3,1.5,Ye,9.9,2.2,NA,0.44,4.56,0.49,1.7,46.17585924,S542
543,Raquette,1994/8/30,132437600,1994,8,30,3.5,1,Ye,5.7,5.1,6.2,0.29,3.18,0.36,2.45,41.40475793,S543
544,Raquette,1995/8/7,132437600,1995,8,7,3.7,2,Ye,12.4,3.43,6.9,0.6,6.04,0.44,3.7,44.86569671,S544
545,Raquette,1996/7/15,132437600,1996,7,15,2.8,1,Ye,4.43,2.45,2.7,0.36,3.01,0.27,2,41.38978055,S545
546,Raquette,1996/8/19,132437600,1996,8,19,2.4,2,N,13.44,2.91,4.78,0.66,3.25,0.77,2.1,44.19598401,S546
547,Raquette,1998/7/13,132437600,1998,7,13,3,2,Ye,5.41,1.81,4.2,0.31,2.23,0.51,2.5,39.31562158,S547
548,Raquette,1998/8/10,132437600,1998,8,10,3,1,Ye,10.42,4.13,6.35,0.5,2.79,0.63,1.5,44.22934199,S548
549,Raquette,1999/6/29,132437600,1999,6,29,3.3,1,Ye,7.23,3.14,4.23,0.32,2.46,0.57,2.5,40.51722287,S549
550,Raquette,1999/8/23,132437600,1999,8,23,3,1,Ye,6.01,2.91,16.61,0.48,4.49,0.88,1.7,44.92077077,S550
551,Raquette,2000/7/18,132437600,2000,7,18,2.9,1,Ye,5.37,4.29,2.61,0.42,1.62,0.48,2.3,37.96211357,S551
552,Raquette,2001/7/17,132437600,2001,7,17,2.9,0.5,Ye,8.5,4.49,4.69,0.49,2.52,0.67,2,41.98024851,S552
553,Raquette,2001/8/7,132437600,2001,8,7,3.1,1,Ye,11.06,3.18,6.63,0.85,2.5,1.78,1.3,44.40049259,S553
554,Raquette,2002/8/13,132437600,2002,8,13,2.8,1,Ye,13.3,5.53,7.1,1.18,5.95,3.59,0.85,51.24576614,S554
555,Raquette,2002/9/10,132437600,2002,9,10,3,1,Ye,19.13,5.76,6.43,1.51,6.2,3.47,1,51.62263079,S555
556,Raquette,2003/7/7,132437600,2003,7,7,3.2,1,Ye,10.86,3.77,4.68,0.66,4.08,1.63,1.1,47.66725252,S556
557,Raquette,2003/9/3,132437600,2003,9,3,2.9,1,Ye,17.2,5.28,4.26,1.24,17.14,3.83,0.9,57.21032585,S557
558,Raquette,2004/7/7,132437600,2004,7,7,2.9,1,Ye,7.75,2.73,3.52,0.1,4.11,0.92,1.7,45.0499704,S558
559,Raquette,2004/8/10,132437600,2004,8,10,3.2,1,Ye,9.87,8.17,4.3,0.8,5.74,1.92,1.5,47.92352084,S559
560,Raquette,2005/8/16,132437600,2005,8,16,3,1,Ye,10.03,8.62,3.64,0.78,12.84,2.52,0.95,54.1811079,S560
561,Raquette,2006/7/12,132437600,2006,7,12,3,1,Ye,7.77,4.6,3.49,0.52,4.36,0.99,1.5,45.90450408,S561
562,Raquette,2006/8/15,132437600,2006,8,15,3,1,Ye,15.78,NA,8.37,1.46,9.73,3.77,0.8,54.51248698,S562
563,Rondaxe,1994/7/26,131844719,1994,7,26,7.5,4,Ye,6.5,1.9,1.5,0.52,2.17,0.21,3.9,37.69941922,S563
564,Rondaxe,1995/9/13,131844719,1995,9,13,9.8,6,Ye,3.87,5.28,2.23,0.33,3.19,0.18,3.8,38.63281788,S564
565,Rondaxe,1996/6/25,131844719,1996,6,25,10.5,3.2,Ye,4.48,2.55,5.29,0.58,3.14,0.25,2.5,40.68514626,S565
566,Rondaxe,1996/7/15,131844719,1996,7,15,10.4,3,Ye,4.24,2.11,1.77,0.48,2,0.18,3,37.38590814,S566
567,Rondaxe,1996/8/20,131844719,1996,8,20,9.5,3,Ye,4.94,0.5,1.04,0.46,1.74,0.23,3.9,35.88447769,S567
568,Rondaxe,1997/7/15,131844719,1997,7,15,10.4,4,Ye,4.7,1.23,2,0.46,1.02,0.14,6,31.09451779,S568
569,Rondaxe,1997/8/19,131844719,1997,8,19,9.7,4,Ye,7.7,1.4,2.5,0.41,1.8,0.16,5.2,35.87611809,S569
570,Rondaxe,1998/7/14,131844719,1998,7,14,10.2,3,Ye,4.56,1.68,2.58,0.39,2.52,0.33,4.2,37.34119354,S570
571,Rondaxe,1998/8/10,131844719,1998,8,10,9.3,4,Ye,4.14,2.18,3.06,0.38,4.07,0.21,3.8,40.08189953,S571
572,Rondaxe,1999/6/30,131844719,1999,6,30,8.7,3,Ye,5.69,1.9,2.33,0.39,1.87,0.26,5.7,34.97427021,S572
573,Rondaxe,1999/8/24,131844719,1999,8,24,10,5,Ye,6.46,3.07,2.58,0.2,2.28,0.24,4.2,37.62969238,S573
574,Rondaxe,2000/7/13,131844719,2000,7,13,9.6,4,Ye,5.78,2.15,2.67,0.32,4.24,0.16,3.4,41.55905776,S574
575,Rondaxe,2001/8/8,131844719,2001,8,8,9,3,Ye,4.82,0.5,1.68,0.25,2.01,0.21,5.2,35.35961136,S575
576,Rondaxe,2002/8/14,131844719,2002,8,14,9.7,4,Ye,4.96,4.03,2.63,0.28,1.78,0.28,5.5,34.54311203,S576
577,Rondaxe,2002/9/12,131844719,2002,9,12,8.8,5,Ye,3.08,0.5,1.33,0.23,2.34,0.13,4.7,35.54492996,S577
578,Rondaxe,2003/7/16,131844719,2003,7,16,10.5,3,Ye,4.86,1.74,1.57,0.35,2.28,0.32,4.5,36.66549928,S578
579,Rondaxe,2003/9/4,131844719,2003,9,4,10.7,5,Ye,4.36,1.59,1.49,0.31,2.68,0.23,3.03,38.95930952,S579
580,Rondaxe,2004/7/7,131844719,2004,7,7,9.5,3,Ye,4.52,1.3,2.51,0.32,1.08,0.25,4.4,32.63291385,S580
581,Rondaxe,2004/8/10,131844719,2004,8,10,9.5,4,Ye,3.43,2.49,3.32,0.27,2.62,0.26,4.2,36.87802152,S581
582,Rondaxe,2005/7/20,131844719,2005,7,20,8,2,Ye,5.75,1.71,1.91,0.3,2.21,0.34,3.9,37.50800622,S582
583,Rondaxe,2005/8/17,131844719,2005,8,17,9.7,4,Ye,4.85,2.87,2.15,0.18,4.68,0.51,3.9,41.08257707,S583
584,Rondaxe,2006/7/17,131844719,2006,7,17,10.4,2,Ye,6.53,3.8,2.21,0.41,2.68,0.36,3.3,39.54342179,S584
585,Rondaxe,2006/8/16,131844719,2006,8,16,10.4,4,Ye,4.28,3.01,1.17,0.28,2.74,0.32,3.9,37.95279806,S585
586,Rondaxe,2007/7/12,131844719,2007,7,12,4.2,3,Ye,4.32,4.91,1.39,0.24,3.21,0.13,4.2,38.49614526,S586
587,Rondaxe,2007/7/31,131844719,2007,7,31,11,4,Ye,4.89,4.19,1.08,0.3,2.65,0.23,4.9,37.1121531,S587
588,Rondaxe,2008/7/1,131844719,2008,7,1,9.5,3,Ye,5.9,3.69,2.19,0.34,1.34,0.13,4.6,34.21162253,S588
589,Rondaxe,2008/8/4,131844719,2008,8,4,9.5,4,Ye,5.11,0.5,4.43,0.25,5.52,0.13,3.5,42.54294246,S589
590,Rondaxe,2010/7/7,131844719,2010,7,7,9.6,7,Ye,5.55,2.57,0.92,0.24,2.24,0.13,2.9,38.76417166,S590
591,Rondaxe,2010/8/12,131844719,2010,8,12,8.2,5,Ye,2.03,6.12,3.39,0.19,3.74,,3.5,38.31084656,S591
592,Rondaxe,2011/7/12,131844719,2011,7,12,8.8,2,Ye,3.94,2.62,2.56,0.23,3.48,0.4,2,41.88287381,S592
593,Rondaxe,2011/8/10,131844719,2011,8,10,9.1,4,Ye,3.66,3.2,1.05,0.2,1.87,0.27,3.8,35.67243396,S593
594,Rondaxe,2012/7/11,131844719,2012,7,11,9.5,3,Ye,5.381,3.06,1.765,0.312,1.81,0.324,3.5,36.75753082,S594
595,Rondaxe,2012/8/8,131844719,2012,8,8,10.1,4,Ye,3.906,4.15,0.381,0.387,4.26,0.311,3.7,40.30097916,S595
596,Sagamore,1994/6/28,132437679,1994,6,28,21.3,4,Ye,7,1.8,1.4,0.38,1.28,0.14,3.6,35.4198483,S596
597,Sagamore,1994/7/26,132437679,1994,7,26,21.1,3,Ye,3.5,2.1,3.6,0.36,2.61,0.17,3,38.34527319,S597
598,Sagamore,1994/8/29,132437679,1994,8,29,22.5,4,Ye,6,0.5,1.9,0.44,3.26,0.22,2.4,41.74518577,S598
599,Sagamore,1995/6/19,132437679,1995,6,19,21.5,3,Ye,9,2.6,NA,0.95,0.88,0.22,4.7,32.88454238,S599
600,Sagamore,1995/8/7,132437679,1995,8,7,23,4,Ye,7,1.18,7,0.05,1.26,0.26,3.9,34.99385858,S600
601,Sagamore,1995/9/12,132437679,1995,9,12,20.7,6,Ye,1.3,1.79,3.09,0.44,0.92,0.32,3.35,30.02134875,S601
602,Sagamore,1996/6/17,132437679,1996,6,17,20.5,6,Ye,5.25,3.09,1.63,0.58,0.99,0.19,3.5,33.50327075,S602
603,Sagamore,1996/7/15,132437679,1996,7,15,21.3,2,Ye,4.96,0.5,4.42,0.41,1.54,0.18,2.2,37.69739815,S603
604,Sagamore,1996/8/19,132437679,1996,8,19,20.5,3,Ye,6.72,0.98,2.65,0.46,1.78,0.2,2.8,38.14630085,S604
605,Sagamore,1997/7/15,132437679,1997,7,15,22,2,Ye,5.6,1.88,3.2,0.54,0.62,0.29,2.7,32.28650798,S605
606,Sagamore,1997/8/19,132437679,1997,8,19,20.8,2,Ye,7.2,2.3,3.7,0.46,1.5,0.31,3.1,36.96621854,S606
607,Sagamore,1998/7/13,132437679,1998,7,13,19.5,3,Ye,9.81,1.6,4.04,0.55,2.81,0.24,1.8,43.34509546,S607
608,Sagamore,1998/8/18,132437679,1998,8,18,21,2,Ye,12.4,3.94,12.43,0.52,5.6,0.38,2.2,46.68996247,S608
609,Sagamore,1999/6/29,132437679,1999,6,29,19.9,2,Ye,2.95,2.67,3.71,0.39,1.8,0.33,2.5,36.75541727,S609
610,Sagamore,1999/8/23,132437679,1999,8,23,20.5,4,Ye,6.82,5.05,4.01,0.54,4.52,0.48,2.5,43.60268074,S610
611,Sagamore,2000/7/18,132437679,2000,7,18,20.5,2,Ye,6.23,4.44,2.61,0.42,1.61,0.39,1.8,39.3275371,S611
612,Sagamore,2001/7/17,132437679,2001,7,17,20.9,1,Ye,6.13,2.07,6.38,0.44,1.15,0.28,2.5,36.10115306,S612
613,Sagamore,2002/8/13,132437679,2002,8,13,20,5,Ye,5.93,3,3.66,0.27,0.88,0.32,3,33.82533329,S613
614,Sagamore,2002/9/10,132437679,2002,9,10,19.5,5,Ye,4.58,1.78,3.26,0.31,1.69,0.35,3.3,36.26712597,S614
615,Sagamore,2003/7/7,132437679,2003,7,7,20.5,2,Ye,3.4,1.27,2.36,0.32,0.27,0.18,4.2,24.81899117,S615
616,Sagamore,2003/8/4,132437679,2003,8,4,20.9,1,Ye,5.72,1.42,3.07,0.46,2.38,0.38,2.75,39.38353781,S616
617,Sagamore,2004/7/7,132437679,2004,7,7,21,3,Ye,3.35,0.5,3.86,0.3,2.04,0.13,3.3,36.52912968,S617
618,Sagamore,2004/8/10,132437679,2004,8,10,21.5,4,Ye,5.08,5.5,3.65,0.43,2.18,0.44,2,40.0025642,S618
619,Sagamore,2005/7/19,132437679,2005,7,19,21,1,Ye,7.69,0.5,3.93,0.43,2.59,0.43,2.1,41.68119345,S619
620,Sagamore,2005/8/16,132437679,2005,8,16,17.2,3,Ye,7.52,4.44,4.91,0.39,2.77,0.44,2.1,41.98457911,S620
621,Sagamore,2006/7/12,132437679,2006,7,12,20,2,Ye,6.87,3.87,4.33,0.44,5.98,0.49,1.8,46.50855953,S621
622,Sagamore,2007/7/10,132437679,2007,7,10,20.5,3,Ye,6.5,1.7,3.8,0.54,3.99,0.13,2.7,42.49965267,S622
623,Sagamore,2007/7/30,132437679,2007,7,30,20.5,2,Ye,4.41,4.61,3.08,0.54,2.06,0.24,2.7,38.08581164,S623
624,Sagamore,2008/8/5,132437679,2008,8,5,21,4,Ye,10.6,1.89,4.23,0.2,2.77,0.13,3.1,41.12464387,S624
625,Sagamore,2010/7/6,132437679,2010,7,6,20,1,Ye,4.14,3.4,2.3,0.42,1.93,0.13,2,38.87637458,S625
626,Sagamore,2010/8/18,132437679,2010,8,18,21.5,3,Ye,8.24,4.5,3.57,0.23,2.68,0.35,1.8,42.6842451,S626
627,Sagamore,2011/7/14,132437679,2011,7,14,20,3,Ye,5.33,4.29,3.61,0.52,2.51,0.41,2.3,40.26404153,S627
628,Sagamore,2011/8/10,132437679,2011,8,10,22,4,Ye,7.33,7.1,3.43,0.35,3.81,0.41,2.3,43.22380616,S628
629,Sagamore,2012/7/11,132437679,2012,7,11,21.5,3,Ye,7.724,3.21,4.401,0.42,3.45,0.366,2.25,42.91514029,S629
630,Sagamore,2012/8/8,132437679,2012,8,8,21,3,Ye,9.764,6.25,2.686,0.544,9.86,0.461,2.7,48.24858575,S630
631,South,1994/7/27,131846593,1994,7,27,19.3,6,Ye,3,1.8,1.5,0.5,1.65,0.05,9.4,30.66577914,S631
632,South,1995/6/19,131846593,1995,6,19,17.5,5,Ye,2.2,2.1,1.1,0.61,0.71,0.05,10.1,25.16225959,S632
633,South,1995/8/8,131846593,1995,8,8,18,8,Ye,9.1,2,0.5,0.6,0.77,0.13,9.85,29.03650527,S633
634,South,1995/9/13,131846593,1995,9,13,17.7,10,Ye,4.44,5.45,7.05,NA,1.4,0.22,5.9,32.71021369,S634
635,South,1996/6/17,131846593,1996,6,17,18,3,Ye,3.57,1.69,0.5,0.62,0.29,0.05,6.6,23.37782484,S635
636,South,1996/7/15,131846593,1996,7,15,18.6,5,Ye,3.02,0.5,0.5,0.53,0.98,0.05,6.8,29.30730226,S636
637,South,1996/8/19,131846593,1996,8,19,18.9,6,Ye,3.16,0.5,0.5,0.49,0.81,0.05,8.5,27.44955897,S637
638,South,1997/7/14,131846593,1997,7,14,19.2,6,Ye,3.1,1.49,1.1,0.46,0.55,0.05,7.8,25.72160655,S638
639,South,1997/8/18,131846593,1997,8,18,19.1,7,Ye,3.2,0.5,1.1,0.48,0.6,0.05,8.3,25.99125493,S639
640,South,1998/7/13,131846593,1998,7,13,18.5,5,Ye,3.89,1.2,1.12,0.55,0.73,0.05,8.7,27.2876627,S640
641,South,1998/8/17,131846593,1998,8,17,19,7,Ye,7.37,2,2.12,0.47,1.11,0.05,8.1,31.31544011,S641
642,South,1999/6/29,131846593,1999,6,29,18.5,6,Ye,3.81,0.5,1.48,0.53,0.63,0.1,9,26.31329143,S642
643,South,1999/8/23,131846593,1999,8,23,19.5,8,Ye,2.25,1.73,1.43,0.33,1.23,0.05,7.7,29.28719237,S643
644,South,2001/7/17,131846593,2001,7,17,19,8,Ye,4.1,1.92,1.13,0.41,1.51,0.13,6.9,32.25356071,S644
645,South,2001/8/7,131846593,2001,8,7,19,9,Ye,2.93,1.65,1.21,0.42,2.15,0.13,6.2,33.79353822,S645
646,South,2002/8/13,131846593,2002,8,13,19,7,Ye,6.02,2.05,2.46,0.35,2.14,0.13,5.1,36.29724881,S646
647,South,2002/9/10,131846593,2002,9,10,19,8,Ye,3.37,1.62,1.08,0.34,1.5,0.13,5.5,32.72803493,S647
648,South,2003/7/15,131846593,2003,7,15,17.5,6,Ye,3.57,1.07,1.2,0.32,0.84,0.13,7.5,28.4646234,S648
649,South,2003/8/12,131846593,2003,8,12,19,7,Ye,2.69,2.5,0.5,0.4,1.45,0.13,8.9,29.95885111,S649
650,South,2004/7/6,131846593,2004,7,6,19.5,5,Ye,2.39,0.5,1.67,0.18,2,0.13,5.2,33.68438835,S650
651,South,2004/8/11,131846593,2004,8,11,19,7,Ye,3.52,1.83,9.5,0.37,1.86,0.13,6,33.59753568,S651
652,South,2005/7/19,131846593,2005,7,19,19.1,4,Ye,3.31,0.5,0.5,0.35,1.42,0.13,6.6,31.61517448,S652
653,South,2005/8/16,131846593,2005,8,16,19.7,6,Ye,2.67,2.23,0.5,0.34,2.9,0.13,5,36.08096073,S653
654,South,2006/7/18,131846593,2006,7,18,19.5,4,Ye,4.26,2.58,1.62,0.38,1.16,0.13,5.1,32.24036454,S654
655,South,2006/8/15,131846593,2006,8,15,19.8,6,Ye,4.35,2.76,0.5,0.27,4.05,0.13,4.3,39.64306551,S655
656,South,2007/7/11,131846593,2007,7,11,18.3,6,Ye,3.04,2.63,0.67,0.47,0.25,0.13,7.4,21.72419681,S656
657,South,2007/7/30,131846593,2007,7,30,19,7,Ye,3.4,5.21,0.5,0.51,2.46,0.11,6.7,34.52481721,S657
658,South,2008/7/2,131846593,2008,7,2,19.1,6,Ye,2.13,1.81,1.44,0.26,2.49,0.13,8.1,32.67771384,S658
659,South,2008/8/7,131846593,2008,8,7,19.5,7,Ye,4.61,1.92,1.02,0.31,2.68,0.13,5.2,36.77887461,S659
660,South,2010/8/11,131846593,2010,8,11,19.6,8,Ye,0.57,1.41,1.8,0.05,3.68,0.13,5.2,33.54538226,S660
661,South,2011/7/11,131846593,2011,7,11,19.3,4,Ye,2.739,3.02,2.979,0.344,2,0.21,4.7,34.43742306,S661
662,South,2011/8/8,131846593,2011,8,8,19.5,7,Ye,4.77,8.33,1.635,0.303,4.9,0.11,3.8,41.39799956,S662
663,South,2012/7/10,131846593,2012,7,10,19.4,6,Ye,5.851,2.66,0.381,0.378,3.75,0.13,4.2,40.03283991,S663
664,South,2012/8/6,131846593,2012,8,6,21.6,6,Ye,2.706,2.83,0.381,0.334,6.14,0.111,4,41.04109758,S664
665,Squash,1995/6/13,131843739,1995,6,13,4.6,2,Ye,10.1,6.2,3.5,0.54,0.46,0.21,3.05,31.56983888,S665
666,Squash,1995/8/15,131843739,1995,8,15,4.7,2,Ye,6.8,0.5,4.7,1.92,1.32,0.17,2.75,36.66740705,S666
667,Squash,1995/9/6,131843739,1995,9,6,5,3,Ye,2.99,0.5,3.51,0.34,1.69,0.16,3.5,35.01300583,S667
668,Squash,1996/6/18,131843739,1996,6,18,5.8,1,Ye,5.42,1.78,2.98,0.41,1.79,0.26,1.9,39.33019463,S668
669,Squash,1996/7/18,131843739,1996,7,18,5,1,Ye,7.43,2.14,3.2,0.57,1.16,0.28,2.3,36.95593897,S669
670,Squash,1997/7/8,131843739,1997,7,8,4.9,1.5,Ye,11,3.88,4.9,0.55,1.6,0.33,1.9,40.39941714,S670
671,Squash,1998/7/8,131843739,1998,7,8,4.8,1,Ye,11.6,0.5,4.62,0.58,0.81,0.5,1.5,37.92986845,S671
672,Squash,1998/8/11,131843739,1998,8,11,4.8,1,Ye,11.03,1.67,5.9,0.56,2.62,0.37,1.75,43.37030131,S672
673,Squash,1999/8/17,131843739,1999,8,17,4.7,1,Ye,6.78,0.5,9.67,0,1.72,0.42,2.1,39.21676413,S673
674,Squash,2000/7/12,131843739,2000,7,12,5.1,1,Ye,12.54,1.16,5.39,0.48,1.84,0.35,2.75,39.86533652,S674
675,Squash,2000/8/15,131843739,2000,8,15,4.5,1,Ye,6.53,1.46,5.8,0.43,3.31,0.45,1.9,43.0245958,S675
676,Squash,2001/7/10,131843739,2001,7,10,4.8,2,Ye,9.81,1.69,3.5,0.49,1.72,0.26,1.9,40.5134174,S676
677,Squash,2001/9/6,131843739,2001,9,6,4.7,3,Ye,7.08,2.3,3.16,0.39,2.38,0.27,2.5,40.29280857,S677
678,Squash,2002/9/18,131843739,2002,9,18,4.5,2,Ye,7.76,1.83,2.91,0.41,1.99,0.13,2.5,39.56031187,S678
679,Squash,2003/7/10,131843739,2003,7,10,5,1,Ye,7.68,1.34,2.24,0.49,1.68,0.31,2,39.59389143,S679
680,Squash,2003/8/7,131843739,2003,8,7,4.2,1,Ye,13.95,1.37,4.29,0.69,4.33,0.28,2.2,45.6043205,S680
681,Squash,2004/7/21,131843739,2004,7,21,4.7,1,Ye,5.54,2.09,3.19,0.48,3.65,0.43,1.7,43.63214542,S681
682,Squash,2004/8/4,131843739,2004,8,4,4.7,1,Ye,10.66,3.6,2.42,0.52,2.68,0.35,1.9,43.05808875,S682
683,Squash,2005/7/13,131843739,2005,7,13,5.3,1,Ye,13.33,2.58,3.69,0.4,4.86,0.55,1.5,47.74827729,S683
684,Squash,2005/8/10,131843739,2005,8,10,4.7,1,Ye,16.68,4.06,5.39,0.54,3.93,0.37,1.6,46.87386203,S684
685,Squash,2006/7/14,131843739,2006,7,14,5,1,Ye,10.17,2.05,2.13,0.49,3.73,0.47,1.7,45.17478024,S685
686,Squash,2006/8/11,131843739,2006,8,11,4.8,1.5,Ye,9.43,2.01,4.61,0.48,3.23,0.45,1.6,44.49423746,S686
687,Squaw,1994/8/2,131845641,1994,8,2,6,5,N,5.1,2.4,1.9,0.4,3.91,0.11,2.3,42.50845813,S687
688,Squaw,1995/9/14,131845641,1995,9,14,5.2,4,N,7.86,4.11,2.58,NA,5.3,0.05,2.4,44.95430222,S688
689,Squaw,1996/6/26,131845641,1996,6,26,6.5,3,Ye,6.73,2.56,2.32,1.19,6.48,0.05,4,43.46811763,S689
690,Squaw,1996/7/23,131845641,1996,7,23,6.5,4,Ye,3.2,2.08,2.84,0.34,0.71,0.05,4.8,29.22676594,S690
691,Squaw,1997/7/14,131845641,1997,7,14,6.4,4,Ye,9,3.11,1.3,0.41,1.88,0.05,3.5,38.16750022,S691
692,Squaw,1997/8/18,131845641,1997,8,18,6,5,N,6.8,2.1,2,0.33,3.7,0.1,3,41.75505429,S692
693,Squaw,1998/7/14,131845641,1998,7,14,6.2,4,Ye,4.72,1.53,2.43,0.21,1.82,0.05,4.8,35.12687564,S693
694,Squaw,1998/8/12,131845641,1998,8,12,6.7,4,Ye,6.36,1.48,2.06,NA,6.61,0.05,3.7,43.7740872,S694
695,Squaw,1999/7/6,131845641,1999,7,6,6.2,3,Ye,7.09,2.03,2.5,0.26,2.94,0.09,3.5,39.97549109,S695
696,Squaw,1999/8/16,131845641,1999,8,16,5.7,5,N,5.8,1.32,4.44,0.28,3.47,0.05,3.2,40.76499133,S696
697,Squaw,2000/7/11,131845641,2000,7,11,6.7,5,Ye,8.98,1.93,1.4,0.26,6.61,0.05,3.3,45.07457891,S697
698,Squaw,2000/8/14,131845641,2000,8,14,6.6,5,Ye,5,2.27,0.5,0.17,8.48,0.17,2.75,45.79825754,S698
699,Squaw,2001/7/9,131845641,2001,7,9,6.7,4,Ye,7.15,2.54,2.4,0.36,3.12,0.13,3.5,40.31008808,S699
700,Squaw,2001/9/5,131845641,2001,9,5,6.6,5,N,5.88,2.91,2.31,0.31,5.81,0.14,3.7,42.90626187,S700
701,Squaw,2002/8/22,131845641,2002,8,22,6.6,5,Ye,5.85,2.83,1.61,0.27,1.9,0.03,3.3,37.46284368,S701
702,Squaw,2002/9/19,131845641,2002,9,19,5.7,5,N,4.58,1.87,2.24,0.31,1.55,0.13,4,34.98573328,S702
703,Squaw,2003/7/9,131845641,2003,7,9,6.7,4,Ye,4.32,1.34,1.88,0.26,1.95,0.13,5.2,34.94165289,S703
704,Squaw,2003/8/6,131845641,2003,8,6,6.9,3,Ye,11.18,1.03,1.54,0.45,3.93,0.13,3.1,43.10284738,S704
705,Squaw,2004/7/13,131845641,2004,7,13,6.7,4,Ye,4.86,1.74,1.89,0.34,2.56,0.13,3.8,38.00271454,S705
706,Squaw,2004/8/3,131845641,2004,8,3,6.5,3,Ye,8.98,0.5,5.17,0.3,2.08,0.13,3.8,38.34585759,S706
707,Squaw,2005/7/11,131845641,2005,7,11,6.5,4,Ye,5.07,0.5,2.04,0.22,1.99,0.13,3.8,36.76787458,S707
708,Squaw,2005/8/8,131845641,2005,8,8,6.4,4,Ye,6.45,2.85,1.18,0.23,2.68,0.13,3.1,39.78202086,S708
709,Squaw,2006/7/13,131845641,2006,7,13,7.5,3,Ye,5.81,2.21,1.07,0.25,5.86,0.13,3.9,42.69820284,S709
710,Squaw,2006/8/9,131845641,2006,8,9,6.7,4,Ye,7.27,1.86,1.53,0.19,3.46,0.13,3.8,40.54518852,S710
711,Squaw,2007/7/17,131845641,2007,7,17,6.5,5,Ye,4.86,2.55,0.5,0.39,9.38,0.13,3,45.89346213,S711
712,Squaw,2007/8/2,131845641,2007,8,2,6.5,3,Ye,7.94,4.27,1.29,0.3,3.37,0.06,3.7,40.7269145,S712
713,Squaw,2008/7/2,131845641,2008,7,2,6.6,4,Ye,4.09,1.65,1.96,0.4,2.31,0.13,4.5,36.32930833,S713
714,Squaw,2008/8/7,131845641,2008,8,7,6.5,5,Ye,3.4,1.97,1.38,0.3,3.87,0.13,3.7,39.46625208,S714
715,Squaw,2010/7/14,131845641,2010,7,14,5.5,3,Ye,5.72,1.35,1.82,0.12,6.27,0.13,3.5,43.48288321,S715
716,Squaw,2010/8/10,131845641,2010,8,10,5.7,5,N,4.3,2.09,1.65,0.14,5.08,0.13,2.8,42.65225585,S716
717,Squaw,2011/7/19,131845641,2011,7,19,6.5,3,Ye,6.15,2.02,2.03,0.213,2.18,0.18,4.2,37.27651186,S717
718,Squaw,2011/8/17,131845641,2011,8,17,6.8,5,Ye,9.16,4.23,0.72,0.161,2.99,0.17,4,40.09543757,S718
719,Squaw,2012/7/19,131845641,2012,7,19,6.5,4,Ye,8.756,3.9,1.93,0.188,4.9,0.03,3.9,42.7144831,S719
720,Squaw,2012/8/14,131845641,2012,8,14,4.8,4.5,N,7.673,4.3,2.123,0.296,4.11,0.144,3.25,42.25309524,S720
721,West,1994/6/30,131844064,1994,6,30,4,3,N,13,5.5,1.1,0.4,6.16,0.34,1.55,48.80471048,S721
722,West,1994/7/25,131844064,1994,7,25,4.2,1.5,Ye,16.4,4.8,3.6,0.45,7.82,0.39,2.1,49.31510746,S722
723,West,1995/6/13,131844064,1995,6,13,4.5,3,Ye,2.2,6.2,2.8,0.52,1.3,0.23,3.3,33.15382238,S723
724,West,1995/8/15,131844064,1995,8,15,4.1,2,Ye,11.7,3.86,3,5.53,3.58,0.24,2.5,43.6362085,S724
725,West,1995/9/6,131844064,1995,9,6,4,3,N,2.48,3.17,2.82,0.42,3.53,0.25,3.1,38.99473394,S725
726,West,1996/6/18,131844064,1996,6,18,4.3,1,Ye,4.71,2.08,3.17,0.41,2.25,0.28,2.7,38.70786203,S726
727,West,1996/7/18,131844064,1996,7,18,4.2,1,Ye,14.07,4.26,8.06,0.74,3.3,0.52,1.1,47.15195094,S727
728,West,1996/8/15,131844064,1996,8,15,4.1,1,Ye,12.86,7.5,8.5,1.03,19.32,0.7,1,56.71015836,S728
729,West,1997/7/10,131844064,1997,7,10,4.1,2,Ye,12.2,3.13,4.3,0.55,9.54,0.27,1.8,50.3326346,S729
730,West,1997/8/12,131844064,1997,8,12,3.9,2,Ye,10.5,1.6,4.3,0.48,1.4,0.37,2,39.363181,S730
731,West,1998/7/8,131844064,1998,7,8,4.1,2,Ye,10.08,1.59,3.26,0.42,5.56,0.41,1.3,48.41666373,S731
732,West,1998/8/11,131844064,1998,8,11,4.1,1,Ye,8.5,2.05,2.59,0.4,4.55,0.45,2.2,44.70240876,S732
733,West,1999/7/7,131844064,1999,7,7,3.6,2,Ye,5.77,2.71,4.32,0.23,7.04,0.69,1.5,47.74318733,S733
734,West,1999/8/17,131844064,1999,8,17,3.8,1,Ye,9.25,1.56,6.76,0.46,3.21,0.45,2,43.46103183,S734
735,West,2000/7/12,131844064,2000,7,12,4.4,2,Ye,11.67,2.31,5.39,0.49,5.24,0.53,2.2,46.19536198,S735
736,West,2000/8/15,131844064,2000,8,15,4.4,2,Ye,6.7,2.88,3.85,0.46,4.29,0.73,1.7,44.93484413,S736
737,West,2001/7/10,131844064,2001,7,10,4.2,1,Ye,10.71,2.94,2.61,0.41,18.08,0.26,1.8,53.41316422,S737
738,West,2001/9/6,131844064,2001,9,6,3,2.5,N,9.64,3.7,3.85,0.46,4.01,0.58,2.3,44.13873017,S738
739,West,2003/7/10,131844064,2003,7,10,3.8,2,Ye,8.4,2.26,1.4,0.23,2.62,0.37,1.8,42.60950139,S739
740,West,2003/8/7,131844064,2003,8,7,4,2,Ye,10.01,2.06,1.48,0.4,4.3,0.28,1.75,45.7667738,S740
741,West,2004/7/21,131844064,2004,7,21,4,1,Ye,13.29,2.73,1.77,0.47,3.15,0.13,1.7,44.90840081,S741
742,West,2004/8/4,131844064,2004,8,4,4,1.5,Ye,16.56,2.74,3.45,0.53,5.49,0.55,1.6,48.62775277,S742
743,West,2005/7/13,131844064,2005,7,13,4.5,1,Ye,9.2,2.11,2.71,0.37,2.68,0.56,2,42.4923544,S743
744,West,2005/8/10,131844064,2005,8,10,3.5,2,Ye,10.51,5.89,2.05,0.41,7.08,0.47,1.8,48.40237202,S744
745,West,2006/7/14,131844064,2006,7,14,4.6,2,Ye,9.15,3.44,1.79,0.46,2.64,0.63,2,42.39988367,S745
746,West,2006/8/11,131844064,2006,8,11,4,2,Ye,12.93,3.24,2.77,0.5,6.05,0.7,1.9,47.82521203,S746
747,Willis,1994/7/27,47723283,1994,7,27,2.5,2,N,14.5,4.1,3.6,0.38,11.72,0.18,1.8,51.82881128,S747
748,Willis,1994/8/31,47723283,1994,8,31,2.5,2,N,9,3.4,1.5,0.32,6.3,0.21,2.5,46.01355252,S748
749,Willis,1996/7/22,47723283,1996,7,22,2.7,2,N,9.74,1.04,1.94,0.21,2.18,0.14,2.7,40.24817016,S749
750,Willis,1996/8/19,47723283,1996,8,19,2.7,2,N,9.29,0.5,2.29,0.32,2.57,0.1,2.7,41.00883888,S750
751,Willis,1997/7/14,47723283,1997,7,14,2.6,2,N,9,2.95,2,0.2,3.67,0.11,2.6,42.98320457,S751
752,Willis,1997/8/18,47723283,1997,8,18,2.6,2,N,10.1,1.2,4.6,0.34,2.1,0.17,2.6,40.29694169,S752
753,Willis,1998/7/13,47723283,1998,7,13,2.6,2,N,8.18,0.5,3.05,0.37,4.31,0.16,2.55,43.69330151,S753
754,Willis,1998/8/10,47723283,1998,8,10,2.7,2,N,6.47,2.4,4.66,0.31,2.59,0.14,2.5,40.5289716,S754
755,Willis,1999/6/29,47723283,1999,6,29,2.6,2,N,7.64,1.79,3.54,0.33,6.42,0.13,2.6,45.56058205,S755
756,Willis,1999/8/23,47723283,1999,8,23,2.4,2,N,12.53,2.3,4.22,0.32,3.96,0.14,2.4,44.50641876,S756
757,Willis,2000/7/18,47723283,2000,7,18,2.8,2,N,8.64,2.87,2.09,0.35,4.93,0.14,2.8,44.13360248,S757
758,Willis,2001/7/17,47723283,2001,7,17,2.5,2,N,8.76,2.07,1.8,0.26,3.35,0.13,2.5,42.60424162,S758
759,Willis,2001/8/7,47723283,2001,8,7,2.5,2,N,8.3,1.96,3.18,0.27,2.82,0.13,2.5,41.56512033,S759
760,Willis,2002/8/13,47723283,2002,8,13,2.3,2,N,10.74,2.05,2.26,0.26,2.62,0.13,2.25,42.23210831,S760
761,Willis,2002/9/24,47723283,2002,9,24,2.7,2,N,11.39,1.75,3.58,0.3,3.46,0.13,2.7,43.06310522,S761
762,Willis,2003/7/15,47723283,2003,7,15,2.5,2,N,7.04,1.98,2.62,0.19,5.49,0.13,2.5,44.70720549,S762
763,Willis,2004/7/6,47723283,2004,7,6,2.5,2,N,6.16,7.18,1.89,0.23,6.11,0.13,2.5,44.96015925,S763
764,Willis,2004/8/11,47723283,2004,8,11,2.6,2,N,7.23,3.65,5.25,0.38,4.46,0.13,2.6,43.50125358,S764
765,Willis,2005/7/19,47723283,2005,7,19,2.5,2,N,5.4,0.5,1.98,0.24,3.21,0.13,2.5,41.24095336,S765
766,Willis,2005/8/16,47723283,2005,8,16,2.5,2,N,8.03,2.41,1.49,0.19,6.17,0.13,2.5,45.63505094,S766
767,Willis,2006/7/18,47723283,2006,7,18,2.7,1,Ye,6.27,3.27,2.88,0.21,1.74,0.3,2.7,38.01863075,S767
768,Willis,2006/8/15,47723283,2006,8,15,2.9,2,N,8.32,2.85,2.28,0.27,3.65,0.13,2.9,42.30225151,S768
769,Willys,1994/7/27,133099321,1994,7,27,10,5,Ye,3.5,1.4,1.5,0.6,0.68,0.05,8.2,26.91680059,S769
770,Willys,1995/6/14,133099321,1995,6,14,12,5,Ye,2.2,NA,0.5,0.64,0.38,0.05,7.3,23.24036287,S770
771,Willys,1995/8/16,133099321,1995,8,16,9.4,9,N,1.4,1.8,0.5,0.56,0.56,0.05,9.4,23.15006193,S771
772,Willys,1995/9/7,133099321,1995,9,7,12,11,N,1.62,1.08,1,0.75,0.52,0.05,9.9,22.87874182,S772
773,Willys,1996/6/19,133099321,1996,6,19,12.2,2,Ye,3.01,2.06,0.5,0.65,1.46,0.05,7.8,30.82406812,S773
774,Willys,1996/8/14,133099321,1996,8,14,12.1,5,Ye,1.82,1.02,1.54,0.53,0.36,0.05,6.8,22.81190804,S774
775,Willys,1997/8/14,133099321,1997,8,14,11.5,7,Ye,4.3,0.5,0.5,0.57,0.8,0.05,10,27.41225101,S775
776,Willys,1998/7/8,133099321,1998,7,8,12.1,0.4,Ye,3.11,1.05,1.37,0.62,1.28,0.05,7.7,30.25909838,S776
777,Willys,1998/8/12,133099321,1998,8,12,11.5,6,Ye,1.3,0.5,1.61,0.42,1.14,0.05,7.1,27.94248097,S777
778,Willys,1999/7/7,133099321,1999,7,7,12.7,6,Ye,1.48,0.5,0.5,0.38,0.55,0.06,9.8,23.00687586,S778
779,Willys,1999/8/17,133099321,1999,8,17,12.1,10,Ye,2.64,0.5,0.5,0.3,0.79,0.05,11,25.79107127,S779
780,Willys,2000/7/12,133099321,2000,7,12,12.1,5,Ye,4.17,0.51,0.5,0.36,1.37,0.05,7.2,31.59577519,S780
781,Willys,2000/8/15,133099321,2000,8,15,12.2,5,Ye,2.18,1.14,0.5,0.32,1.14,0.11,7.4,28.98045701,S781
782,Willys,2001/7/10,133099321,2001,7,10,11.3,5,Ye,3.76,1.85,0.5,0.43,1.03,0.13,6.4,30.34550013,S782
783,Willys,2001/9/6,133099321,2001,9,6,11.7,9,Ye,2.66,1.3,0.5,0.3,0.77,0.13,7.3,27.42776772,S783
784,Willys,2002/9/18,133099321,2002,9,18,11.9,9,Ye,3.07,1.03,1.91,0.37,1.15,0.13,9.9,28.58576168,S784
785,Willys,2003/8/6,133099321,2003,8,6,12.3,6,Ye,2.18,0.5,2.46,0.41,1.15,0.13,8.3,28.53551,S785
786,Willys,2004/7/13,133099321,2004,7,13,11.3,5,Ye,2.22,1.58,1.33,0.44,0.82,0.13,6.3,27.96655566,S786
787,Willys,2004/8/3,133099321,2004,8,3,12.5,5,Ye,1.53,0.5,0.5,0.38,1.27,0.13,7.1,28.89743808,S787
788,Willys,2005/7/12,133099321,2005,7,12,12,5,Ye,2.15,0.5,1.98,0.45,0.6,0.13,8.5,24.95461292,S788
789,Willys,2005/8/9,133099321,2005,8,9,12.1,7,Ye,2.07,1.17,0.5,0.31,0.82,0.13,8,26.77971837,S789
790,Willys,2006/7/13,133099321,2006,7,13,13.1,4,Ye,1.42,1.59,0.5,0.29,1.17,0.13,6.3,28.7992375,S790
791,Willys,2006/8/10,133099321,2006,8,10,12.1,5,Ye,2.03,1.1,0.5,0.22,1.42,0.13,6.9,30.27576213,S791
792,Windfall,1994/7/25,131844009,1994,7,25,5.7,3,Ye,9.8,2.2,5,0.56,1.54,0.05,4.3,36.42988586,S792
793,Windfall,1994/8/23,131844009,1994,8,23,5.3,5,N,9.5,2.3,1.6,0.51,3.91,0.05,3.9,41.71055758,S793
794,Windfall,1995/6/13,131844009,1995,6,13,5.3,3,Ye,15,5.6,6.8,1.15,2.56,0.05,4.1,40.32650841,S794
795,Windfall,1995/8/15,131844009,1995,8,15,5.5,4,Ye,6.8,2.4,1.4,2.67,6.41,0.05,3.35,44.19385141,S795
796,Windfall,1996/6/18,131844009,1996,6,18,6.1,2,Ye,4,2.53,1,0.65,0.54,0.05,5.8,27.49146741,S796
797,Windfall,1996/7/18,131844009,1996,7,18,5.7,3,Ye,6.38,2.31,2.68,0.53,2.27,0.05,4.2,37.57711747,S797
798,Windfall,1996/8/15,131844009,1996,8,15,5.4,4,Ye,5.72,1.73,1.59,0.43,4.26,0.05,3.8,41.08343985,S798
799,Windfall,1997/7/10,131844009,1997,7,10,5.6,4,Ye,8.5,1.68,2.2,0.52,3.69,0.05,4.8,40.25370017,S799
800,Windfall,1997/8/12,131844009,1997,8,12,5.7,4,Ye,7.5,1.6,2.6,0.56,2.1,0.05,4.3,37.44420103,S800
801,Windfall,1998/7/8,131844009,1998,7,8,5.7,2,Ye,6.66,1.05,1.71,0.59,2.29,0.17,3.5,38.50483603,S801
802,Windfall,1999/7/7,131844009,1999,7,7,5.8,3,Ye,5.24,1.96,2.63,0.51,2.53,0.07,3.5,38.46917899,S802
803,Windfall,1999/8/17,131844009,1999,8,17,15.1,4,N,7.14,1.33,2.72,0.31,3.46,0.28,3.75,40.55946448,S803
804,Windfall,2000/7/12,131844009,2000,7,12,5.7,4,Ye,5.2,0.51,2.78,0.43,2.4,0.05,4.9,36.73170309,S804
805,Windfall,2000/8/15,131844009,2000,8,15,5.6,4,Ye,6.05,1.62,5.3,0.4,3.14,0.11,4.5,38.87571551,S805
806,Windfall,2001/7/10,131844009,2001,7,10,5.3,3,Ye,6.81,5.89,2.06,0.57,2.76,0.13,3.5,39.54609958,S806
807,Windfall,2001/9/6,131844009,2001,9,6,5.7,5,N,6.74,2.6,1.78,0.35,5.23,0.13,4.5,41.83224152,S807
808,Windfall,2002/8/28,131844009,2002,8,28,5.5,4,Ye,6.34,2.14,1.61,0.31,4.27,0.13,3.5,41.68970639,S808
809,Windfall,2003/7/10,131844009,2003,7,10,5.9,2,Ye,6.23,2.26,1.77,0.45,3.9,0.13,3.3,41.42024952,S809
810,Windfall,2003/8/7,131844009,2003,8,7,6.1,2,Ye,5.03,1.37,1.48,0.35,4.96,0.13,3,42.59890891,S810
811,Windfall,2004/7/21,131844009,2004,7,21,6,3,Ye,3.39,2.73,1.53,0.36,6.42,0.13,4.1,41.70134371,S811
812,Windfall,2004/8/4,131844009,2004,8,4,5.7,3,Ye,3.85,3.74,3.97,0.29,7.36,0.13,3.6,43.28086766,S812
813,Windfall,2005/7/13,131844009,2005,7,13,5.7,3,Ye,8.35,3.04,3,0.47,5.77,0.13,3.1,44.45120512,S813
814,Windfall,2005/8/10,131844009,2005,8,10,5.6,3,Ye,7.26,4.48,1.49,0.35,7.01,0.13,2.8,45.58924694,S814
815,Windfall,2006/7/14,131844009,2006,7,14,6.1,2,Ye,6.34,2.67,2.23,0.37,3.71,0.13,4,40.37350392,S815
816,Windfall,2006/8/10,131844009,2006,8,10,5.9,2,Ye,5.19,2.17,1.18,0.29,4.24,0.13,3.5,41.18192378,S816
