,taxa,class
1,Bacillariophyta_Achnanthidium_sp.,Algae
2,Bacillariophyta_Actinella_punctata,Algae
3,Bacillariophyta_Amorpha_unknown,Algae
4,Bacillariophyta_Anomoeoneis_sp.,Algae
5,Bacillariophyta_Asterionella_formosa,Algae
6,Bacillariophyta_Aulacoseira_ambigua,Algae
7,Bacillariophyta_Aulacoseira_distans,Algae
8,Bacillariophyta_Aulacoseira_granulata,Algae
9,Bacillariophyta_Cocconeis_sp.,Algae
10,Bacillariophyta_Cyclotella_sp.,Algae
11,Bacillariophyta_Cymbella_sp.,Algae
12,Bacillariophyta_Diploneis_sp.,Algae
13,Bacillariophyta_Eunotia_flexuosa,Algae
14,Bacillariophyta_Eunotia_minor,Algae
15,Bacillariophyta_Eunotia_sp.,Algae
16,Bacillariophyta_Eunotia_tauntoniensis,Algae
17,Bacillariophyta_Fragilaria_capucina,Algae
18,Bacillariophyta_Fragilaria_crotonensis,Algae
19,Bacillariophyta_Fragilaria_sp.,Algae
20,Bacillariophyta_Frustulia_rhomboides,Algae
21,Bacillariophyta_Frustulia_saxonica,Algae
22,Bacillariophyta_Frustulia_sp.,Algae
23,Bacillariophyta_Gomphoneis_sp.,Algae
24,Bacillariophyta_Gomphonema_acuminatum,Algae
25,Bacillariophyta_Gomphonema_acuminatum_var._coronatum_,Algae
26,Bacillariophyta_Gomphonema_sp.,Algae
27,Bacillariophyta_Iconella_curvula,Algae
28,Bacillariophyta_Lindavia_bodanica,Algae
29,Bacillariophyta_Melosira_varians,Algae
30,Bacillariophyta_Meridion_unknown,Algae
31,Bacillariophyta_Navicula_sp.,Algae
32,Bacillariophyta_Neidium_sp.,Algae
33,Bacillariophyta_Nitzschia_acicularis,Algae
34,Bacillariophyta_Nitzschia_sigmoidea,Algae
35,Bacillariophyta_Nitzschia_sp.,Algae
36,Bacillariophyta_Pinnularia_latevittata_var._domingensis,Algae
37,Bacillariophyta_Pinnularia_sp.,Algae
38,Bacillariophyta_Pleurosira_laevis,Algae
39,Bacillariophyta_Rhopalodia_sp.,Algae
40,Bacillariophyta_Stauroneis_sp.,Algae
41,Bacillariophyta_Stenopterobia_sp.,Algae
42,Bacillariophyta_Stephanodiscus_sp.,Algae
43,Bacillariophyta_Surirella_unknown,Algae
44,Bacillariophyta_Synedra_sp.,Algae
45,Bacillariophyta_Tabellaria_fenestrata,Algae
46,Bacillariophyta_Tabellaria_flocculosa,Algae
47,Bacillariophyta_unknown_sp.1,Algae
48,Bacillariophyta_unknown_sp.2,Algae
49,Bacillariophyta_unknown_sp.centric,Algae
50,Bacillariophyta_unknown_sp.pennate1,Algae
51,Bacillariophyta_Urosolenia_eriensis,Algae
52,Bacillariophyta_Urosolenia_longiseta,Algae
53,Chlorophyta_Actinastrum_hantzschii,Algae
54,Chlorophyta_Acutodesmus_acutiformis,Algae
55,Chlorophyta_Ankistrodesmus_falcatus,Algae
56,Chlorophyta_Ankistrodesmus_fasciculatus,Algae
57,Chlorophyta_Ankistrodesmus_fractus,Algae
58,Chlorophyta_Ankistrodesmus_fusiformis,Algae
59,Chlorophyta_Ankistrodesmus_sp.,Algae
60,Chlorophyta_Botryococcus_braunii,Algae
61,Chlorophyta_Bulbochaete_sp.,Algae
62,Chlorophyta_Chlamydocapsa_planctonica,Algae
63,Chlorophyta_Chlamydomonas_sp.,Algae
64,Chlorophyta_Chlorolobion_braunii,Algae
65,Chlorophyta_Cladophora_glomerata,Algae
66,Chlorophyta_Closteriopsis_longissima,Algae
67,Chlorophyta_Coelastrum_cambricum,Algae
68,Chlorophyta_Coelastrum_indicum,Algae
69,Chlorophyta_Coelastrum_microporum,Algae
70,Chlorophyta_Coelastrum_proboscideum,Algae
71,Chlorophyta_Coelastrum_sp.,Algae
72,Chlorophyta_Coelastrum_sphaericum,Algae
73,Chlorophyta_Crucigenia_fenestrata,Algae
74,Chlorophyta_Crucigenia_quadrata,Algae
75,Chlorophyta_Crucigenia_tetrapedia,Algae
76,Chlorophyta_Cylindrocapsa_geminella,Algae
77,Chlorophyta_Desmodesmus_abundans,Algae
78,Chlorophyta_Desmodesmus_bicaudatus,Algae
79,Chlorophyta_Desmodesmus_denticulatus,Algae
80,Chlorophyta_Desmodesmus_dispar,Algae
81,Chlorophyta_Desmodesmus_granulatus,Algae
82,Chlorophyta_Desmodesmus_serratus,Algae
83,Chlorophyta_Desmodesmus_spinosus,Algae
84,Chlorophyta_Dictyosphaerium_ehrenbergianum,Algae
85,Chlorophyta_Dimorphococcus_lunatus,Algae
86,Chlorophyta_Dispora_crucigenioides,Algae
87,Chlorophyta_Eudorina_elegans,Algae
88,Chlorophyta_Gloeocystis_sp.,Algae
89,Chlorophyta_Gloeocystis_vesiculosa,Algae
90,Chlorophyta_Golenkinia_radiata,Algae
91,Chlorophyta_Gonium_pectorale,Algae
92,Chlorophyta_Gregiochloris_lacustris,Algae
93,Chlorophyta_Kirchneriella_lunaris,Algae
94,Chlorophyta_Microspora_sp.,Algae
95,Chlorophyta_Monactinus_simplex,Algae
96,Chlorophyta_Monoraphidium_convolutum,Algae
97,Chlorophyta_Mucidosphaerium_pulchellum,Algae
98,Chlorophyta_Nephrocytium_agardhianum,Algae
99,Chlorophyta_Oedogonium_sp.,Algae
100,Chlorophyta_Oocystis_borgei,Algae
101,Chlorophyta_Oocystis_parva,Algae
102,Chlorophyta_Oocystis_pusilla,Algae
103,Chlorophyta_Oocystis_solitaria,Algae
104,Chlorophyta_Oocystis_sp.,Algae
105,Chlorophyta_Oocystis_submarina,Algae
106,Chlorophyta_Parapediastrum_biradiatum,Algae
107,Chlorophyta_Pediastrum_duplex,Algae
108,Chlorophyta_Pediastrum_obtusum,Algae
109,Chlorophyta_Pediastrum_sp.,Algae
110,Chlorophyta_Pediastrum_tetras_var._tetraodon,Algae
111,Chlorophyta_Planktosphaeria_gelatinosa,Algae
112,Chlorophyta_Pseudokirchneriella_elongata,Algae
113,Chlorophyta_Pseudopediastrum_boryanum,Algae
114,Chlorophyta_Pteromonas_sp.,Algae
115,Chlorophyta_Quadrigula_chodatii,Algae
116,Chlorophyta_Quadrigula_closterioides,Algae
117,Chlorophyta_Scenedesmus_acuminatus,Algae
118,Chlorophyta_Scenedesmus_arcuatus,Algae
119,Chlorophyta_Scenedesmus_armatus,Algae
120,Chlorophyta_Scenedesmus_brevispina,Algae
121,Chlorophyta_Scenedesmus_ecornis,Algae
122,Chlorophyta_Scenedesmus_quadricauda,Algae
123,Chlorophyta_Scenedesmus_sp.,Algae
124,Chlorophyta_Sphaerocystis_schroeteri,Algae
125,Chlorophyta_Stauridium_tetras,Algae
126,Chlorophyta_Stigeoclonium_lubricum,Algae
127,Chlorophyta_Tetrabaena_socialis,Algae
128,Chlorophyta_Tetradesmus_bernardii,Algae
129,Chlorophyta_Tetradesmus_obliquus,Algae
130,Chlorophyta_Tetradesmus_smithii,Algae
131,Chlorophyta_Tetraedron_caudatum,Algae
132,Chlorophyta_Tetraedron_minimum,Algae
133,Chlorophyta_Tetraselmis_sp.,Algae
134,Chlorophyta_Tetraspora_sp.,Algae
135,Chlorophyta_Treubaria_setigerum,Algae
136,Chlorophyta_Ulothrix_sp.,Algae
137,Chlorophyta_unknown_sp.,Algae
138,Chlorophyta_unknown_sp.3to5microns,Algae
139,Chlorophyta_unknown_sp.5to10microns,Algae
140,Chlorophyta_unknown_sp.colonial_coccoid,Algae
141,Chlorophyta_unknown_sp.colonial_coccoid_aggregate,Algae
142,Chlorophyta_unknown_sp.oblong_green,Algae
143,Chlorophyta_unknown_sp.under10microns,Algae
144,Chlorophyta_unknown_unknown,Algae
145,Chlorophyta_Willea_apiculata,Algae
146,Chlorophyta_Willea_crucifera,Algae
147,Chlorophyta_Willea_rectangularis,Algae
148,Chlorophyta_Willea_truncata,Algae
149,Cryptophyta_Cryptomonas_erosa,Algae
150,Cryptophyta_Cryptomonas_ovata,Algae
151,Cryptophyta_Cryptomonas_sp.,Algae
152,Cryptophyta_Rhodomonas_acustris_var._nannoplanctica,Algae
153,Cryptophyta_unknown_sp.1,Algae
154,Dinophyta_Ceratium_carolinianum,Algae
155,Dinophyta_Ceratium_hirudinella,Algae
156,Dinophyta_Glenodinium_sp.,Algae
157,Dinophyta_Gymnodinium_sp.,Algae
158,Dinophyta_Katodinium_sp.,Algae
159,Dinophyta_Parvodinium_inconspicuum,Algae
160,Dinophyta_Peridinium_cinctum,Algae
161,Dinophyta_Peridinium_limbatum,Algae
162,Dinophyta_Peridinium_sp.,Algae
163,Dinophyta_Peridinium_willei,Algae
164,Dinophyta_Peridinium_wisconsinense,Algae
165,Dinophyta_unknown_sp.,Algae
166,Dinophyta_unknown_sp.1,Algae
167,Dinophyta_unknown_sp.cyst,Algae
168,Dinophyta_unknown_sp.unarmored,Algae
169,Euglenophyta_Euglena_sp.,Algae
170,Euglenophyta_Phacus_unknown,Algae
171,Euglenophyta_Strombomonas_deflandrei,Algae
172,Euglenophyta_Trachelomonas_abrupta,Algae
173,Euglenophyta_Trachelomonas_acanthophora,Algae
174,Euglenophyta_Trachelomonas_armata,Algae
175,Euglenophyta_Trachelomonas_bacillifer,Algae
176,Euglenophyta_Trachelomonas_cylindrica,Algae
177,Euglenophyta_Trachelomonas_hispida,Algae
178,Euglenophyta_Trachelomonas_horrida,Algae
179,Euglenophyta_Trachelomonas_kelloggii,Algae
180,Euglenophyta_Trachelomonas_pulchella,Algae
181,Euglenophyta_Trachelomonas_pulcherrima_var._minor,Algae
182,Euglenophyta_Trachelomonas_sp.,Algae
183,Euglenophyta_Trachelomonas_volvocina,Algae
184,Ochrophyta_Asterogloea_sp.,Algae
185,Ochrophyta_Bitrichia_sp.,Algae
186,Ochrophyta_Bumilleria_sp.,Algae
187,Ochrophyta_Chlorobotrys_sp.,Algae
188,Ochrophyta_Chrysocapsa_planktonica,Algae
189,Ochrophyta_Chrysococcus_rufescens,Algae
190,Ochrophyta_Chrysosphaerella_longispina,Algae
191,Ochrophyta_Chrysosphaerella_sp.,Algae
192,Ochrophyta_Dendromonas_cryptostylis,Algae
193,Ochrophyta_Dinobryon_attenuatum,Algae
194,Ochrophyta_Dinobryon_bavaricum,Algae
195,Ochrophyta_Dinobryon_crenulatum,Algae
196,Ochrophyta_Dinobryon_cylindricum,Algae
197,Ochrophyta_Dinobryon_cylindricum_var._palustre,Algae
198,Ochrophyta_Dinobryon_divergens,Algae
199,Ochrophyta_Dinobryon_sertularia,Algae
200,Ochrophyta_Dinobryon_sociale_var._americana,Algae
201,Ochrophyta_Dinobryon_sp.,Algae
202,Ochrophyta_Dinobryon_suecicum,Algae
203,Ochrophyta_Ducellieria_chodatii_var._armata,Algae
204,Ochrophyta_Gloeobotrys_limneticus,Algae
205,Ochrophyta_Gonyostomum_semen,Algae
206,Ochrophyta_Heterothrix_sp.,Algae
207,Ochrophyta_Isthmochloron_trispinatum,Algae
208,Ochrophyta_Kephyrion_limneticum,Algae
209,Ochrophyta_Kephyrion_littorale,Algae
210,Ochrophyta_Kephyrion_ovale,Algae
211,Ochrophyta_Kephyrion_sp.,Algae
212,Ochrophyta_Mallomonas_caudata,Algae
213,Ochrophyta_Mallomonas_pseudocoronata,Algae
214,Ochrophyta_Mallomonas_sp.1,Algae
215,Ochrophyta_Mallomonas_sp.2,Algae
216,Ochrophyta_Mallomonas_sp.3,Algae
217,Ochrophyta_Mallomonas_sp.4,Algae
218,Ochrophyta_Mallomonas_tonsurata,Algae
219,Ochrophyta_Meringosphaera_spinosa,Algae
220,Ochrophyta_Octacanthidium_bifidum,Algae
221,Ochrophyta_Ophiocytium_capitatum,Algae
222,Ochrophyta_Ophiocytium_sp.,Algae
223,Ochrophyta_Pseudokephyrion_conicum,Algae
224,Ochrophyta_Pseudokephyrion_latum,Algae
225,Ochrophyta_Pseudokephyrion_parvum,Algae
226,Ochrophyta_Pseudokephyrion_striatum,Algae
227,Ochrophyta_Synura_sp.,Algae
228,Ochrophyta_Synuropsis_gracilis,Algae
229,Ochrophyta_Tribonema_bombycinum,Algae
230,Ochrophyta_unknown_sp.1,Algae
231,Ochrophyta_unknown_sp.2,Algae
232,Ochrophyta_unknown_sp.3,Algae
233,Ochrophyta_unknown_sp.4,Algae
234,Ochrophyta_unknown_sp.5,Algae
235,Ochrophyta_unknown_sp.coccoid,Algae
236,Ochrophyta_unknown_sp.loricate,Algae
237,Ochrophyta_Uroglenopsis_americana,Algae
238,Cyanobacteria_Anabaena_sp.,Cyanobacteria
239,Cyanobacteria_Aphanizomenon_flosaquae,Cyanobacteria
240,Cyanobacteria_Aphanocapsa_incerta,Cyanobacteria
241,Cyanobacteria_Aphanocapsa_sp.,Cyanobacteria
242,Cyanobacteria_Aphanothece_sp.,Cyanobacteria
243,Cyanobacteria_Chroococcus_dispersus,Cyanobacteria
244,Cyanobacteria_Chroococcus_minutus,Cyanobacteria
245,Cyanobacteria_Chroococcus_prescotti,Cyanobacteria
246,Cyanobacteria_Chroococcus_sp.,Cyanobacteria
247,Cyanobacteria_Chroococcus_turgidus,Cyanobacteria
248,Cyanobacteria_Coelosphaerium_kuetzingianum,Cyanobacteria
249,Cyanobacteria_Coelosphaerium_sp.,Cyanobacteria
250,Cyanobacteria_Dolichospermum_flosaquae,Cyanobacteria
251,Cyanobacteria_Geitlerinema_sp.,Cyanobacteria
252,Cyanobacteria_Geitlerinema_splendidum,Cyanobacteria
253,Cyanobacteria_Gloeocapsa_aeruginosa,Cyanobacteria
254,Cyanobacteria_Gloeocapsa_punctata,Cyanobacteria
255,Cyanobacteria_Gomphosphaeria_aponina,Cyanobacteria
256,Cyanobacteria_Gomphosphaeria_sp.,Cyanobacteria
257,Cyanobacteria_Kamptonema_formosum,Cyanobacteria
258,Cyanobacteria_Keratococcus_rhaphidioides,Cyanobacteria
259,Cyanobacteria_Komvophoron_schmidlei,Cyanobacteria
260,Cyanobacteria_Leptolyngbya_sp.,Cyanobacteria
261,Cyanobacteria_Lyngbya_unknown,Cyanobacteria
262,Cyanobacteria_Merismopedia_elegans,Cyanobacteria
263,Cyanobacteria_Merismopedia_glauca,Cyanobacteria
264,Cyanobacteria_Merismopedia_punctata,Cyanobacteria
265,Cyanobacteria_Merismopedia_sp.,Cyanobacteria
266,Cyanobacteria_Merismopedia_tenuissima,Cyanobacteria
267,Cyanobacteria_Merismopedia_trolleri,Cyanobacteria
268,Cyanobacteria_Microcystis_aeruginosa,Cyanobacteria
269,Cyanobacteria_Microcystis_natans,Cyanobacteria
270,Cyanobacteria_Microcystis_sp.,Cyanobacteria
271,Cyanobacteria_Nodularia_unknown,Cyanobacteria
272,Cyanobacteria_Nostoc_sp.,Cyanobacteria
273,Cyanobacteria_Oscillatoria_sp.,Cyanobacteria
274,Cyanobacteria_Phormidium_autumnale,Cyanobacteria
275,Cyanobacteria_Phormidium_granulatum,Cyanobacteria
276,Cyanobacteria_Phormidium_sp.,Cyanobacteria
277,Cyanobacteria_Planktothrix_sp.,Cyanobacteria
278,Cyanobacteria_Pseudanabaena_limnetica,Cyanobacteria
279,Cyanobacteria_Pseudanabaena_sp.,Cyanobacteria
280,Cyanobacteria_Raphidiopsis_curvata,Cyanobacteria
281,Cyanobacteria_Rhabdoderma_lineare,Cyanobacteria
282,Cyanobacteria_Rhabdoderma_sp.,Cyanobacteria
283,Cyanobacteria_Rhabdogloea_smithii,Cyanobacteria
284,Cyanobacteria_Snowella_lacustris,Cyanobacteria
285,Cyanobacteria_Stigonema_unknown,Cyanobacteria
286,Cyanobacteria_Tapinothrix_janthina,Cyanobacteria
287,Cyanobacteria_Trichodesmium_lacustre,Cyanobacteria
288,Cyanobacteria_unknown_sp._coccoid,Cyanobacteria
289,Cyanobacteria_unknown_sp._filament_heterocytes,Cyanobacteria
290,Cyanobacteria_unknown_sp.1,Cyanobacteria
291,Cyanobacteria_unknown_sp.1colonial_coccoid,Cyanobacteria
292,Cyanobacteria_unknown_sp.coccoid_rod,Cyanobacteria
293,Cyanobacteria_unknown_sp.coccoid1to3microns,Cyanobacteria
294,Cyanobacteria_unknown_sp.coccoid3to5microns,Cyanobacteria
295,Cyanobacteria_unknown_sp.coccoid5to10microns,Cyanobacteria
296,Cyanobacteria_unknown_sp.colonial_coccoid,Cyanobacteria
297,Cyanobacteria_unknown_sp.filament,Cyanobacteria
298,Cyanobacteria_Woronichinia_naegeliana,Cyanobacteria
299,Cyanobacteria_Woronichinia_sp.,Cyanobacteria
300,Cladoceran_Alona_unknown,Cladocera
301,Cladoceran_Bosmina_longirostris,Cladocera
302,Cladoceran_Bosmina_unknown,Cladocera
303,Cladoceran_Ceriodaphnia_quadrangula,Cladocera
304,Cladoceran_Chydorus_unknown,Cladocera
305,Cladoceran_Daphnia_ambigua,Cladocera
306,Cladoceran_Daphnia_catawba,Cladocera
307,Cladoceran_Daphnia_dubia,Cladocera
308,Cladoceran_Daphnia_mendotae,Cladocera
309,Cladoceran_Daphnia_parvula,Cladocera
310,Cladoceran_Daphnia_pulex,Cladocera
311,Cladoceran_Daphnia_pulicaria,Cladocera
312,Cladoceran_Daphnia_retrocurva,Cladocera
313,Cladoceran_Diaphanosoma_birgei,Cladocera
314,Cladoceran_Diaphanosoma_brachyurum,Cladocera
315,Cladoceran_Holopedium_giberum,Cladocera
316,Cladoceran_Leptodora_kindti,Cladocera
317,Cladoceran_Polyphemus_pediculus,Cladocera
318,Cladoceran_Sida_crystallina,Cladocera
319,Copepod_Aglaodiaptomus_leptpus,Copepod
320,Copepod_Cyclops_scutifer,Copepod
321,Copepod_Epischura_lacustris,Copepod
322,Copepod_Leptodiaptomus_minutus,Copepod
323,Copepod_Mesocyclops_edax,Copepod
324,Copepod_Orthocyclops_modestus,Copepod
325,Copepod_Skistodiaptomus_oregonensis,Copepod
326,Copepod_Tropocyclops_extensus,Copepod
327,Copepod_unknown_unknown,Copepod
328,Rotifera_Anuraeopsis_fissa,Rotifer
329,Rotifera_Anuraeopsis_navicula,Rotifer
330,Rotifera_Ascomorpha_ecaudis,Rotifer
331,Rotifera_Ascomorpha_ovalis,Rotifer
332,Rotifera_Ascomorpha_saltans,Rotifer
333,Rotifera_Asplanchna_herricki,Rotifer
334,Rotifera_Asplanchna_priodonta,Rotifer
335,Rotifera_Beauchampiella_eudactylota,Rotifer
336,Rotifera_Cephalodella_gibba,Rotifer
337,Rotifera_Collotheca_mutabilis,Rotifer
338,Rotifera_Collurella_ucinata,Rotifer
339,Rotifera_Conochilus_dossaurius,Rotifer
340,Rotifera_Conochilus_unicornis,Rotifer
341,Rotifera_Encentrum_unknown,Rotifer
342,Rotifera_Euchlanis_pellucida,Rotifer
343,Rotifera_Filinia_terminalis,Rotifer
344,Rotifera_Gastropus_stylifer,Rotifer
345,Rotifera_Hexarthra_mira,Rotifer
346,Rotifera_Kellicottia_bostonensis,Rotifer
347,Rotifera_Kellicottia_longispina,Rotifer
348,Rotifera_Keratella_cochlearis,Rotifer
349,Rotifera_Keratella_crassa,Rotifer
350,Rotifera_Keratella_earlinae,Rotifer
351,Rotifera_Keratella_hiemalis,Rotifer
352,Rotifera_Keratella_serrulata,Rotifer
353,Rotifera_Keratella_taurocephala,Rotifer
354,Rotifera_Keratella_tecta,Rotifer
355,Rotifera_Lecane_crepida,Rotifer
356,Rotifera_Lecane_flexilis,Rotifer
357,Rotifera_Lecane_luna,Rotifer
358,Rotifera_Lecane_mira,Rotifer
359,Rotifera_Lecane_mucronata,Rotifer
360,Rotifera_Lecane_tenuisetta,Rotifer
361,Rotifera_Lecane_unknown,Rotifer
362,Rotifera_Lepadella_unknown,Rotifer
363,Rotifera_Microcodon_clavus,Rotifer
364,Rotifera_Monostyla_closterocerca,Rotifer
365,Rotifera_Monostyla_copeis,Rotifer
366,Rotifera_Monostyla_lunaris,Rotifer
367,Rotifera_Monostyla_obtusa,Rotifer
368,Rotifera_Ploesoma_truncatum,Rotifer
369,Rotifera_Polyarthra_euryptera,Rotifer
370,Rotifera_Polyarthra_major,Rotifer
371,Rotifera_Polyarthra_remata,Rotifer
372,Rotifera_Polyarthra_vulgaris,Rotifer
373,Rotifera_Synchaeta_pectinata,Rotifer
374,Rotifera_Trichocerca_cyclindrica,Rotifer
375,Rotifera_Trichocerca_elongata,Rotifer
376,Rotifera_Trichocerca_insignis,Rotifer
377,Rotifera_Trichocerca_multicrinis,Rotifer
378,Rotifera_Trichocerca_porcellus,Rotifer
379,Rotifera_Trichocerca_pusilla,Rotifer
380,Rotifera_Trichocerca_rousseleti,Rotifer
381,Rotifera_Trichocerca_unknown,Rotifer
382,Rotifera_Trichotria_tetractis_tetractis,Rotifer
383,Rotifera_unknown_unknown,Rotifer
