"","Achnanthes_sp.","Amphora_ovalis","Cocconeis_placentula","Coscinodiscus_sp.","Cyclotella_sp.","Cymbella_sp.","Fragilaria_capucina","Fragilaria_sp.","Frustulia_sp.","Gomphonema_sp.","Melosira_granulata","Navicula_sp.","Nitzschia_sp.","Pinnularia_nobilis","Stauroneis_acuta","Surirella_sp.","Synedra_acus","Synedra_sp.","Tabellaria_sp.","Ankistrodesmus_acicularis","Ankistrodesmus_convolutus","Ankistrodesmus_falcatus","Ankistrodesmus_falcatus_var._mirabilis","Botryococcus_braunii","Chlamydomonas_sp.","Chlorella_sp.","Chodatella_cilliata","Closteriopsis_sp.","Coelastrum_microporum","Coelastrum_reticulatum","Coelastrum_sphaericum","Cosmarium_angulosum","Cosmarium_bioculatum","Cosmarium_circulare","Cosmarium_connatum","Cosmarium_depressum","Cosmarium_globosum","Cosmarium_quadrum","Cosmarium_sp.","Cosmarium_trilobulatum","Cosmarium_turgidum","Crucigenia_lauterbornei","Crucigenia_quadrata","Crucigenia_rectangularis","Crucigenia_tetrapedia","Dictyosphaeria_cavernosa","Elakatothrix_gelatinosa","Euastrum_elegans","Eudorina_elegans","Gloeocystis_sp.","Golenkinia_paucispina","Gonatozygon_kinahani","Kirchneriella_contorta","Kirchneriella_lunaris_","Mougeotia_sp.","Nephrocytium_agardhianum","Oedogonium_sp.","Oocystis_lacustris","Pediastrum_duplex","Pediastrum_tetras_var._tetraodon","Pleodorina_californica","Pteromonas_sp.","Radiococcus_sp.","Raphidonema_nivale","Scenedesmus_acuminatus","Scenedesmus_arcuatus","Scenedesmus_armatus","Scenedesmus_bicaudatus","Scenedesmus_bijuga","Scenedesmus_denticulatus","Scenedesmus_dimorphus","Scenedesmus_perforatas","Scenedesmus_quadricauda","Schroederia_robusta","Selenastrum_bibraianum","Sphaerocystis_schroeteri","Staurastrum_bifidum","Staurastrum_connatum","Staurastrum_crenulatum","Staurastrum_gracile","Staurodesmus_sp.","Tetraedron_bifurcatum","Tetraedron_caudatum","Tetraedron_hastatum_var._palatinum","Tetraedron_minimum","Tetraedron_trigonum","Tetraedron_trilobulatum","Tetraedron_tumidulum","Treubaria_triappendiculata","Westella_linearis","Mallomonas_acaroides","Mallomonas_oviformis","Synura_sp.","Chroomonas_caudata","Cryptomonas_erosa","Cryptomonas_marssonii","Cryptomonas_ovata","Glenodinium_pulvisculus","Peridinium_sp.","Euglena_interrupta","Euglena_oxyuris","Euglena_pisciformis","Lepocinclis_texta","Phacus_acuminatus","Phacus_longicauda","Phacus_pleuronectes","Strombomonas_ensifera","Trachelomonas_oblonga","Trachelomonas_reticulata"
"FJ2015024",14676.6792,0,72180.35714,0,49082.66917,4812.02381,48120.2381,0,0,9864.655388,198255.5388,28872.14286,58706.71679,4812.02381,0,0,167939.7494,0,0,0,0,19248.09524,0,0,0,753563.2707,0,5052.631579,14436.07143,0,0,0,14436.07143,0,0,0,0,0,0,0,0,0,4812.02381,0,9624.047619,0,29112.75063,35368.42105,4812.02381,0,0,0,96000,0,0,0,0,0,0,0,0,0,0,20210.52632,45233.07644,0,202105.2632,309894.6491,0,4812.02381,4812.02381,110917.287,24781.94236,0,0,0,0,0,0,0,0,0,0,0,4812.02381,0,0,0,4812.02381,0,0,30315.78947,0,2029713.59,57744.28571,57744.28571,160481.1717,125112.619,0,0,0,0,9624.047619,0,0,10105.26316,0,4812.02381,0
"FJ2015031",138947.1875,0,37894.6875,0,94736.71875,12631.5625,18947.34375,0,0,0,202105,37894.6875,50526.25,6315.78125,6315.78125,0,25263.125,0,0,290525.9375,0,0,0,0,0,498946.7188,0,0,0,0,0,0,25263.125,0,0,0,0,0,0,0,0,0,6315.78125,0,6315.78125,0,82105.15625,6315.78125,0,0,0,0,0,0,0,0,0,0,0,0,0,0,6315.78125,0,12631.5625,0,12631.5625,189473.4375,0,6315.78125,0,6315.78125,6315.78125,0,0,0,0,0,0,0,0,0,0,0,6315.78125,12631.5625,0,0,18947.34375,0,0,0,0,719999.0625,0,0,0,6315.78125,0,0,0,0,0,0,0,0,0,18947.34375,0
"FJ2015041",210189.2,0,16168.4,0,64673.6,24252.6,40421,8084.2,8084.2,16168.4,105094.6,48505.2,8084.2,0,24252.6,0,113178.8,0,0,218273.4,0,16168.4,0,0,0,573978.2,0,0,0,0,0,0,16168.4,0,0,0,0,0,0,0,0,0,16168.4,0,0,0,8084.2,0,0,0,0,0,0,0,0,0,0,0,0,0,0,0,0,0,0,0,0,40421,0,0,0,0,0,0,0,0,0,0,0,0,0,0,0,0,0,0,0,8084.2,0,0,0,0,0,420378.4,0,0,32336.8,16168.4,0,0,0,0,16168.4,0,0,0,0,16168.4,0
"FJ2015042",40421,8084.2,16168.4,0,72757.8,8084.2,0,72757.8,8084.2,8084.2,48505.2,24252.6,8084.2,32336.8,0,0,40421,0,0,56589.4,80842,0,0,0,8084.2,1794692.4,0,0,16168.4,0,0,0,72757.8,0,0,0,0,0,0,0,0,0,0,64673.6,0,0,16168.4,0,0,0,0,0,0,0,0,0,0,8084.2,0,0,0,0,0,0,0,16168.4,0,48505.2,0,8084.2,0,121263,16168.4,16168.4,8084.2,0,0,0,0,0,0,0,0,0,0,0,0,0,0,0,0,0,0,420378.4,0,0,0,16168.4,0,0,0,0,0,0,0,0,8084.2,8084.2,0
"FJ2015043",25263.125,0,5052.625,0,25263.125,0,0,25263.125,0,0,50526.25,0,10105.25,0,0,0,95999.875,0,0,10105.25,40421,0,0,0,0,1227787.875,0,5052.625,0,0,0,0,5052.625,0,0,0,0,0,0,0,0,0,0,40421,0,0,0,0,0,0,0,0,0,0,0,0,0,30315.75,5052.625,0,0,0,25263.125,0,0,5052.625,0,70736.75,0,10105.25,0,15157.875,25263.125,0,40421,0,0,0,0,0,0,15157.875,5052.625,0,0,0,0,0,20210.5,0,0,0,0,85894.625,0,0,0,20210.5,0,0,0,0,25263.125,0,0,0,0,0,0
"FJ2015044",22456.11111,0,22456.11111,0,78596.38889,0,0,325613.6111,0,0,44912.22222,0,0,0,0,0,67368.33333,370525.8333,0,101052.5,0,0,0,0,22456.11111,1324910.556,0,0,0,0,0,0,0,0,0,0,0,0,0,0,0,0,0,44912.22222,0,0,0,0,0,0,0,11228.05556,0,0,0,0,0,11228.05556,11228.05556,0,0,0,11228.05556,11228.05556,0,11228.05556,0,235789.1667,0,0,0,0,22456.11111,381753.8889,11228.05556,0,0,0,0,0,0,44912.22222,0,11228.05556,33684.16667,11228.05556,0,0,0,0,0,0,0,550174.7222,0,0,0,11228.05556,0,0,0,0,0,0,0,0,0,0,0
"FJ2015051",15601.09649,0,10637.10526,0,38204.95614,0,0,3545.701754,0,0,306260.2632,0,5318.552632,0,0,1772.850877,6914.122807,0,0,14182.80702,7091.403509,1772.850877,131368.4211,0,3545.701754,542315.2193,0,20299.16667,55667.58772,0,0,0,0,0,0,0,0,0,0,3545.701754,0,0,28720.2193,43966.71053,0,0,6736.842105,1684.210526,3545.701754,0,0,0,80842.10526,0,0,33684.21053,1772.850877,6736.842105,0,0,0,0,0,0,10282.54386,0,0,14182.80702,0,0,0,25263.15789,7091.403509,90415.39474,36077.54386,6736.842105,0,0,1684.210526,0,1772.850877,3457.061404,0,0,3545.701754,6825.482456,0,1772.850877,0,0,0,5052.631579,0,22072.01754,0,0,5052.631579,1772.850877,0,0,0,0,0,0,0,1772.850877,0,0,0
"FJ2015071",72550.51282,5182.179487,31093.07692,0,57003.97436,0,0,0,0,0,62186.15385,0,0,0,0,0,0,0,0,15546.53846,0,10364.35897,0,10364.35897,15546.53846,295384.2308,0,25910.89744,15546.53846,51821.79487,0,0,5182.179487,0,0,0,0,5182.179487,0,0,0,0,108825.7692,0,0,0,0,10364.35897,0,0,0,0,0,0,0,0,0,36275.25641,0,0,0,1476921.154,10364.35897,0,5182.179487,0,0,5182.179487,0,0,0,0,0,0,5182.179487,0,0,0,20728.71795,15546.53846,0,0,0,0,5182.179487,20728.71795,15546.53846,0,5182.179487,0,0,0,0,0,0,0,0,0,0,0,0,0,0,0,0,0,0,0,0
"FJ2015072",35665.58824,0,59442.64706,0,47554.11765,11888.52941,0,0,0,0,11888.52941,0,0,0,0,0,23777.05882,0,0,59442.64706,0,0,0,0,0,106996.7647,0,0,0,0,142662.3529,0,11888.52941,71331.17647,0,0,0,11888.52941,0,0,0,0,0,154550.8824,0,0,0,0,0,0,0,11888.52941,0,0,0,0,0,11888.52941,0,0,0,2187489.412,0,0,0,0,0,249659.1176,0,0,0,0,0,0,0,0,0,0,83219.70588,0,0,0,0,11888.52941,23777.05882,23777.05882,0,0,35665.58824,0,0,0,0,71331.17647,0,0,0,0,0,0,0,0,11888.52941,0,0,0,0,0,71331.17647
"FJ2015073",31438.55556,0,94315.66667,0,89824.44444,0,13473.66667,0,0,0,22456.11111,0,0,0,0,0,0,0,0,80842,0,0,0,4491.222222,0,754525.3333,0,8982.444444,0,44912.22222,0,0,98806.88889,0,98806.88889,0,0,0,0,0,0,0,0,35929.77778,0,0,0,0,0,0,0,8982.444444,0,8982.444444,0,0,0,0,0,0,0,269473.3333,22456.11111,0,0,0,0,94315.66667,0,0,0,0,0,0,8982.444444,17964.88889,0,0,139227.8889,0,0,0,0,4491.222222,4491.222222,40421,0,0,0,0,0,0,0,143719.1111,0,0,0,0,0,0,0,0,0,0,0,0,4491.222222,0,4491.222222
"FJ2016023",26731.92778,0,2350.05814,0,198345.0122,0,2350.05814,2526.315789,0,0,50937.53978,2350.05814,2526.315789,0,0,0,36308.41799,0,0,108043.9657,86952.15116,0,141473.6842,0,0,752430.2234,0,26555.67013,0,0,0,30550.75581,0,0,0,0,0,0,0,0,0,0,0,4876.373929,4876.373929,0,12631.57895,14805.37944,0,0,0,0,65684.21053,21150.52326,14100.34884,0,0,4700.116279,0,2526.315789,0,0,0,0,0,0,0,35955.90269,0,0,2350.05814,5052.631579,2350.05814,11750.2907,0,0,0,0,12102.806,0,0,0,0,0,5052.631579,17507.95288,2350.05814,0,2526.315789,0,0,22736.84211,0,161214.1463,0,0,47823.74235,0,0,0,0,0,0,4700.116279,0,0,0,0,2350.05814
"FJ2016039",138022.9268,0,19717.56098,4929.390244,19717.56098,0,0,9858.780488,0,0,14788.17073,4929.390244,0,0,0,0,379563.0488,0,0,9858.780488,24646.95122,0,0,9858.780488,9858.780488,985878.0488,0,0,9858.780488,0,4929.390244,0,4929.390244,9858.780488,0,0,4929.390244,0,0,0,4929.390244,0,0,0,0,0,0,9858.780488,0,0,0,0,9858.780488,0,0,0,9858.780488,4929.390244,0,0,0,0,0,0,4929.390244,0,0,19717.56098,0,0,0,24646.95122,0,24646.95122,108446.5854,4929.390244,0,0,0,0,0,0,9858.780488,0,4929.390244,54223.29268,4929.390244,0,24646.95122,0,0,0,0,256328.2927,0,0,9858.780488,4929.390244,0,0,0,0,0,0,0,0,4929.390244,0,0
"FJ2016040",53386.22642,0,32413.06604,0,32413.06604,0,0,1906.650943,0,0,7626.603774,0,1906.650943,0,0,0,1906.650943,0,0,0,0,0,0,9533.254717,9533.254717,514795.7547,0,0,0,5719.95283,3813.301887,0,0,0,0,0,0,0,0,0,0,5719.95283,0,0,0,0,0,9533.254717,0,0,0,0,3813.301887,0,0,0,0,3813.301887,0,0,0,0,1906.650943,0,1906.650943,0,0,3813.301887,0,0,0,5719.95283,0,0,41946.32075,0,0,0,0,0,0,0,7626.603774,0,1906.650943,57199.5283,0,0,3813.301887,0,0,0,0,95332.54717,0,0,3813.301887,0,0,0,1906.650943,0,1906.650943,0,0,0,0,0,3813.301887
"FJ2016047",53704.54372,0,22818.30645,0,95185.02759,0,0,1629.879032,0,0,28033.93251,0,0,0,0,0,0,0,0,32760.57513,0,4889.637097,30315.78947,1629.879032,0,447076.0357,4156.194822,2526.315789,2526.315789,3259.758065,0,14668.91129,0,0,11409.15323,0,8149.395161,0,0,6519.516129,0,0,0,6682.510611,0,0,12631.57895,0,0,0,0,0,80842.10526,14668.91129,0,139680.8107,0,20047.53183,0,0,0,0,0,0,22736.84211,0,0,80271.59168,0,0,0,5052.631579,4889.637097,0,0,70736.84211,6519.516129,0,32923.56961,8149.395161,0,0,0,0,4889.637097,35775.87436,0,0,0,0,0,7578.947368,0,437704.4121,0,0,92414.25297,0,0,0,0,0,0,8149.395161,1629.879032,7578.947368,0,5052.631579,30967.70161
"FJ2016065",90494.77612,0,39214.40299,0,30164.92537,0,0,0,0,0,27148.43284,3016.492537,3016.492537,0,0,0,3016.492537,0,0,24131.9403,0,0,0,15082.46269,3016.492537,639496.4179,0,9049.477612,3016.492537,12065.97015,0,114626.7164,0,0,0,0,9049.477612,0,6032.985075,33181.41791,0,6032.985075,0,0,0,0,0,0,0,0,0,0,0,0,0,0,0,36197.91045,0,0,0,0,24131.9403,0,6032.985075,0,0,81445.29851,0,0,0,0,33181.41791,12065.97015,9049.477612,0,0,0,12065.97015,0,9049.477612,0,0,0,9049.477612,9049.477612,0,0,3016.492537,0,0,0,0,3016.492537,0,0,0,0,0,0,0,3016.492537,0,0,0,0,12065.97015,0,21115.44776
"FJ2016080",4491.222222,0,8982.444444,0,17964.88889,0,0,0,0,13473.66667,24701.72222,6736.833333,0,0,0,0,0,0,0,26947.33333,0,0,0,2245.611111,0,559157.1667,0,22456.11111,11228.05556,4491.222222,0,2245.611111,0,0,6736.833333,0,2245.611111,0,2245.611111,2245.611111,0,11228.05556,0,0,0,0,0,2245.611111,0,0,0,0,0,0,0,0,0,2245.611111,0,0,0,0,4491.222222,0,0,0,0,15719.27778,0,0,0,0,56140.27778,11228.05556,11228.05556,0,0,0,0,0,0,0,0,0,0,0,0,6736.833333,0,0,0,0,0,168420.8333,0,0,11228.05556,0,6736.833333,0,0,0,0,0,2245.611111,0,17964.88889,0,6736.833333
"FJ2017071",42230.89552,0,153841.1194,0,3016.492537,0,0,0,0,0,81445.29851,0,0,0,0,0,0,0,0,3016.492537,3016.492537,0,0,12065.97015,36197.91045,346896.6418,0,0,6032.985075,12065.97015,3016.492537,12065.97015,0,0,12065.97015,3016.492537,18098.95522,0,0,54296.86567,0,3016.492537,0,33181.41791,0,0,0,0,0,0,0,3016.492537,0,9049.477612,0,0,0,12065.97015,0,0,0,0,6032.985075,0,3016.492537,0,0,12065.97015,0,0,0,0,114626.7164,0,0,0,0,30164.92537,3016.492537,3016.492537,3016.492537,0,6032.985075,0,3016.492537,30164.92537,0,0,0,3016.492537,0,0,0,45247.38806,0,0,0,0,0,3016.492537,0,0,15082.46269,0,0,0,6032.985075,0,9049.477612
"FJ2017072",16168.4,0,408252.1,0,76799.9,0,0,0,0,0,149557.7,0,0,0,0,0,0,0,0,24252.6,4042.1,0,0,28294.7,48505.2,537599.3,0,4042.1,24252.6,32336.8,28294.7,12126.3,0,0,8084.2,0,24252.6,0,4042.1,32336.8,0,0,0,8084.2,0,0,0,4042.1,0,0,0,4042.1,0,8084.2,0,0,0,12126.3,0,0,0,0,20210.5,0,0,0,0,60631.5,4042.1,0,0,0,101052.5,0,0,0,0,68715.7,0,8084.2,0,0,4042.1,0,0,8084.2,0,0,0,0,0,0,0,28294.7,0,0,8084.2,0,0,0,0,0,0,0,0,0,12126.3,0,24252.6
"FJ2017073",138947.1875,0,1092630.156,0,50526.25,0,0,6315.78125,0,0,119999.8438,0,0,0,0,0,0,0,0,50526.25,25263.125,12631.5625,0,0,0,795788.4375,18947.34375,18947.34375,0,75789.375,0,63157.8125,0,0,18947.34375,0,37894.6875,0,0,63157.8125,0,0,0,75789.375,0,0,0,0,0,0,0,0,0,0,0,0,0,31578.90625,0,0,0,0,12631.5625,0,0,0,0,88420.9375,0,0,0,6315.78125,0,6315.78125,6315.78125,0,0,6315.78125,0,18947.34375,0,0,0,0,12631.5625,18947.34375,0,0,0,0,0,0,0,0,0,0,0,0,0,0,0,0,0,0,0,6315.78125,0,0,31578.90625
"FJ2017074",39117.09677,0,1356059.355,0,26078.06452,0,0,0,0,0,208624.5161,0,0,0,0,6519.516129,0,0,0,110831.7742,19558.54839,13039.03226,0,19558.54839,0,593275.9677,0,13039.03226,19558.54839,19558.54839,0,97792.74194,0,0,13039.03226,0,19558.54839,0,0,26078.06452,13039.03226,0,0,0,0,0,0,6519.516129,0,0,6519.516129,0,0,6519.516129,0,0,0,32597.58065,0,0,0,0,13039.03226,0,6519.516129,0,0,123870.8065,0,6519.516129,0,0,110831.7742,0,6519.516129,0,0,32597.58065,0,0,0,0,0,0,0,39117.09677,0,0,0,0,19558.54839,0,0,19558.54839,0,0,0,0,0,0,0,0,0,0,0,13039.03226,0,0,39117.09677
"FJ2017075",4812.02381,0,235789.1667,0,33684.16667,2406.011905,0,0,0,2406.011905,197292.9762,0,0,0,0,0,0,0,0,21654.10714,0,0,0,16842.08333,0,430676.131,2406.011905,16842.08333,2406.011905,9624.047619,0,4812.02381,0,0,0,0,2406.011905,0,0,19248.09524,0,0,0,0,2406.011905,0,0,0,0,0,0,0,0,7218.035714,0,0,0,7218.035714,0,0,0,0,0,0,0,2406.011905,0,9624.047619,0,0,4812.02381,0,40902.20238,0,2406.011905,0,0,4812.02381,0,2406.011905,0,0,0,0,0,4812.02381,0,0,16842.08333,0,0,0,0,2406.011905,0,0,2406.011905,0,0,0,0,0,0,0,0,2406.011905,0,0,7218.035714
"FJ2017090",8165.858586,0,38787.82828,0,120446.4141,0,0,0,0,2041.464646,500158.8384,14290.25253,2041.464646,0,2041.464646,0,0,0,0,24497.57576,0,0,0,12248.78788,0,102073.2323,12248.78788,6124.393939,0,24497.57576,0,8165.858586,0,0,0,0,6124.393939,0,0,2041.464646,0,0,0,2041.464646,0,0,0,0,0,0,0,0,0,8165.858586,0,0,0,4082.929293,0,0,0,0,0,0,0,2041.464646,0,8165.858586,0,0,0,0,32663.43434,0,0,0,0,0,6124.393939,6124.393939,0,0,0,0,4082.929293,8165.858586,0,0,0,0,0,0,0,8165.858586,0,0,0,0,10207.32323,0,0,0,0,0,0,0,0,0,0
"FJ2017091",7555.327103,0,9444.158879,0,58553.78505,0,0,0,0,0,118996.4019,0,3777.663551,0,1888.831776,3777.663551,1888.831776,0,0,9444.158879,0,0,0,20777.14953,5666.495327,445764.2991,0,9444.158879,5666.495327,13221.82243,1888.831776,0,0,0,0,0,0,0,0,0,0,0,0,5666.495327,0,0,0,0,0,0,0,0,0,22665.98131,0,0,0,3777.663551,0,0,0,0,7555.327103,0,0,0,1888.831776,16999.48598,0,0,0,0,0,1888.831776,3777.663551,0,0,3777.663551,9444.158879,0,0,0,0,0,0,1888.831776,0,0,0,1888.831776,0,0,0,3777.663551,0,0,1888.831776,0,0,0,0,0,1888.831776,0,0,3777.663551,0,0,3777.663551
"FJ2017092",16842.08333,0,5614.027778,0,71578.85417,0,0,0,0,2807.013889,72982.36111,0,2807.013889,0,0,1403.506944,0,1403.506944,0,12631.5625,0,0,0,29473.64583,2807.013889,277894.375,0,1403.506944,2807.013889,21052.60417,0,1403.506944,0,0,0,0,0,0,0,0,0,0,0,0,1403.506944,0,0,0,1403.506944,0,1403.506944,0,0,9824.548611,0,0,0,4210.520833,1403.506944,0,0,0,8421.041667,0,0,1403.506944,0,7017.534722,0,0,0,0,7017.534722,0,1403.506944,0,0,0,0,0,0,0,0,0,0,2807.013889,0,5614.027778,0,0,0,1403.506944,0,5614.027778,0,0,1403.506944,1403.506944,0,0,0,0,1403.506944,0,0,2807.013889,0,0,1403.506944
"FJ2017093",36491.18056,0,8421.041667,2807.013889,188069.9306,2807.013889,0,2807.013889,0,0,266666.3194,0,2807.013889,0,0,0,2807.013889,0,0,39298.19444,0,0,0,42105.20833,14035.06944,519297.5694,5614.027778,30877.15278,2807.013889,30877.15278,14035.06944,5614.027778,0,0,0,0,0,0,0,0,0,0,0,2807.013889,2807.013889,0,0,2807.013889,2807.013889,0,0,0,0,14035.06944,0,0,0,0,0,0,0,0,2807.013889,0,0,0,2807.013889,19649.09722,0,0,0,0,2807.013889,0,0,0,0,0,8421.041667,0,0,2807.013889,2807.013889,0,2807.013889,8421.041667,2807.013889,0,5614.027778,0,0,0,0,11228.05556,2807.013889,0,2807.013889,0,0,0,0,0,2807.013889,0,0,5614.027778,2807.013889,0,8421.041667
"FJ2017094",21274.21053,0,31911.31579,0,74459.73684,0,0,0,10637.10526,0,10637.10526,0,0,0,0,0,10637.10526,0,0,53185.52632,0,74459.73684,0,0,0,776508.6842,10637.10526,1914678.947,0,21274.21053,21274.21053,0,10637.10526,0,0,0,0,0,0,0,0,0,0,148919.4737,0,0,0,0,0,0,0,0,0,31911.31579,0,0,0,0,0,0,0,0,0,0,0,0,21274.21053,21274.21053,0,0,0,0,0,0,0,0,21274.21053,0,10637.10526,0,0,0,0,0,0,0,0,0,0,0,0,0,0,21274.21053,0,0,0,0,0,0,10637.10526,10637.10526,0,0,0,0,0,0,10637.10526
"FJ2017096",8509.684211,0,19146.78947,2127.421053,95733.94737,0,0,0,0,2127.421053,178703.3684,0,4254.842105,0,0,0,0,0,0,6382.263158,0,6382.263158,0,14891.94737,0,472287.4737,4254.842105,6382.263158,2127.421053,23401.63158,4254.842105,4254.842105,0,0,0,0,0,0,0,2127.421053,0,0,0,0,17019.36842,0,0,0,0,0,0,0,0,2127.421053,0,0,0,8509.684211,0,0,0,0,2127.421053,0,0,0,2127.421053,36166.15789,0,0,0,0,4254.842105,2127.421053,0,0,0,0,0,0,0,0,0,0,0,17019.36842,0,0,6382.263158,0,0,6382.263158,0,6382.263158,0,0,4254.842105,0,0,0,0,2127.421053,0,0,0,0,0,0,0
"FJ2017097",17908.03797,0,28141.20253,0,171405.5063,0,0,2558.291139,2558.291139,2558.291139,240479.3671,0,12791.4557,0,2558.291139,0,0,0,5116.582278,10233.16456,0,0,0,12791.4557,0,539799.4304,0,17908.03797,0,0,5116.582278,5116.582278,0,0,0,0,0,0,0,0,0,0,0,10233.16456,0,0,0,2558.291139,2558.291139,0,0,0,0,20466.32911,0,0,0,0,0,0,0,0,5116.582278,0,0,0,5116.582278,30699.49367,0,0,0,0,0,0,2558.291139,0,0,0,2558.291139,0,0,12791.4557,0,0,2558.291139,7674.873418,0,0,0,0,0,5116.582278,2558.291139,17908.03797,0,0,0,0,5116.582278,0,0,0,0,0,0,0,0,0,5116.582278
"FJ2017098",33684.16667,0,21654.10714,2406.011905,62556.30952,0,0,0,0,2406.011905,211729.0476,38496.19048,2406.011905,0,0,0,4812.02381,0,0,19248.09524,0,0,0,7218.035714,7218.035714,526916.6071,0,28872.14286,0,12030.05952,0,9624.047619,0,0,2406.011905,2406.011905,7218.035714,0,2406.011905,0,0,0,0,21654.10714,0,0,0,7218.035714,2406.011905,0,2406.011905,0,0,0,0,0,0,4812.02381,2406.011905,0,0,0,0,0,0,0,2406.011905,36090.17857,0,2406.011905,0,2406.011905,2406.011905,0,2406.011905,0,0,0,0,0,0,0,9624.047619,0,4812.02381,16842.08333,0,0,0,0,0,2406.011905,0,12030.05952,0,0,2406.011905,0,2406.011905,2406.011905,0,4812.02381,0,0,0,2406.011905,0,0,0
"FJ2018001",45130.24272,0,13735.29126,0,92222.6699,0,0,0,0,1962.184466,145201.6505,1962.184466,9810.92233,1962.184466,0,0,5886.553398,0,0,37281.50485,19621.84466,0,0,19621.84466,0,368890.6796,0,17659.66019,0,3924.368932,0,1962.184466,0,0,0,0,0,0,0,3924.368932,0,0,0,0,0,0,0,1962.184466,0,0,1962.184466,0,0,11773.1068,0,0,0,3924.368932,1962.184466,0,0,0,0,0,0,0,1962.184466,19621.84466,1962.184466,0,0,0,13735.29126,0,1962.184466,0,0,0,0,0,0,0,1962.184466,0,0,23546.21359,1962.184466,0,0,3924.368932,0,0,0,7848.737864,0,0,1962.184466,0,1962.184466,0,0,0,0,7848.737864,0,0,0,0,0
"FJ2018002",25263.125,0,18045.08929,0,216541.0714,3609.017857,0,0,0,7218.035714,180450.8929,3609.017857,0,0,0,0,7218.035714,0,0,202105,36090.17857,0,0,3609.017857,0,685713.3929,3609.017857,21654.10714,3609.017857,7218.035714,21654.10714,0,0,0,0,0,0,0,0,0,0,0,0,14436.07143,0,0,0,3609.017857,0,0,3609.017857,0,0,7218.035714,0,0,0,3609.017857,3609.017857,0,0,0,3609.017857,0,0,0,3609.017857,18045.08929,0,3609.017857,0,0,93834.46429,0,0,0,0,0,0,0,0,0,0,0,0,32481.16071,7218.035714,0,0,3609.017857,0,0,0,7218.035714,0,0,0,0,7218.035714,0,0,0,0,0,0,7218.035714,0,0,10827.05357
"FJ2018017",13938.27586,0,10453.7069,0,118475.3448,0,0,6969.137931,0,6969.137931,114990.7759,0,6969.137931,0,0,0,0,0,0,62722.24138,111506.2069,0,0,13938.27586,0,700398.3621,0,10453.7069,0,3484.568966,0,0,0,0,0,0,0,0,0,0,0,0,0,0,0,0,0,0,3484.568966,0,0,0,0,3484.568966,0,0,0,0,0,0,0,0,0,3484.568966,0,0,3484.568966,17422.84483,0,0,0,0,17422.84483,0,0,0,0,0,0,0,0,0,0,0,0,17422.84483,3484.568966,0,0,0,0,0,0,331034.0517,0,6969.137931,10453.7069,0,0,0,3484.568966,0,3484.568966,10453.7069,0,0,3484.568966,0,0
"FJ2018019",14698.54545,3674.636364,7349.272727,0,205779.6364,0,0,0,0,0,139636.1818,11023.90909,3674.636364,11023.90909,0,0,29397.09091,0,0,110239.0909,0,0,0,14698.54545,0,621013.5455,0,33071.72727,0,0,0,0,0,0,0,0,0,0,0,0,0,0,0,3674.636364,0,0,0,0,0,0,0,0,0,7349.272727,0,7349.272727,0,0,3674.636364,0,0,0,0,0,0,0,0,33071.72727,0,0,0,3674.636364,11023.90909,3674.636364,0,0,0,0,0,0,0,0,0,0,0,11023.90909,0,0,0,0,0,3674.636364,0,371138.2727,0,7349.272727,25722.45455,0,3674.636364,0,0,0,0,18373.18182,0,0,3674.636364,0,11023.90909
"FJ2018021",11716.23188,0,5858.115942,0,240182.7536,0,0,0,0,0,114233.2609,0,2929.057971,0,2929.057971,0,111304.2029,0,0,128878.5507,2929.057971,0,0,14645.28986,2929.057971,462791.1594,0,8787.173913,0,5858.115942,0,0,0,0,0,0,0,0,0,0,0,0,0,8787.173913,0,0,0,0,0,0,0,2929.057971,0,17574.34783,0,5858.115942,0,0,5858.115942,0,0,0,2929.057971,0,0,0,2929.057971,35148.69565,0,0,2929.057971,5858.115942,17574.34783,8787.173913,0,0,0,0,0,0,5858.115942,0,0,0,0,32219.63768,0,0,0,0,0,5858.115942,0,20503.4058,0,0,2929.057971,0,2929.057971,0,0,0,0,5858.115942,0,5858.115942,0,0,2929.057971
"FJ2018022",41339.65909,0,18373.18182,0,243444.6591,0,0,18373.18182,0,0,59712.84091,0,55119.54545,4593.295455,0,0,59712.84091,0,0,68899.43182,151578.75,13779.88636,0,4593.295455,0,601721.7045,0,4593.295455,0,9186.590909,0,0,0,0,0,13779.88636,4593.295455,0,0,0,0,0,0,4593.295455,0,0,0,0,0,0,4593.295455,0,0,36746.36364,0,0,0,0,0,0,0,0,4593.295455,0,0,0,13779.88636,64306.13636,0,0,4593.295455,4593.295455,9186.590909,4593.295455,0,0,0,0,0,4593.295455,13779.88636,0,0,0,0,55119.54545,0,0,0,0,0,4593.295455,0,128612.2727,13779.88636,0,0,4593.295455,4593.295455,0,0,0,0,4593.295455,0,0,0,0,4593.295455
"FJ2018023",46953.68687,0,12248.78788,0,224561.1111,2041.464646,0,10207.32323,0,0,130653.7374,24497.57576,12248.78788,0,0,0,6124.393939,0,0,48995.15152,59202.47475,0,0,10207.32323,4082.929293,177607.4242,0,28580.50505,2041.464646,4082.929293,0,2041.464646,0,0,0,0,2041.464646,0,2041.464646,2041.464646,0,0,0,0,2041.464646,0,0,0,0,0,0,2041.464646,0,22456.11111,0,0,0,4082.929293,4082.929293,0,0,0,0,0,0,0,16331.71717,42870.75758,0,2041.464646,0,2041.464646,4082.929293,2041.464646,0,0,0,0,0,4082.929293,0,0,0,0,22456.11111,12248.78788,4082.929293,8165.858586,0,0,0,0,0,22456.11111,0,4082.929293,0,0,0,0,0,0,0,0,0,2041.464646,0,0,2041.464646
"FJ2018024",538946.6667,0,31702.7451,0,31702.7451,3962.843137,7925.686275,0,0,0,67368.33333,11888.52941,75294.01961,0,0,0,19814.21569,0,0,55479.80392,35665.58824,0,0,11888.52941,15851.37255,439875.5882,0,0,7925.686275,3962.843137,0,3962.843137,0,0,0,0,11888.52941,0,0,3962.843137,0,0,0,0,0,0,0,0,3962.843137,3962.843137,3962.843137,0,0,39628.43137,0,0,0,0,0,7925.686275,0,0,0,0,0,0,11888.52941,47554.11765,0,0,0,0,0,0,0,0,0,0,0,0,3962.843137,0,0,0,7925.686275,110959.6078,0,0,0,0,0,0,0,11888.52941,0,0,0,0,0,0,3962.843137,0,0,0,0,7925.686275,0,0,3962.843137
"FJ2018036",951849.3548,0,26078.06452,0,97792.74194,6519.516129,0,0,0,0,84753.70968,6519.516129,32597.58065,0,0,0,52156.12903,0,0,58675.64516,19558.54839,0,0,6519.516129,19558.54839,932290.8065,0,0,0,13039.03226,13039.03226,0,0,0,0,0,0,0,0,0,0,0,0,0,0,0,0,0,6519.516129,0,13039.03226,0,0,39117.09677,97792.74194,0,0,0,0,0,0,0,13039.03226,0,0,0,26078.06452,71714.67742,13039.03226,0,0,0,6519.516129,6519.516129,0,0,0,0,0,0,0,0,0,0,0,26078.06452,13039.03226,0,0,19558.54839,0,0,0,104312.2581,6519.516129,0,6519.516129,0,0,0,0,0,0,0,0,19558.54839,0,0,26078.06452
"FJ2018040",437894.1667,0,26947.33333,6736.833333,101052.5,0,0,0,0,0,67368.33333,6736.833333,20210.5,0,0,0,0,0,0,20210.5,6736.833333,0,0,0,0,1057682.833,0,6736.833333,6736.833333,13473.66667,33684.16667,26947.33333,0,0,0,0,0,0,0,6736.833333,0,0,0,40421,0,0,0,0,0,0,0,0,0,47157.83333,53894.66667,0,0,6736.833333,0,6736.833333,0,0,0,0,0,0,0,60631.5,6736.833333,0,0,0,6736.833333,0,0,0,0,0,13473.66667,0,6736.833333,0,0,0,0,6736.833333,6736.833333,0,13473.66667,6736.833333,0,0,0,821893.6667,0,0,13473.66667,13473.66667,6736.833333,0,0,0,0,13473.66667,0,13473.66667,0,0,20210.5
"FJ2018041",228466.5217,0,17574.34783,0,175743.4783,8787.173913,0,0,0,0,123020.4348,8787.173913,26361.52174,0,0,0,17574.34783,0,0,369061.3043,35148.69565,0,0,0,0,1555329.783,0,0,17574.34783,8787.173913,8787.173913,43935.86957,17574.34783,0,0,0,52723.04348,0,0,52723.04348,0,0,0,0,0,0,0,8787.173913,0,0,8787.173913,0,0,8787.173913,8787.173913,0,0,17574.34783,0,17574.34783,0,0,0,0,0,0,26361.52174,114233.2609,8787.173913,8787.173913,0,8787.173913,0,0,0,0,0,0,0,0,8787.173913,0,0,0,8787.173913,8787.173913,0,0,0,26361.52174,0,8787.173913,0,834781.5217,0,0,8787.173913,8787.173913,0,0,0,0,0,8787.173913,0,17574.34783,0,0,61510.21739
"FJ2018042",181197.5862,0,34845.68966,0,146351.8966,0,0,0,0,0,97567.93103,20907.41379,13938.27586,0,6969.137931,0,41814.82759,0,0,299672.931,0,0,0,0,0,1170815.172,0,0,0,0,0,13938.27586,27876.55172,0,0,0,27876.55172,0,0,62722.24138,0,0,0,0,0,0,0,0,0,0,0,0,0,27876.55172,69691.37931,0,0,0,0,6969.137931,0,0,0,0,0,0,41814.82759,41814.82759,6969.137931,0,0,0,0,13938.27586,0,0,0,0,20907.41379,0,0,20907.41379,0,0,0,27876.55172,0,0,0,0,0,0,0,348456.8966,0,0,20907.41379,13938.27586,111506.2069,0,0,0,0,13938.27586,0,13938.27586,0,0,41814.82759
"FJ2018043",279097.381,0,19248.09524,0,57744.28571,0,0,19248.09524,0,9624.047619,153984.7619,9624.047619,19248.09524,0,0,0,67368.33333,0,0,250225.2381,0,0,0,0,0,1597591.905,0,19248.09524,0,9624.047619,0,19248.09524,28872.14286,0,9624.047619,0,9624.047619,0,0,38496.19048,0,0,0,0,9624.047619,0,0,0,9624.047619,0,0,0,0,28872.14286,144360.7143,0,0,9624.047619,0,38496.19048,0,0,0,0,0,0,19248.09524,67368.33333,0,9624.047619,0,0,19248.09524,19248.09524,0,0,0,0,0,0,0,0,0,0,0,9624.047619,9624.047619,0,0,0,0,0,0,885412.381,0,0,57744.28571,19248.09524,48120.2381,9624.047619,0,0,9624.047619,9624.047619,0,9624.047619,9624.047619,0,28872.14286
"FJ2018045",85371.93966,0,5226.853448,0,27876.55172,0,0,3484.568966,0,0,1742.284483,0,3484.568966,0,0,0,0,0,0,24391.98276,0,0,0,0,0,189909.0086,0,3484.568966,0,0,1742.284483,24391.98276,1742.284483,0,5226.853448,1742.284483,6969.137931,0,0,1742.284483,0,0,0,0,0,0,0,0,0,0,0,0,0,10453.7069,0,0,0,5226.853448,0,1742.284483,0,0,0,0,0,0,5226.853448,13938.27586,0,1742.284483,0,1742.284483,0,1742.284483,1742.284483,0,0,0,0,0,0,1742.284483,0,0,6969.137931,10453.7069,1742.284483,6969.137931,0,0,0,0,0,76660.51724,0,0,5226.853448,0,5226.853448,0,0,1742.284483,1742.284483,0,0,3484.568966,0,0,12195.99138
"FJ2018046",670137.6316,0,0,0,63822.63158,0,0,10637.10526,0,0,31911.31579,0,0,0,0,0,0,0,0,42548.42105,0,0,0,0,0,436121.3158,0,0,10637.10526,0,0,31911.31579,0,0,0,0,10637.10526,0,0,10637.10526,0,0,0,0,0,0,0,0,0,0,0,0,0,21274.21053,0,0,0,0,0,10637.10526,0,0,0,0,0,0,0,42548.42105,0,0,0,0,0,0,0,0,0,0,0,0,0,10637.10526,0,0,0,10637.10526,0,0,0,0,0,0,0,329750.2632,0,0,21274.21053,0,0,0,0,0,21274.21053,10637.10526,0,0,0,0,117008.1579
"FJ2018047",1616840,0,75789.375,0,75789.375,0,0,0,0,0,50526.25,0,0,0,0,0,0,25263.125,0,884209.375,0,0,0,0,0,1061051.25,0,0,0,0,50526.25,0,0,0,0,0,0,0,0,0,0,0,0,0,0,0,0,0,0,0,0,0,0,25263.125,50526.25,0,0,0,0,0,0,0,0,0,0,0,25263.125,50526.25,0,0,0,0,50526.25,0,0,0,0,0,25263.125,0,0,0,25263.125,0,0,50526.25,0,0,0,0,0,25263.125,0,1061051.25,0,0,25263.125,0,0,0,0,0,0,0,0,0,0,0,50526.25
"FJ2018062",237770.5882,0,0,0,23777.05882,0,0,23777.05882,0,0,23777.05882,0,0,0,0,0,0,0,0,35665.58824,0,0,0,0,0,725200.2941,0,23777.05882,11888.52941,47554.11765,0,47554.11765,0,0,0,0,11888.52941,0,0,11888.52941,0,0,0,0,0,0,0,0,0,0,0,0,0,35665.58824,0,0,0,35665.58824,0,0,0,0,0,0,0,0,0,106996.7647,0,0,11888.52941,0,59442.64706,47554.11765,11888.52941,0,0,0,11888.52941,0,0,11888.52941,0,0,11888.52941,35665.58824,0,0,0,0,0,0,0,475541.1765,11888.52941,0,0,0,0,0,0,0,0,23777.05882,0,0,0,0,71331.17647
"FJ2018063",261987.963,0,74853.7037,0,67368.33333,0,0,0,0,0,52397.59259,0,0,0,0,0,22456.11111,0,0,134736.6667,0,0,0,7485.37037,0,1235086.111,0,0,7485.37037,14970.74074,0,29941.48148,0,0,14970.74074,0,7485.37037,0,0,59882.96296,0,0,0,0,0,0,0,0,0,0,0,0,0,14970.74074,0,0,0,7485.37037,0,0,0,0,7485.37037,0,0,0,7485.37037,67368.33333,0,0,0,0,29941.48148,104795.1852,0,0,0,0,0,0,0,0,0,0,7485.37037,44912.22222,0,14970.74074,0,0,0,7485.37037,0,209590.3704,0,0,0,0,14970.74074,0,0,0,14970.74074,0,0,7485.37037,0,0,209590.3704
"FJ2018065",574736.0938,0,37894.6875,0,69473.59375,6315.78125,0,6315.78125,0,0,50526.25,0,0,0,0,0,0,0,0,44210.46875,0,0,0,0,0,745262.1875,0,0,6315.78125,6315.78125,0,50526.25,0,0,6315.78125,0,0,0,0,12631.5625,0,0,0,0,0,0,0,6315.78125,0,0,0,0,0,18947.34375,0,0,0,25263.125,0,0,0,0,0,0,0,0,0,88420.9375,0,0,0,0,0,6315.78125,0,0,0,6315.78125,6315.78125,12631.5625,0,0,0,0,12631.5625,18947.34375,0,0,25263.125,6315.78125,0,0,0,31578.90625,0,0,0,0,0,0,0,0,6315.78125,0,0,6315.78125,0,0,56842.03125
"FJ2018066",220818.4259,0,7485.37037,0,127251.2963,0,0,0,0,0,18713.42593,0,0,0,0,0,3742.685185,0,0,71111.01852,7485.37037,0,0,0,0,565145.463,0,22456.11111,0,0,0,63625.64815,0,0,11228.05556,0,11228.05556,0,0,22456.11111,0,0,0,0,7485.37037,0,0,0,0,0,0,0,0,14970.74074,7485.37037,0,0,3742.685185,0,0,0,0,0,0,0,0,0,18713.42593,0,0,0,0,3742.685185,14970.74074,0,0,0,18713.42593,3742.685185,3742.685185,3742.685185,0,0,0,3742.685185,0,0,0,0,0,0,0,0,3742.685185,0,0,7485.37037,0,0,0,0,0,0,0,0,26198.7963,0,0,29941.48148
"FJ2018067",1639296.111,0,22456.11111,0,336841.6667,0,22456.11111,0,0,0,202105,0,0,0,0,0,67368.33333,0,0,696139.4444,0,0,0,44912.22222,0,2200698.889,0,0,0,22456.11111,0,359297.7778,0,0,0,67368.33333,0,0,0,89824.44444,0,0,0,44912.22222,0,0,0,0,0,0,0,0,0,202105,0,0,0,0,0,0,22456.11111,0,0,0,0,0,0,202105,0,0,0,0,0,89824.44444,0,0,0,0,112280.5556,22456.11111,0,0,0,0,0,112280.5556,0,0,0,0,0,0,0,291929.4444,0,0,0,0,0,0,0,0,0,0,0,112280.5556,0,0,179648.8889
"FJ2018068",885412.381,0,28872.14286,0,57744.28571,0,0,0,0,0,9624.047619,0,0,0,0,0,0,0,0,211729.0476,0,0,0,0,0,760299.7619,0,0,0,0,0,9624.047619,0,0,0,0,0,0,0,0,0,0,0,0,0,0,0,0,0,0,0,0,0,19248.09524,0,0,0,0,0,0,0,0,0,0,9624.047619,0,0,76992.38095,0,0,0,0,0,0,0,0,0,28872.14286,0,0,0,0,0,0,0,19248.09524,0,0,0,0,0,0,0,57744.28571,9624.047619,0,0,9624.047619,0,0,0,0,0,0,0,0,0,0,28872.14286
"FJ2018070",734927.2727,0,45932.95455,0,91865.90909,0,0,9186.590909,0,0,128612.2727,0,18373.18182,0,0,0,9186.590909,0,0,174545.2273,0,0,0,0,0,900285.9091,0,18373.18182,27559.77273,0,18373.18182,18373.18182,0,0,0,0,0,0,0,0,0,0,0,36746.36364,0,0,0,0,9186.590909,0,0,0,0,18373.18182,0,0,0,18373.18182,0,0,0,0,0,0,0,0,0,64306.13636,0,0,0,0,18373.18182,9186.590909,0,0,0,0,0,0,0,0,36746.36364,0,9186.590909,45932.95455,0,0,18373.18182,0,0,0,0,18373.18182,0,0,9186.590909,0,9186.590909,0,0,0,0,9186.590909,0,18373.18182,0,0,110239.0909
"FJ2018071",956630.3333,0,26947.33333,0,87578.83333,0,0,6736.833333,0,0,114526.1667,0,0,0,0,0,0,0,0,53894.66667,0,0,0,0,0,478315.1667,0,0,26947.33333,6736.833333,0,13473.66667,0,0,0,0,26947.33333,0,0,20210.5,0,0,0,6736.833333,0,0,0,0,0,0,0,0,0,80842,0,0,0,13473.66667,0,0,0,0,0,0,0,0,0,87578.83333,0,0,6736.833333,0,498525.6667,33684.16667,0,0,0,0,13473.66667,0,0,0,0,0,0,20210.5,0,0,60631.5,0,0,0,0,74105.16667,0,0,0,0,13473.66667,0,0,0,6736.833333,13473.66667,0,0,0,0,33684.16667
"FJ2018073",505262.5,0,7773.269231,0,194331.7308,7773.269231,0,0,0,0,956112.1154,0,0,0,0,15546.53846,15546.53846,0,0,0,0,0,0,7773.269231,0,287610.9615,7773.269231,31093.07692,0,0,0,15546.53846,0,0,0,0,7773.269231,0,0,15546.53846,0,0,0,38866.34615,0,31093.07692,0,0,0,62186.15385,0,0,0,38866.34615,0,0,0,0,0,0,0,0,0,0,0,0,0,7773.269231,0,0,0,0,1329229.038,15546.53846,0,0,0,0,23319.80769,7773.269231,0,0,0,0,15546.53846,0,0,38866.34615,0,0,0,0,0,23319.80769,0,0,0,0,0,0,0,0,0,0,0,0,0,0,7773.269231
"FJ2018088",144360.7143,0,0,0,567818.8095,0,0,0,0,0,2107666.429,0,9624.047619,0,0,0,19248.09524,0,0,0,19248.09524,0,0,0,0,779547.8571,48120.2381,28872.14286,0,9624.047619,9624.047619,0,0,0,0,0,38496.19048,0,9624.047619,48120.2381,0,0,0,0,0,0,0,9624.047619,28872.14286,0,0,0,0,57744.28571,0,0,0,28872.14286,0,0,0,0,0,0,0,0,0,57744.28571,0,0,0,0,28872.14286,461954.2857,0,0,0,9624.047619,19248.09524,38496.19048,0,0,0,0,0,19248.09524,0,0,0,0,0,0,0,9624.047619,0,0,19248.09524,0,0,0,0,0,0,0,0,9624.047619,0,0,0
"FJ2018089",34979.71154,0,27206.44231,0,369230.2885,0,0,0,0,0,524695.6731,0,0,0,0,0,0,0,0,7773.269231,0,0,0,0,0,509149.1346,0,3886.634615,0,0,11659.90385,3886.634615,3886.634615,0,0,0,0,0,0,3886.634615,0,0,0,0,31093.07692,11659.90385,0,19433.17308,0,3886.634615,0,0,0,58299.51923,0,0,0,0,0,0,0,0,0,0,0,0,0,42752.98077,0,0,0,3886.634615,62186.15385,38866.34615,0,0,0,0,3886.634615,7773.269231,0,3886.634615,0,0,0,23319.80769,0,15546.53846,0,0,0,0,0,15546.53846,0,0,0,0,0,0,0,0,0,0,3886.634615,3886.634615,0,0,23319.80769
"FJ2018090",39587.57732,0,18752.01031,0,106261.3918,0,0,2083.556701,0,0,43754.69072,2083.556701,0,0,2083.556701,0,0,0,0,0,4167.113402,0,0,0,0,335452.6289,4167.113402,4167.113402,10417.78351,0,2083.556701,6250.670103,0,0,0,0,6250.670103,0,0,8334.226804,0,0,0,8334.226804,2083.556701,0,0,0,0,6250.670103,2083.556701,0,0,50005.36082,0,0,0,2083.556701,0,0,0,0,0,0,0,2083.556701,2083.556701,50005.36082,0,0,2083.556701,0,25002.68041,33336.90722,4167.113402,0,0,0,6250.670103,0,2083.556701,2083.556701,0,0,4167.113402,4167.113402,0,0,0,0,0,4167.113402,0,4167.113402,0,0,0,0,0,0,0,4167.113402,0,0,0,6250.670103,0,0,4167.113402
"FJ2018095",42442.05,0,22231.55,4042.1,232420.75,0,2021.05,2021.05,0,2021.05,181894.5,2021.05,2021.05,2021.05,0,2021.05,0,0,0,18189.45,10105.25,0,0,0,0,323368,0,6063.15,2021.05,0,0,0,0,0,0,0,2021.05,0,0,0,0,0,0,0,4042.1,0,0,0,2021.05,0,0,0,0,24252.6,0,0,0,2021.05,0,0,0,0,0,0,0,0,0,16168.4,0,0,0,2021.05,8084.2,10105.25,0,0,0,0,0,0,2021.05,0,2021.05,0,0,8084.2,0,0,0,0,0,0,0,8084.2,0,0,0,0,2021.05,0,0,0,0,4042.1,0,2021.05,0,0,0
"FJ2019010",41395,0,2435,17045,255675,7305,0,0,0,2435,289765,9740,4870,2435,0,0,0,0,0,9740,9740,0,0,0,0,360380,0,7305,0,0,0,0,0,0,0,0,0,0,0,0,0,0,0,0,4870,0,0,0,0,0,0,0,0,24350,4870,0,0,0,0,0,0,0,2435,0,0,0,0,19480,4870,0,0,0,0,2435,0,0,0,0,0,0,0,0,0,0,0,9740,0,0,0,0,0,0,0,2435,0,0,0,0,0,0,0,0,0,7305,0,0,0,0,4870
"FJ2019018",24917.05479,0,8305.684932,8305.684932,318384.589,0,0,2768.561644,2768.561644,0,274087.6027,2768.561644,2768.561644,2768.561644,0,0,0,0,0,11074.24658,22148.49315,0,0,0,0,578629.3836,0,19379.93151,0,0,0,0,0,0,0,0,0,0,0,0,0,0,0,5537.123288,11074.24658,0,0,0,0,0,0,0,0,24917.05479,8305.684932,0,0,0,0,0,0,0,0,0,0,0,0,19379.93151,0,0,0,0,0,5537.123288,0,0,0,0,0,0,0,0,0,0,0,5537.123288,0,0,0,0,0,0,0,0,0,0,0,0,0,0,0,0,0,0,2768.561644,2768.561644,0,0,0
"FJ2019019",14970.74074,0,3742.685185,0,258245.2778,3742.685185,0,3742.685185,0,0,280701.3889,0,0,0,0,0,0,0,0,26198.7963,11228.05556,7485.37037,0,0,0,1107834.815,0,11228.05556,3742.685185,0,0,0,0,0,0,0,0,0,0,0,0,0,0,0,7485.37037,0,0,0,0,0,0,0,0,33684.16667,0,0,0,0,0,0,0,0,3742.685185,0,0,0,0,26198.7963,0,0,0,0,0,11228.05556,7485.37037,0,0,0,0,0,3742.685185,0,0,0,0,3742.685185,0,0,0,0,0,0,0,3742.685185,0,0,0,0,0,0,0,0,3742.685185,0,0,0,0,0,3742.685185
"FJ2019020",19248.09524,4812.02381,0,9624.047619,1217442.024,0,0,4812.02381,0,0,298345.4762,4812.02381,9624.047619,0,0,0,4812.02381,0,0,33684.16667,9624.047619,0,0,0,0,659247.2619,0,33684.16667,0,0,0,0,0,0,0,0,0,0,0,0,0,0,0,19248.09524,14436.07143,0,0,0,0,0,0,0,0,14436.07143,0,0,0,0,0,0,0,0,0,0,0,0,0,24060.11905,0,0,0,0,0,14436.07143,4812.02381,0,0,0,0,0,0,0,0,0,0,0,0,0,0,0,0,0,0,4812.02381,0,0,0,0,9624.047619,0,0,0,0,4812.02381,9624.047619,0,0,0,0
"FJ2019023",71331.17647,0,23777.05882,0,166439.4118,23777.05882,0,0,0,0,356655.8824,0,11888.52941,0,23777.05882,0,35665.58824,0,0,23777.05882,249659.1176,0,0,0,0,3007797.941,0,11888.52941,0,0,0,0,0,0,0,0,0,0,0,0,0,0,0,0,0,0,0,0,0,0,0,0,0,118885.2941,0,0,0,11888.52941,0,0,0,0,0,0,0,47554.11765,106996.7647,392321.4706,0,11888.52941,11888.52941,0,0,725200.2941,0,0,0,0,0,0,0,0,0,0,0,0,0,0,0,0,0,11888.52941,0,130773.8235,0,0,0,0,0,0,0,0,0,11888.52941,0,0,0,0,0
"FJ2019024",134736.6667,0,16842.08333,16842.08333,33684.16667,0,0,0,0,0,336841.6667,0,16842.08333,0,0,0,67368.33333,0,0,50526.25,117894.5833,0,0,0,0,2795785.833,0,0,16842.08333,0,0,0,0,0,0,0,0,0,0,0,0,0,0,67368.33333,0,0,0,0,0,0,0,0,0,101052.5,0,0,0,0,0,16842.08333,16842.08333,0,0,0,0,0,0,555788.75,0,16842.08333,0,0,0,252631.25,0,0,0,0,0,0,0,16842.08333,0,0,0,16842.08333,0,0,0,0,0,0,0,1936839.583,33684.16667,0,16842.08333,16842.08333,0,0,0,0,0,0,0,0,0,0,33684.16667
"FJ2019039",142222.037,0,52397.59259,0,134736.6667,0,0,0,0,0,89824.44444,7485.37037,0,0,0,0,321870.9259,0,0,7485.37037,67368.33333,14970.74074,0,0,0,965612.7778,0,0,0,0,22456.11111,7485.37037,0,0,0,0,0,0,0,0,7485.37037,0,0,0,0,0,0,0,0,0,0,0,0,22456.11111,0,44912.22222,0,0,0,0,0,0,0,0,0,0,0,194619.6296,0,7485.37037,0,7485.37037,0,112280.5556,37426.85185,0,0,14970.74074,0,0,0,7485.37037,0,0,0,7485.37037,0,0,0,0,0,0,0,7485.37037,0,0,0,0,0,0,0,0,7485.37037,0,0,22456.11111,0,0,7485.37037
"FJ2019040",633874.7727,0,27559.77273,18373.18182,137798.8636,18373.18182,0,0,0,0,55119.54545,0,0,0,0,0,146985.4545,0,18373.18182,27559.77273,9186.590909,18373.18182,0,0,0,2085356.136,0,0,18373.18182,0,0,9186.590909,0,0,0,0,18373.18182,0,9186.590909,36746.36364,0,0,0,18373.18182,0,0,0,0,0,0,0,0,0,64306.13636,0,0,0,0,0,0,0,0,0,0,0,0,0,64306.13636,9186.590909,0,0,9186.590909,0,183731.8182,0,0,0,0,0,9186.590909,0,0,18373.18182,0,9186.590909,174545.2273,0,0,0,0,0,0,0,73492.72727,0,0,55119.54545,0,9186.590909,0,0,0,18373.18182,9186.590909,0,55119.54545,0,0,110239.0909
"FJ2019041",968710.1724,0,62722.24138,20907.41379,404210,0,0,13938.27586,0,0,90598.7931,0,20907.41379,0,0,0,0,0,0,13938.27586,0,0,0,0,0,1087185.517,0,0,0,6969.137931,6969.137931,0,0,0,0,0,0,0,13938.27586,27876.55172,0,0,0,0,0,0,0,0,0,0,0,0,0,41814.82759,0,0,0,6969.137931,0,6969.137931,0,0,0,0,0,6969.137931,6969.137931,41814.82759,0,0,0,0,0,41814.82759,0,0,0,0,0,0,0,0,27876.55172,0,0,313611.2069,6969.137931,0,0,0,0,0,0,0,0,0,0,0,6969.137931,0,0,0,0,0,6969.137931,6969.137931,0,0,20907.41379
"FJ2019042",303157.5,0,12631.5625,0,315789.0625,12631.5625,0,12631.5625,0,0,25263.125,0,37894.6875,0,12631.5625,0,0,0,0,0,12631.5625,0,0,0,0,3359995.625,0,0,0,0,0,37894.6875,0,0,12631.5625,0,151578.75,63157.8125,0,315789.0625,0,0,0,0,0,0,0,0,0,0,0,0,0,0,0,0,0,0,0,0,0,0,0,0,0,0,0,63157.8125,0,0,12631.5625,0,0,63157.8125,12631.5625,0,25263.125,0,0,0,0,0,0,0,88420.9375,25263.125,0,0,0,0,0,0,0,530525.625,0,0,25263.125,0,0,0,0,0,0,0,0,12631.5625,12631.5625,0,25263.125
"FJ2019044",3678311,0,60631.5,0,121263,0,20210.5,0,0,0,20210.5,0,0,0,0,0,181894.5,0,0,80842,0,0,0,0,0,2748628,0,0,0,101052.5,20210.5,202105,0,0,20210.5,0,222315.5,0,0,464841.5,0,0,0,0,0,0,0,0,0,0,0,0,0,40421,0,0,0,20210.5,0,0,0,0,0,0,0,0,0,60631.5,0,0,0,0,0,20210.5,0,0,0,0,80842,0,0,0,0,0,101052.5,40421,0,0,0,0,0,40421,0,101052.5,0,0,0,0,0,20210.5,0,0,0,0,0,20210.5,0,0,60631.5
"FJ2019062",277894.375,0,12631.5625,0,113684.0625,0,50526.25,0,0,0,12631.5625,37894.6875,0,0,0,0,0,0,0,0,0,50526.25,0,0,0,2058944.688,37894.6875,0,25263.125,0,12631.5625,606315,0,0,0,0,37894.6875,0,0,50526.25,0,0,0,75789.375,0,0,0,0,0,0,0,0,0,12631.5625,0,0,0,25263.125,0,0,0,0,0,0,0,0,0,265262.8125,0,0,0,0,176841.875,543157.1875,37894.6875,0,0,0,252631.25,0,12631.5625,0,12631.5625,0,0,0,0,0,0,0,0,12631.5625,0,126315.625,0,0,0,0,0,0,0,0,0,0,12631.5625,0,0,0,12631.5625
"FJ2019065",138282.3684,0,127645.2632,0,1436009.211,0,0,0,0,0,106371.0526,0,0,0,0,0,0,0,0,319113.1579,0,21274.21053,0,0,0,957339.4737,10637.10526,10637.10526,42548.42105,0,0,287201.8421,0,0,74459.73684,0,0,0,0,10637.10526,0,0,0,42548.42105,0,0,0,0,10637.10526,0,0,10637.10526,0,21274.21053,0,0,0,31911.31579,0,0,0,0,0,0,0,0,0,138282.3684,0,0,0,0,340387.3684,0,10637.10526,0,0,21274.21053,74459.73684,0,0,0,10637.10526,0,0,21274.21053,0,0,0,0,0,0,0,616952.1053,0,0,0,0,0,0,0,0,0,0,0,0,0,0,53185.52632
"FJ2019066",209323.0357,0,93834.46429,0,1450825.179,0,0,0,0,0,86616.42857,0,0,0,0,0,0,0,0,86616.42857,0,0,0,0,0,664059.2857,7218.035714,7218.035714,0,14436.07143,21654.10714,137142.6786,0,0,21654.10714,0,7218.035714,7218.035714,0,7218.035714,0,0,0,21654.10714,0,0,0,0,21654.10714,0,0,0,0,0,0,0,0,21654.10714,0,0,0,0,0,0,0,0,0,122706.6071,0,0,7218.035714,0,151578.75,14436.07143,7218.035714,0,0,14436.07143,28872.14286,0,0,0,0,0,0,0,0,0,0,0,0,0,0,86616.42857,0,0,7218.035714,0,0,0,0,0,0,0,0,0,7218.035714,0,0
"FJ2019070",265927.6316,0,148919.4737,0,191467.8947,0,0,0,0,0,10637.10526,0,0,0,0,0,0,0,0,159556.5789,0,21274.21053,0,0,0,1478557.632,0,10637.10526,0,0,0,1223267.105,0,0,0,0,0,0,0,0,0,0,0,0,0,0,0,0,0,0,0,0,0,10637.10526,0,0,0,10637.10526,0,0,0,0,0,0,0,0,0,308476.0526,0,0,0,0,74459.73684,74459.73684,10637.10526,0,223379.2105,0,159556.5789,0,0,0,0,0,10637.10526,21274.21053,0,0,0,0,0,0,0,42548.42105,0,0,0,0,0,0,0,0,10637.10526,21274.21053,0,10637.10526,0,0,10637.10526
"FJ2019082",151578.75,0,168420.8333,0,319999.5833,0,0,0,0,0,33684.16667,0,0,16842.08333,0,0,0,0,0,353683.75,0,0,0,0,0,1296840.417,0,67368.33333,0,0,0,1482103.333,0,0,0,0,0,0,0,0,0,0,0,0,0,0,0,0,0,0,0,0,0,0,0,0,0,33684.16667,0,0,0,67368.33333,0,0,16842.08333,16842.08333,0,505262.5,0,0,0,0,168420.8333,50526.25,33684.16667,0,202105,0,336841.6667,134736.6667,0,0,0,0,16842.08333,16842.08333,0,0,0,0,16842.08333,0,0,16842.08333,0,0,0,0,0,0,0,0,0,0,0,0,0,0,117894.5833
"FJ2020009",26361.52174,0,21967.93478,4393.586957,360274.1304,0,0,0,0,0,83478.15217,26361.52174,0,0,0,0,4393.586957,0,4393.586957,333912.6087,0,0,0,0,0,527230.4348,0,26361.52174,0,4393.586957,0,0,0,0,0,0,8787.173913,0,0,0,0,0,0,26361.52174,0,0,0,4393.586957,26361.52174,0,0,0,0,250434.4565,0,0,0,8787.173913,0,0,0,0,0,0,0,0,4393.586957,83478.15217,0,0,0,0,0,4393.586957,0,0,0,0,0,0,13180.76087,0,0,0,13180.76087,21967.93478,4393.586957,0,4393.586957,0,0,0,0,26361.52174,0,0,8787.173913,0,0,0,0,0,0,4393.586957,4393.586957,0,0,0,13180.76087
"FJ2020016",52723.04348,0,21967.93478,0,505262.5,8787.173913,0,0,4393.586957,13180.76087,114233.2609,13180.76087,0,0,0,0,0,0,0,162562.7174,13180.76087,17574.34783,0,0,0,562379.1304,0,43935.86957,0,0,0,0,0,0,0,0,4393.586957,0,0,0,0,0,0,39542.28261,0,0,0,0,8787.173913,0,0,0,0,215285.7609,0,0,0,4393.586957,0,0,0,0,0,0,0,0,0,70297.3913,0,0,4393.586957,0,8787.173913,4393.586957,0,0,13180.76087,0,0,0,4393.586957,13180.76087,4393.586957,0,8787.173913,26361.52174,0,0,0,0,21967.93478,0,0,30755.1087,0,0,0,0,4393.586957,4393.586957,0,0,0,8787.173913,4393.586957,0,0,0,8787.173913
