"","FJ2015024","FJ2015031","FJ2015041","FJ2015042","FJ2015043","FJ2015044","FJ2015051","FJ2015071","FJ2015072","FJ2015073","FJ2016023","FJ2016039","FJ2016040","FJ2016047","FJ2016065","FJ2016080","FJ2017071","FJ2017072","FJ2017073","FJ2017074","FJ2017075","FJ2017090","FJ2017091","FJ2017092","FJ2017093","FJ2017094","FJ2017096","FJ2017097","FJ2017098","FJ2018001","FJ2018002","FJ2018017","FJ2018019","FJ2018021","FJ2018022","FJ2018023","FJ2018024","FJ2018036","FJ2018040","FJ2018041","FJ2018042","FJ2018043","FJ2018045","FJ2018046","FJ2018047","FJ2018062","FJ2018063","FJ2018065","FJ2018066","FJ2018067","FJ2018068","FJ2018070","FJ2018071","FJ2018073","FJ2018088","FJ2018089","FJ2018090","FJ2018095","FJ2019010","FJ2019018","FJ2019019","FJ2019020","FJ2019023","FJ2019024","FJ2019039","FJ2019040","FJ2019041","FJ2019042","FJ2019044","FJ2019062","FJ2019065","FJ2019066","FJ2019070","FJ2019082","FJ2020009","FJ2020016"
"Achnanthes_sp.",14676.6792,138947.1875,210189.2,40421,25263.125,22456.11111,15601.09649,72550.51282,35665.58824,31438.55556,26731.92778,138022.9268,53386.22642,53704.54372,90494.77612,4491.222222,42230.89552,16168.4,138947.1875,39117.09677,4812.02381,8165.858586,7555.327103,16842.08333,36491.18056,21274.21053,8509.684211,17908.03797,33684.16667,45130.24272,25263.125,13938.27586,14698.54545,11716.23188,41339.65909,46953.68687,538946.6667,951849.3548,437894.1667,228466.5217,181197.5862,279097.381,85371.93966,670137.6316,1616840,237770.5882,261987.963,574736.0938,220818.4259,1639296.111,885412.381,734927.2727,956630.3333,505262.5,144360.7143,34979.71154,39587.57732,42442.05,41395,24917.05479,14970.74074,19248.09524,71331.17647,134736.6667,142222.037,633874.7727,968710.1724,303157.5,3678311,277894.375,138282.3684,209323.0357,265927.6316,151578.75,26361.52174,52723.04348
"Amphora_ovalis",0,0,0,8084.2,0,0,0,5182.179487,0,0,0,0,0,0,0,0,0,0,0,0,0,0,0,0,0,0,0,0,0,0,0,0,3674.636364,0,0,0,0,0,0,0,0,0,0,0,0,0,0,0,0,0,0,0,0,0,0,0,0,0,0,0,0,4812.02381,0,0,0,0,0,0,0,0,0,0,0,0,0,0
"Cocconeis_placentula",72180.35714,37894.6875,16168.4,16168.4,5052.625,22456.11111,10637.10526,31093.07692,59442.64706,94315.66667,2350.05814,19717.56098,32413.06604,22818.30645,39214.40299,8982.444444,153841.1194,408252.1,1092630.156,1356059.355,235789.1667,38787.82828,9444.158879,5614.027778,8421.041667,31911.31579,19146.78947,28141.20253,21654.10714,13735.29126,18045.08929,10453.7069,7349.272727,5858.115942,18373.18182,12248.78788,31702.7451,26078.06452,26947.33333,17574.34783,34845.68966,19248.09524,5226.853448,0,75789.375,0,74853.7037,37894.6875,7485.37037,22456.11111,28872.14286,45932.95455,26947.33333,7773.269231,0,27206.44231,18752.01031,22231.55,2435,8305.684932,3742.685185,0,23777.05882,16842.08333,52397.59259,27559.77273,62722.24138,12631.5625,60631.5,12631.5625,127645.2632,93834.46429,148919.4737,168420.8333,21967.93478,21967.93478
"Coscinodiscus_sp.",0,0,0,0,0,0,0,0,0,0,0,4929.390244,0,0,0,0,0,0,0,0,0,0,0,0,2807.013889,0,2127.421053,0,2406.011905,0,0,0,0,0,0,0,0,0,6736.833333,0,0,0,0,0,0,0,0,0,0,0,0,0,0,0,0,0,0,4042.1,17045,8305.684932,0,9624.047619,0,16842.08333,0,18373.18182,20907.41379,0,0,0,0,0,0,0,4393.586957,0
"Cyclotella_sp.",49082.66917,94736.71875,64673.6,72757.8,25263.125,78596.38889,38204.95614,57003.97436,47554.11765,89824.44444,198345.0122,19717.56098,32413.06604,95185.02759,30164.92537,17964.88889,3016.492537,76799.9,50526.25,26078.06452,33684.16667,120446.4141,58553.78505,71578.85417,188069.9306,74459.73684,95733.94737,171405.5063,62556.30952,92222.6699,216541.0714,118475.3448,205779.6364,240182.7536,243444.6591,224561.1111,31702.7451,97792.74194,101052.5,175743.4783,146351.8966,57744.28571,27876.55172,63822.63158,75789.375,23777.05882,67368.33333,69473.59375,127251.2963,336841.6667,57744.28571,91865.90909,87578.83333,194331.7308,567818.8095,369230.2885,106261.3918,232420.75,255675,318384.589,258245.2778,1217442.024,166439.4118,33684.16667,134736.6667,137798.8636,404210,315789.0625,121263,113684.0625,1436009.211,1450825.179,191467.8947,319999.5833,360274.1304,505262.5
"Cymbella_sp.",4812.02381,12631.5625,24252.6,8084.2,0,0,0,0,11888.52941,0,0,0,0,0,0,0,0,0,0,0,2406.011905,0,0,0,2807.013889,0,0,0,0,0,3609.017857,0,0,0,0,2041.464646,3962.843137,6519.516129,0,8787.173913,0,0,0,0,0,0,0,6315.78125,0,0,0,0,0,7773.269231,0,0,0,0,7305,0,3742.685185,0,23777.05882,0,0,18373.18182,0,12631.5625,0,0,0,0,0,0,0,8787.173913
"Fragilaria_capucina",48120.2381,18947.34375,40421,0,0,0,0,0,0,13473.66667,2350.05814,0,0,0,0,0,0,0,0,0,0,0,0,0,0,0,0,0,0,0,0,0,0,0,0,0,7925.686275,0,0,0,0,0,0,0,0,0,0,0,0,22456.11111,0,0,0,0,0,0,0,2021.05,0,0,0,0,0,0,0,0,0,0,20210.5,50526.25,0,0,0,0,0,0
"Fragilaria_sp.",0,0,8084.2,72757.8,25263.125,325613.6111,3545.701754,0,0,0,2526.315789,9858.780488,1906.650943,1629.879032,0,0,0,0,6315.78125,0,0,0,0,0,2807.013889,0,0,2558.291139,0,0,0,6969.137931,0,0,18373.18182,10207.32323,0,0,0,0,0,19248.09524,3484.568966,10637.10526,0,23777.05882,0,6315.78125,0,0,0,9186.590909,6736.833333,0,0,0,2083.556701,2021.05,0,2768.561644,3742.685185,4812.02381,0,0,0,0,13938.27586,12631.5625,0,0,0,0,0,0,0,0
"Frustulia_sp.",0,0,8084.2,8084.2,0,0,0,0,0,0,0,0,0,0,0,0,0,0,0,0,0,0,0,0,0,10637.10526,0,2558.291139,0,0,0,0,0,0,0,0,0,0,0,0,0,0,0,0,0,0,0,0,0,0,0,0,0,0,0,0,0,0,0,2768.561644,0,0,0,0,0,0,0,0,0,0,0,0,0,0,0,4393.586957
"Gomphonema_sp.",9864.655388,0,16168.4,8084.2,0,0,0,0,0,0,0,0,0,0,0,13473.66667,0,0,0,0,2406.011905,2041.464646,0,2807.013889,0,0,2127.421053,2558.291139,2406.011905,1962.184466,7218.035714,6969.137931,0,0,0,0,0,0,0,0,0,9624.047619,0,0,0,0,0,0,0,0,0,0,0,0,0,0,0,2021.05,2435,0,0,0,0,0,0,0,0,0,0,0,0,0,0,0,0,13180.76087
"Melosira_granulata",198255.5388,202105,105094.6,48505.2,50526.25,44912.22222,306260.2632,62186.15385,11888.52941,22456.11111,50937.53978,14788.17073,7626.603774,28033.93251,27148.43284,24701.72222,81445.29851,149557.7,119999.8438,208624.5161,197292.9762,500158.8384,118996.4019,72982.36111,266666.3194,10637.10526,178703.3684,240479.3671,211729.0476,145201.6505,180450.8929,114990.7759,139636.1818,114233.2609,59712.84091,130653.7374,67368.33333,84753.70968,67368.33333,123020.4348,97567.93103,153984.7619,1742.284483,31911.31579,50526.25,23777.05882,52397.59259,50526.25,18713.42593,202105,9624.047619,128612.2727,114526.1667,956112.1154,2107666.429,524695.6731,43754.69072,181894.5,289765,274087.6027,280701.3889,298345.4762,356655.8824,336841.6667,89824.44444,55119.54545,90598.7931,25263.125,20210.5,12631.5625,106371.0526,86616.42857,10637.10526,33684.16667,83478.15217,114233.2609
"Navicula_sp.",28872.14286,37894.6875,48505.2,24252.6,0,0,0,0,0,0,2350.05814,4929.390244,0,0,3016.492537,6736.833333,0,0,0,0,0,14290.25253,0,0,0,0,0,0,38496.19048,1962.184466,3609.017857,0,11023.90909,0,0,24497.57576,11888.52941,6519.516129,6736.833333,8787.173913,20907.41379,9624.047619,0,0,0,0,0,0,0,0,0,0,0,0,0,0,2083.556701,2021.05,9740,2768.561644,0,4812.02381,0,0,7485.37037,0,0,0,0,37894.6875,0,0,0,0,26361.52174,13180.76087
"Nitzschia_sp.",58706.71679,50526.25,8084.2,8084.2,10105.25,0,5318.552632,0,0,0,2526.315789,0,1906.650943,0,3016.492537,0,0,0,0,0,0,2041.464646,3777.663551,2807.013889,2807.013889,0,4254.842105,12791.4557,2406.011905,9810.92233,0,6969.137931,3674.636364,2929.057971,55119.54545,12248.78788,75294.01961,32597.58065,20210.5,26361.52174,13938.27586,19248.09524,3484.568966,0,0,0,0,0,0,0,0,18373.18182,0,0,9624.047619,0,0,2021.05,4870,2768.561644,0,9624.047619,11888.52941,16842.08333,0,0,20907.41379,37894.6875,0,0,0,0,0,0,0,0
"Pinnularia_nobilis",4812.02381,6315.78125,0,32336.8,0,0,0,0,0,0,0,0,0,0,0,0,0,0,0,0,0,0,0,0,0,0,0,0,0,1962.184466,0,0,11023.90909,0,4593.295455,0,0,0,0,0,0,0,0,0,0,0,0,0,0,0,0,0,0,0,0,0,0,2021.05,2435,2768.561644,0,0,0,0,0,0,0,0,0,0,0,0,0,16842.08333,0,0
"Stauroneis_acuta",0,6315.78125,24252.6,0,0,0,0,0,0,0,0,0,0,0,0,0,0,0,0,0,0,2041.464646,1888.831776,0,0,0,0,2558.291139,0,0,0,0,0,2929.057971,0,0,0,0,0,0,6969.137931,0,0,0,0,0,0,0,0,0,0,0,0,0,0,0,2083.556701,0,0,0,0,0,23777.05882,0,0,0,0,12631.5625,0,0,0,0,0,0,0,0
"Surirella_sp.",0,0,0,0,0,0,1772.850877,0,0,0,0,0,0,0,0,0,0,0,0,6519.516129,0,0,3777.663551,1403.506944,0,0,0,0,0,0,0,0,0,0,0,0,0,0,0,0,0,0,0,0,0,0,0,0,0,0,0,0,0,15546.53846,0,0,0,2021.05,0,0,0,0,0,0,0,0,0,0,0,0,0,0,0,0,0,0
"Synedra_acus",167939.7494,25263.125,113178.8,40421,95999.875,67368.33333,6914.122807,0,23777.05882,0,36308.41799,379563.0488,1906.650943,0,3016.492537,0,0,0,0,0,0,0,1888.831776,0,2807.013889,10637.10526,0,0,4812.02381,5886.553398,7218.035714,0,29397.09091,111304.2029,59712.84091,6124.393939,19814.21569,52156.12903,0,17574.34783,41814.82759,67368.33333,0,0,0,0,22456.11111,0,3742.685185,67368.33333,0,9186.590909,0,15546.53846,19248.09524,0,0,0,0,0,0,4812.02381,35665.58824,67368.33333,321870.9259,146985.4545,0,0,181894.5,0,0,0,0,0,4393.586957,0
"Synedra_sp.",0,0,0,0,0,370525.8333,0,0,0,0,0,0,0,0,0,0,0,0,0,0,0,0,0,1403.506944,0,0,0,0,0,0,0,0,0,0,0,0,0,0,0,0,0,0,0,0,25263.125,0,0,0,0,0,0,0,0,0,0,0,0,0,0,0,0,0,0,0,0,0,0,0,0,0,0,0,0,0,0,0
"Tabellaria_sp.",0,0,0,0,0,0,0,0,0,0,0,0,0,0,0,0,0,0,0,0,0,0,0,0,0,0,0,5116.582278,0,0,0,0,0,0,0,0,0,0,0,0,0,0,0,0,0,0,0,0,0,0,0,0,0,0,0,0,0,0,0,0,0,0,0,0,0,18373.18182,0,0,0,0,0,0,0,0,4393.586957,0
"Ankistrodesmus_acicularis",0,290525.9375,218273.4,56589.4,10105.25,101052.5,14182.80702,15546.53846,59442.64706,80842,108043.9657,9858.780488,0,32760.57513,24131.9403,26947.33333,3016.492537,24252.6,50526.25,110831.7742,21654.10714,24497.57576,9444.158879,12631.5625,39298.19444,53185.52632,6382.263158,10233.16456,19248.09524,37281.50485,202105,62722.24138,110239.0909,128878.5507,68899.43182,48995.15152,55479.80392,58675.64516,20210.5,369061.3043,299672.931,250225.2381,24391.98276,42548.42105,884209.375,35665.58824,134736.6667,44210.46875,71111.01852,696139.4444,211729.0476,174545.2273,53894.66667,0,0,7773.269231,0,18189.45,9740,11074.24658,26198.7963,33684.16667,23777.05882,50526.25,7485.37037,27559.77273,13938.27586,0,80842,0,319113.1579,86616.42857,159556.5789,353683.75,333912.6087,162562.7174
"Ankistrodesmus_convolutus",0,0,0,80842,40421,0,7091.403509,0,0,0,86952.15116,24646.95122,0,0,0,0,3016.492537,4042.1,25263.125,19558.54839,0,0,0,0,0,0,0,0,0,19621.84466,36090.17857,111506.2069,0,2929.057971,151578.75,59202.47475,35665.58824,19558.54839,6736.833333,35148.69565,0,0,0,0,0,0,0,0,7485.37037,0,0,0,0,0,19248.09524,0,4167.113402,10105.25,9740,22148.49315,11228.05556,9624.047619,249659.1176,117894.5833,67368.33333,9186.590909,0,12631.5625,0,0,0,0,0,0,0,13180.76087
"Ankistrodesmus_falcatus",19248.09524,0,16168.4,0,0,0,1772.850877,10364.35897,0,0,0,0,0,4889.637097,0,0,0,0,12631.5625,13039.03226,0,0,0,0,0,74459.73684,6382.263158,0,0,0,0,0,0,0,13779.88636,0,0,0,0,0,0,0,0,0,0,0,0,0,0,0,0,0,0,0,0,0,0,0,0,0,7485.37037,0,0,0,14970.74074,18373.18182,0,0,0,50526.25,21274.21053,0,21274.21053,0,0,17574.34783
"Ankistrodesmus_falcatus_var._mirabilis",0,0,0,0,0,0,131368.4211,0,0,0,141473.6842,0,0,30315.78947,0,0,0,0,0,0,0,0,0,0,0,0,0,0,0,0,0,0,0,0,0,0,0,0,0,0,0,0,0,0,0,0,0,0,0,0,0,0,0,0,0,0,0,0,0,0,0,0,0,0,0,0,0,0,0,0,0,0,0,0,0,0
"Botryococcus_braunii",0,0,0,0,0,0,0,10364.35897,0,4491.222222,0,9858.780488,9533.254717,1629.879032,15082.46269,2245.611111,12065.97015,28294.7,0,19558.54839,16842.08333,12248.78788,20777.14953,29473.64583,42105.20833,0,14891.94737,12791.4557,7218.035714,19621.84466,3609.017857,13938.27586,14698.54545,14645.28986,4593.295455,10207.32323,11888.52941,6519.516129,0,0,0,0,0,0,0,0,7485.37037,0,0,44912.22222,0,0,0,7773.269231,0,0,0,0,0,0,0,0,0,0,0,0,0,0,0,0,0,0,0,0,0,0
"Chlamydomonas_sp.",0,0,0,8084.2,0,22456.11111,3545.701754,15546.53846,0,0,0,9858.780488,9533.254717,0,3016.492537,0,36197.91045,48505.2,0,0,0,0,5666.495327,2807.013889,14035.06944,0,0,0,7218.035714,0,0,0,0,2929.057971,0,4082.929293,15851.37255,19558.54839,0,0,0,0,0,0,0,0,0,0,0,0,0,0,0,0,0,0,0,0,0,0,0,0,0,0,0,0,0,0,0,0,0,0,0,0,0,0
"Chlorella_sp.",753563.2707,498946.7188,573978.2,1794692.4,1227787.875,1324910.556,542315.2193,295384.2308,106996.7647,754525.3333,752430.2234,985878.0488,514795.7547,447076.0357,639496.4179,559157.1667,346896.6418,537599.3,795788.4375,593275.9677,430676.131,102073.2323,445764.2991,277894.375,519297.5694,776508.6842,472287.4737,539799.4304,526916.6071,368890.6796,685713.3929,700398.3621,621013.5455,462791.1594,601721.7045,177607.4242,439875.5882,932290.8065,1057682.833,1555329.783,1170815.172,1597591.905,189909.0086,436121.3158,1061051.25,725200.2941,1235086.111,745262.1875,565145.463,2200698.889,760299.7619,900285.9091,478315.1667,287610.9615,779547.8571,509149.1346,335452.6289,323368,360380,578629.3836,1107834.815,659247.2619,3007797.941,2795785.833,965612.7778,2085356.136,1087185.517,3359995.625,2748628,2058944.688,957339.4737,664059.2857,1478557.632,1296840.417,527230.4348,562379.1304
"Chodatella_cilliata",0,0,0,0,0,0,0,0,0,0,0,0,0,4156.194822,0,0,0,0,18947.34375,0,2406.011905,12248.78788,0,0,5614.027778,10637.10526,4254.842105,0,0,0,3609.017857,0,0,0,0,0,0,0,0,0,0,0,0,0,0,0,0,0,0,0,0,0,0,7773.269231,48120.2381,0,4167.113402,0,0,0,0,0,0,0,0,0,0,0,0,37894.6875,10637.10526,7218.035714,0,0,0,0
"Closteriopsis_sp.",5052.631579,0,0,0,5052.625,0,20299.16667,25910.89744,0,8982.444444,26555.67013,0,0,2526.315789,9049.477612,22456.11111,0,4042.1,18947.34375,13039.03226,16842.08333,6124.393939,9444.158879,1403.506944,30877.15278,1914678.947,6382.263158,17908.03797,28872.14286,17659.66019,21654.10714,10453.7069,33071.72727,8787.173913,4593.295455,28580.50505,0,0,6736.833333,0,0,19248.09524,3484.568966,0,0,23777.05882,0,0,22456.11111,0,0,18373.18182,0,31093.07692,28872.14286,3886.634615,4167.113402,6063.15,7305,19379.93151,11228.05556,33684.16667,11888.52941,0,0,0,0,0,0,0,10637.10526,7218.035714,10637.10526,67368.33333,26361.52174,43935.86957
"Coelastrum_microporum",14436.07143,0,0,16168.4,0,0,55667.58772,15546.53846,0,0,0,9858.780488,0,2526.315789,3016.492537,11228.05556,6032.985075,24252.6,0,19558.54839,2406.011905,0,5666.495327,2807.013889,2807.013889,0,2127.421053,0,0,0,3609.017857,0,0,0,0,2041.464646,7925.686275,0,6736.833333,17574.34783,0,0,0,10637.10526,0,11888.52941,7485.37037,6315.78125,0,0,0,27559.77273,26947.33333,0,0,0,10417.78351,2021.05,0,0,3742.685185,0,0,16842.08333,0,18373.18182,0,0,0,25263.125,42548.42105,0,0,0,0,0
"Coelastrum_reticulatum",0,0,0,0,0,0,0,51821.79487,0,44912.22222,0,0,5719.95283,3259.758065,12065.97015,4491.222222,12065.97015,32336.8,75789.375,19558.54839,9624.047619,24497.57576,13221.82243,21052.60417,30877.15278,21274.21053,23401.63158,0,12030.05952,3924.368932,7218.035714,3484.568966,0,5858.115942,9186.590909,4082.929293,3962.843137,13039.03226,13473.66667,8787.173913,0,9624.047619,0,0,0,47554.11765,14970.74074,6315.78125,0,22456.11111,0,0,6736.833333,0,9624.047619,0,0,0,0,0,0,0,0,0,0,0,6969.137931,0,101052.5,0,0,14436.07143,0,0,4393.586957,0
"Coelastrum_sphaericum",0,0,0,0,0,0,0,0,142662.3529,0,0,4929.390244,3813.301887,0,0,0,3016.492537,28294.7,0,0,0,0,1888.831776,0,14035.06944,21274.21053,4254.842105,5116.582278,0,0,21654.10714,0,0,0,0,0,0,13039.03226,33684.16667,8787.173913,0,0,1742.284483,0,50526.25,0,0,0,0,0,0,18373.18182,0,0,9624.047619,11659.90385,2083.556701,0,0,0,0,0,0,0,22456.11111,0,6969.137931,0,20210.5,12631.5625,0,21654.10714,0,0,0,0
"Cosmarium_angulosum",0,0,0,0,0,0,0,0,0,0,30550.75581,0,0,14668.91129,114626.7164,2245.611111,12065.97015,12126.3,63157.8125,97792.74194,4812.02381,8165.858586,0,1403.506944,5614.027778,0,4254.842105,5116.582278,9624.047619,1962.184466,0,0,0,0,0,2041.464646,3962.843137,0,26947.33333,43935.86957,13938.27586,19248.09524,24391.98276,31911.31579,0,47554.11765,29941.48148,50526.25,63625.64815,359297.7778,9624.047619,18373.18182,13473.66667,15546.53846,0,3886.634615,6250.670103,0,0,0,0,0,0,0,7485.37037,9186.590909,0,37894.6875,202105,606315,287201.8421,137142.6786,1223267.105,1482103.333,0,0
"Cosmarium_bioculatum",14436.07143,25263.125,16168.4,72757.8,5052.625,0,0,5182.179487,11888.52941,98806.88889,0,4929.390244,0,0,0,0,0,0,0,0,0,0,0,0,0,10637.10526,0,0,0,0,0,0,0,0,0,0,0,0,0,17574.34783,27876.55172,28872.14286,1742.284483,0,0,0,0,0,0,0,0,0,0,0,0,3886.634615,0,0,0,0,0,0,0,0,0,0,0,0,0,0,0,0,0,0,0,0
"Cosmarium_circulare",0,0,0,0,0,0,0,0,71331.17647,0,0,9858.780488,0,0,0,0,0,0,0,0,0,0,0,0,0,0,0,0,0,0,0,0,0,0,0,0,0,0,0,0,0,0,0,0,0,0,0,0,0,0,0,0,0,0,0,0,0,0,0,0,0,0,0,0,0,0,0,0,0,0,0,0,0,0,0,0
"Cosmarium_connatum",0,0,0,0,0,0,0,0,0,98806.88889,0,0,0,11409.15323,0,6736.833333,12065.97015,8084.2,18947.34375,13039.03226,0,0,0,0,0,0,0,0,2406.011905,0,0,0,0,0,0,0,0,0,0,0,0,9624.047619,5226.853448,0,0,0,14970.74074,6315.78125,11228.05556,0,0,0,0,0,0,0,0,0,0,0,0,0,0,0,0,0,0,12631.5625,20210.5,0,74459.73684,21654.10714,0,0,0,0
"Cosmarium_depressum",0,0,0,0,0,0,0,0,0,0,0,0,0,0,0,0,3016.492537,0,0,0,0,0,0,0,0,0,0,0,2406.011905,0,0,0,0,0,13779.88636,0,0,0,0,0,0,0,1742.284483,0,0,0,0,0,0,67368.33333,0,0,0,0,0,0,0,0,0,0,0,0,0,0,0,0,0,0,0,0,0,0,0,0,0,0
"Cosmarium_globosum",0,0,0,0,0,0,0,0,0,0,0,4929.390244,0,8149.395161,9049.477612,2245.611111,18098.95522,24252.6,37894.6875,19558.54839,2406.011905,6124.393939,0,0,0,0,0,0,7218.035714,0,0,0,0,0,4593.295455,2041.464646,11888.52941,0,0,52723.04348,27876.55172,9624.047619,6969.137931,10637.10526,0,11888.52941,7485.37037,0,11228.05556,0,0,0,26947.33333,7773.269231,38496.19048,0,6250.670103,2021.05,0,0,0,0,0,0,0,18373.18182,0,151578.75,222315.5,37894.6875,0,7218.035714,0,0,8787.173913,4393.586957
"Cosmarium_quadrum",0,0,0,0,0,0,0,5182.179487,11888.52941,0,0,0,0,0,0,0,0,0,0,0,0,0,0,0,0,0,0,0,0,0,0,0,0,0,0,0,0,0,0,0,0,0,0,0,0,0,0,0,0,0,0,0,0,0,0,0,0,0,0,0,0,0,0,0,0,0,0,63157.8125,0,0,0,7218.035714,0,0,0,0
"Cosmarium_sp.",0,0,0,0,0,0,0,0,0,0,0,0,0,0,6032.985075,2245.611111,0,4042.1,0,0,0,0,0,0,0,0,0,0,2406.011905,0,0,0,0,0,0,2041.464646,0,0,0,0,0,0,0,0,0,0,0,0,0,0,0,0,0,0,9624.047619,0,0,0,0,0,0,0,0,0,0,9186.590909,13938.27586,0,0,0,0,0,0,0,0,0
"Cosmarium_trilobulatum",0,0,0,0,0,0,3545.701754,0,0,0,0,0,0,6519.516129,33181.41791,2245.611111,54296.86567,32336.8,63157.8125,26078.06452,19248.09524,2041.464646,0,0,0,0,2127.421053,0,0,3924.368932,0,0,0,0,0,2041.464646,3962.843137,0,6736.833333,52723.04348,62722.24138,38496.19048,1742.284483,10637.10526,0,11888.52941,59882.96296,12631.5625,22456.11111,89824.44444,0,0,20210.5,15546.53846,48120.2381,3886.634615,8334.226804,0,0,0,0,0,0,0,0,36746.36364,27876.55172,315789.0625,464841.5,50526.25,10637.10526,7218.035714,0,0,0,0
"Cosmarium_turgidum",0,0,0,0,0,0,0,0,0,0,0,4929.390244,0,0,0,0,0,0,0,13039.03226,0,0,0,0,0,0,0,0,0,0,0,0,0,0,0,0,0,0,0,0,0,0,0,0,0,0,0,0,0,0,0,0,0,0,0,0,0,0,0,0,0,0,0,0,7485.37037,0,0,0,0,0,0,0,0,0,0,0
"Crucigenia_lauterbornei",0,0,0,0,0,0,0,0,0,0,0,0,5719.95283,0,6032.985075,11228.05556,3016.492537,0,0,0,0,0,0,0,0,0,0,0,0,0,0,0,0,0,0,0,0,0,0,0,0,0,0,0,0,0,0,0,0,0,0,0,0,0,0,0,0,0,0,0,0,0,0,0,0,0,0,0,0,0,0,0,0,0,0,0
"Crucigenia_quadrata",4812.02381,6315.78125,16168.4,0,0,0,28720.2193,108825.7692,0,0,0,0,0,0,0,0,0,0,0,0,0,0,0,0,0,0,0,0,0,0,0,0,0,0,0,0,0,0,0,0,0,0,0,0,0,0,0,0,0,0,0,0,0,0,0,0,0,0,0,0,0,0,0,0,0,0,0,0,0,0,0,0,0,0,0,0
"Crucigenia_rectangularis",0,0,0,64673.6,40421,44912.22222,43966.71053,0,154550.8824,35929.77778,4876.373929,0,0,6682.510611,0,0,33181.41791,8084.2,75789.375,0,0,2041.464646,5666.495327,0,2807.013889,148919.4737,0,10233.16456,21654.10714,0,14436.07143,0,3674.636364,8787.173913,4593.295455,0,0,0,40421,0,0,0,0,0,0,0,0,0,0,44912.22222,0,36746.36364,6736.833333,38866.34615,0,0,8334.226804,0,0,5537.123288,0,19248.09524,0,67368.33333,0,18373.18182,0,0,0,75789.375,42548.42105,21654.10714,0,0,26361.52174,39542.28261
"Crucigenia_tetrapedia",9624.047619,6315.78125,0,0,0,0,0,0,0,0,4876.373929,0,0,0,0,0,0,0,0,0,2406.011905,0,0,1403.506944,2807.013889,0,17019.36842,0,0,0,0,0,0,0,0,2041.464646,0,0,0,0,0,9624.047619,0,0,0,0,0,0,7485.37037,0,0,0,0,0,0,31093.07692,2083.556701,4042.1,4870,11074.24658,7485.37037,14436.07143,0,0,0,0,0,0,0,0,0,0,0,0,0,0
"Dictyosphaeria_cavernosa",0,0,0,0,0,0,0,0,0,0,0,0,0,0,0,0,0,0,0,0,0,0,0,0,0,0,0,0,0,0,0,0,0,0,0,0,0,0,0,0,0,0,0,0,0,0,0,0,0,0,0,0,0,31093.07692,0,11659.90385,0,0,0,0,0,0,0,0,0,0,0,0,0,0,0,0,0,0,0,0
"Elakatothrix_gelatinosa",29112.75063,82105.15625,8084.2,16168.4,0,0,6736.842105,0,0,0,12631.57895,0,0,12631.57895,0,0,0,0,0,0,0,0,0,0,0,0,0,0,0,0,0,0,0,0,0,0,0,0,0,0,0,0,0,0,0,0,0,0,0,0,0,0,0,0,0,0,0,0,0,0,0,0,0,0,0,0,0,0,0,0,0,0,0,0,0,0
"Euastrum_elegans",35368.42105,6315.78125,0,0,0,0,1684.210526,10364.35897,0,0,14805.37944,9858.780488,9533.254717,0,0,2245.611111,0,4042.1,0,6519.516129,0,0,0,0,2807.013889,0,0,2558.291139,7218.035714,1962.184466,3609.017857,0,0,0,0,0,0,0,0,8787.173913,0,0,0,0,0,0,0,6315.78125,0,0,0,0,0,0,9624.047619,19433.17308,0,0,0,0,0,0,0,0,0,0,0,0,0,0,0,0,0,0,4393.586957,0
"Eudorina_elegans",4812.02381,0,0,0,0,0,3545.701754,0,0,0,0,0,0,0,0,0,0,0,0,0,0,0,0,1403.506944,2807.013889,0,0,2558.291139,2406.011905,0,0,3484.568966,0,0,0,0,3962.843137,6519.516129,0,0,0,9624.047619,0,0,0,0,0,0,0,0,0,9186.590909,0,0,28872.14286,0,0,2021.05,0,0,0,0,0,0,0,0,0,0,0,0,10637.10526,21654.10714,0,0,26361.52174,8787.173913
"Gloeocystis_sp.",0,0,0,0,0,0,0,0,0,0,0,0,0,0,0,0,0,0,0,0,0,0,0,0,0,0,0,0,0,0,0,0,0,0,0,0,3962.843137,0,0,0,0,0,0,0,0,0,0,0,0,0,0,0,0,62186.15385,0,3886.634615,6250.670103,0,0,0,0,0,0,0,0,0,0,0,0,0,0,0,0,0,0,0
"Golenkinia_paucispina",0,0,0,0,0,0,0,0,0,0,0,0,0,0,0,0,0,0,0,6519.516129,0,0,0,1403.506944,0,0,0,0,2406.011905,1962.184466,3609.017857,0,0,0,4593.295455,0,3962.843137,13039.03226,0,8787.173913,0,0,0,0,0,0,0,0,0,0,0,0,0,0,0,0,2083.556701,0,0,0,0,0,0,0,0,0,0,0,0,0,0,0,0,0,0,0
"Gonatozygon_kinahani",0,0,0,0,0,11228.05556,0,0,11888.52941,8982.444444,0,0,0,0,0,0,3016.492537,4042.1,0,0,0,0,0,0,0,0,0,0,0,0,0,0,0,2929.057971,0,2041.464646,0,0,0,0,0,0,0,0,0,0,0,0,0,0,0,0,0,0,0,0,0,0,0,0,0,0,0,0,0,0,0,0,0,0,10637.10526,0,0,0,0,0
"Kirchneriella_contorta",96000,0,0,0,0,0,80842.10526,0,0,0,65684.21053,9858.780488,3813.301887,80842.10526,0,0,0,0,0,0,0,0,0,0,0,0,0,0,0,0,0,0,0,0,0,0,0,0,0,0,0,0,0,0,0,0,0,0,0,0,0,0,0,0,0,0,0,0,0,0,0,0,0,0,0,0,0,0,0,0,0,0,0,0,0,0
"Kirchneriella_lunaris_",0,0,0,0,0,0,0,0,0,8982.444444,21150.52326,0,0,14668.91129,0,0,9049.477612,8084.2,0,6519.516129,7218.035714,8165.858586,22665.98131,9824.548611,14035.06944,31911.31579,2127.421053,20466.32911,0,11773.1068,7218.035714,3484.568966,7349.272727,17574.34783,36746.36364,22456.11111,39628.43137,39117.09677,47157.83333,8787.173913,27876.55172,28872.14286,10453.7069,21274.21053,25263.125,35665.58824,14970.74074,18947.34375,14970.74074,202105,19248.09524,18373.18182,80842,38866.34615,57744.28571,58299.51923,50005.36082,24252.6,24350,24917.05479,33684.16667,14436.07143,118885.2941,101052.5,22456.11111,64306.13636,41814.82759,0,40421,12631.5625,21274.21053,0,10637.10526,0,250434.4565,215285.7609
"Mougeotia_sp.",0,0,0,0,0,0,0,0,0,0,14100.34884,0,0,0,0,0,0,0,0,0,0,0,0,0,0,0,0,0,0,0,0,0,0,0,0,0,0,97792.74194,53894.66667,8787.173913,69691.37931,144360.7143,0,0,50526.25,0,0,0,7485.37037,0,0,0,0,0,0,0,0,0,4870,8305.684932,0,0,0,0,0,0,0,0,0,0,0,0,0,0,0,0
"Nephrocytium_agardhianum",0,0,0,0,0,0,33684.21053,0,0,0,0,0,0,139680.8107,0,0,0,0,0,0,0,0,0,0,0,0,0,0,0,0,0,0,7349.272727,5858.115942,0,0,0,0,0,0,0,0,0,0,0,0,0,0,0,0,0,0,0,0,0,0,0,0,0,0,0,0,0,0,44912.22222,0,0,0,0,0,0,0,0,0,0,0
"Oedogonium_sp.",0,0,0,0,0,0,1772.850877,0,0,0,0,9858.780488,0,0,0,0,0,0,0,0,0,0,0,0,0,0,0,0,0,0,0,0,0,0,0,0,0,0,0,0,0,0,0,0,0,0,0,0,0,0,0,0,0,0,0,0,0,0,0,0,0,0,0,0,0,0,0,0,0,0,0,0,0,0,0,0
"Oocystis_lacustris",0,0,0,8084.2,30315.75,11228.05556,6736.842105,36275.25641,11888.52941,0,4700.116279,4929.390244,3813.301887,20047.53183,36197.91045,2245.611111,12065.97015,12126.3,31578.90625,32597.58065,7218.035714,4082.929293,3777.663551,4210.520833,0,0,8509.684211,0,4812.02381,3924.368932,3609.017857,0,0,0,0,4082.929293,0,0,6736.833333,17574.34783,0,9624.047619,5226.853448,0,0,35665.58824,7485.37037,25263.125,3742.685185,0,0,18373.18182,13473.66667,0,28872.14286,0,2083.556701,2021.05,0,0,0,0,11888.52941,0,0,0,6969.137931,0,20210.5,25263.125,31911.31579,21654.10714,10637.10526,33684.16667,8787.173913,4393.586957
"Pediastrum_duplex",0,0,0,0,5052.625,11228.05556,0,0,0,0,0,0,0,0,0,0,0,0,0,0,0,0,0,1403.506944,0,0,0,0,2406.011905,1962.184466,3609.017857,0,3674.636364,5858.115942,0,4082.929293,0,0,0,0,0,0,0,0,0,0,0,0,0,0,0,0,0,0,0,0,0,0,0,0,0,0,0,0,0,0,0,0,0,0,0,0,0,0,0,0
"Pediastrum_tetras_var._tetraodon",0,0,0,0,0,0,0,0,0,0,2526.315789,0,0,0,0,0,0,0,0,0,0,0,0,0,0,0,0,0,0,0,0,0,0,0,0,0,7925.686275,0,6736.833333,17574.34783,6969.137931,38496.19048,1742.284483,10637.10526,0,0,0,0,0,0,0,0,0,0,0,0,0,0,0,0,0,0,0,16842.08333,0,0,6969.137931,0,0,0,0,0,0,0,0,0
"Pleodorina_californica",0,0,0,0,0,0,0,0,0,0,0,0,0,0,0,0,0,0,0,0,0,0,0,0,0,0,0,0,0,0,0,0,0,0,0,0,0,0,0,0,0,0,0,0,0,0,0,0,0,22456.11111,0,0,0,0,0,0,0,0,0,0,0,0,0,16842.08333,0,0,0,0,0,0,0,0,0,0,0,0
"Pteromonas_sp.",0,0,0,0,0,0,0,1476921.154,2187489.412,269473.3333,0,0,0,0,0,0,0,0,0,0,0,0,0,0,0,0,0,0,0,0,0,0,0,0,0,0,0,0,0,0,0,0,0,0,0,0,0,0,0,0,0,0,0,0,0,0,0,0,0,0,0,0,0,0,0,0,0,0,0,0,0,0,0,67368.33333,0,0
"Radiococcus_sp.",0,6315.78125,0,0,25263.125,11228.05556,0,10364.35897,0,22456.11111,0,0,1906.650943,0,24131.9403,4491.222222,6032.985075,20210.5,12631.5625,13039.03226,0,0,7555.327103,8421.041667,2807.013889,0,2127.421053,5116.582278,0,0,3609.017857,0,0,2929.057971,4593.295455,0,0,13039.03226,0,0,0,0,0,0,0,0,7485.37037,0,0,0,0,0,0,0,0,0,0,0,2435,0,3742.685185,0,0,0,0,0,0,0,0,0,0,0,0,0,0,0
"Raphidonema_nivale",20210.52632,0,0,0,0,11228.05556,0,0,0,0,0,0,0,0,0,0,0,0,0,0,0,0,0,0,0,0,0,0,0,0,0,3484.568966,0,0,0,0,0,0,0,0,0,0,0,0,0,0,0,0,0,0,0,0,0,0,0,0,0,0,0,0,0,0,0,0,0,0,0,0,0,0,0,0,0,0,0,0
"Scenedesmus_acuminatus",45233.07644,12631.5625,0,0,0,0,10282.54386,5182.179487,0,0,0,4929.390244,1906.650943,22736.84211,6032.985075,0,3016.492537,0,0,6519.516129,0,0,0,0,0,0,0,0,0,0,0,0,0,0,0,0,0,0,0,0,0,0,0,0,0,0,0,0,0,0,9624.047619,0,0,0,0,0,0,0,0,0,0,0,0,0,0,0,0,0,0,0,0,0,0,16842.08333,0,0
"Scenedesmus_arcuatus",0,0,0,16168.4,5052.625,11228.05556,0,0,0,0,0,0,0,0,0,0,0,0,0,0,2406.011905,2041.464646,0,1403.506944,0,0,0,0,0,0,0,0,0,0,0,0,0,0,0,0,0,0,0,0,0,0,0,0,0,0,0,0,0,0,0,0,2083.556701,0,0,0,0,0,47554.11765,0,0,0,6969.137931,0,0,0,0,0,0,16842.08333,0,0
"Scenedesmus_armatus",202105.2632,12631.5625,0,0,0,0,0,0,0,0,0,0,0,0,0,0,0,0,0,0,0,0,1888.831776,0,2807.013889,21274.21053,2127.421053,5116.582278,2406.011905,1962.184466,3609.017857,3484.568966,0,2929.057971,13779.88636,16331.71717,11888.52941,26078.06452,0,26361.52174,41814.82759,19248.09524,5226.853448,0,25263.125,0,7485.37037,0,0,0,0,0,0,0,0,0,2083.556701,0,0,0,0,0,106996.7647,0,0,0,6969.137931,0,0,0,0,0,0,0,4393.586957,0
"Scenedesmus_bicaudatus",309894.6491,189473.4375,40421,48505.2,70736.75,235789.1667,14182.80702,5182.179487,249659.1176,94315.66667,35955.90269,19717.56098,3813.301887,80271.59168,81445.29851,15719.27778,12065.97015,60631.5,88420.9375,123870.8065,9624.047619,8165.858586,16999.48598,7017.534722,19649.09722,21274.21053,36166.15789,30699.49367,36090.17857,19621.84466,18045.08929,17422.84483,33071.72727,35148.69565,64306.13636,42870.75758,47554.11765,71714.67742,60631.5,114233.2609,41814.82759,67368.33333,13938.27586,42548.42105,50526.25,106996.7647,67368.33333,88420.9375,18713.42593,202105,76992.38095,64306.13636,87578.83333,7773.269231,57744.28571,42752.98077,50005.36082,16168.4,19480,19379.93151,26198.7963,24060.11905,392321.4706,555788.75,194619.6296,64306.13636,41814.82759,63157.8125,60631.5,265262.8125,138282.3684,122706.6071,308476.0526,505262.5,83478.15217,70297.3913
"Scenedesmus_bijuga",0,0,0,0,0,0,0,0,0,0,0,0,0,0,0,0,0,4042.1,0,0,0,0,0,0,0,0,0,0,0,1962.184466,0,0,0,0,0,0,0,13039.03226,6736.833333,8787.173913,6969.137931,0,0,0,0,0,0,0,0,0,0,0,0,0,0,0,0,0,4870,0,0,0,0,0,0,9186.590909,0,0,0,0,0,0,0,0,0,0
"Scenedesmus_denticulatus",4812.02381,6315.78125,0,8084.2,10105.25,0,0,0,0,0,0,0,0,0,0,0,0,0,0,6519.516129,0,0,0,0,0,0,0,0,2406.011905,0,3609.017857,0,0,0,0,2041.464646,0,0,0,8787.173913,0,9624.047619,1742.284483,0,0,0,0,0,0,0,0,0,0,0,0,0,0,0,0,0,0,0,11888.52941,16842.08333,7485.37037,0,0,0,0,0,0,0,0,0,0,0
"Scenedesmus_dimorphus",4812.02381,0,0,0,0,0,0,0,0,0,2350.05814,0,0,0,0,0,0,0,0,0,4812.02381,0,0,0,0,0,0,0,0,0,0,0,0,2929.057971,4593.295455,0,0,0,0,0,0,0,0,0,0,11888.52941,0,0,0,0,0,0,6736.833333,0,0,0,2083.556701,0,0,0,0,0,11888.52941,0,0,0,0,12631.5625,0,0,0,7218.035714,0,0,0,4393.586957
"Scenedesmus_perforatas",110917.287,6315.78125,0,121263,15157.875,0,25263.15789,0,0,0,5052.631579,24646.95122,5719.95283,5052.631579,0,0,0,0,6315.78125,0,0,0,0,0,0,0,0,0,2406.011905,0,0,0,3674.636364,5858.115942,4593.295455,2041.464646,0,0,0,8787.173913,0,0,1742.284483,0,0,0,0,0,0,0,0,0,0,0,0,3886.634615,0,2021.05,0,0,0,0,0,0,7485.37037,9186.590909,0,0,0,0,0,0,0,0,0,0
"Scenedesmus_quadricauda",24781.94236,6315.78125,0,16168.4,25263.125,22456.11111,7091.403509,0,0,0,2350.05814,0,0,4889.637097,33181.41791,56140.27778,114626.7164,101052.5,0,110831.7742,40902.20238,32663.43434,0,7017.534722,2807.013889,0,4254.842105,0,2406.011905,13735.29126,93834.46429,17422.84483,11023.90909,17574.34783,9186.590909,4082.929293,0,6519.516129,6736.833333,0,0,19248.09524,0,0,50526.25,59442.64706,29941.48148,0,3742.685185,0,0,18373.18182,498525.6667,1329229.038,28872.14286,62186.15385,25002.68041,8084.2,0,0,0,0,0,0,0,0,0,0,0,176841.875,340387.3684,151578.75,74459.73684,168420.8333,0,8787.173913
"Schroederia_robusta",0,0,0,16168.4,0,381753.8889,90415.39474,0,0,0,11750.2907,24646.95122,0,0,12065.97015,11228.05556,0,0,6315.78125,0,0,0,1888.831776,0,0,0,2127.421053,0,0,0,0,0,3674.636364,8787.173913,4593.295455,2041.464646,0,6519.516129,0,0,13938.27586,19248.09524,1742.284483,0,0,47554.11765,104795.1852,6315.78125,14970.74074,89824.44444,0,9186.590909,33684.16667,15546.53846,461954.2857,38866.34615,33336.90722,10105.25,2435,5537.123288,11228.05556,14436.07143,725200.2941,252631.25,112280.5556,183731.8182,41814.82759,63157.8125,20210.5,543157.1875,0,14436.07143,74459.73684,50526.25,4393.586957,4393.586957
"Selenastrum_bibraianum",0,0,0,8084.2,40421,11228.05556,36077.54386,5182.179487,0,8982.444444,0,108446.5854,41946.32075,0,9049.477612,11228.05556,0,0,6315.78125,6519.516129,2406.011905,0,3777.663551,1403.506944,0,0,0,2558.291139,2406.011905,1962.184466,0,0,0,0,0,0,0,0,0,0,0,0,1742.284483,0,0,11888.52941,0,0,0,0,0,0,0,0,0,0,4167.113402,0,0,0,7485.37037,4812.02381,0,0,37426.85185,0,0,12631.5625,0,37894.6875,10637.10526,7218.035714,10637.10526,33684.16667,0,0
"Sphaerocystis_schroeteri",0,0,0,0,0,0,6736.842105,0,0,17964.88889,0,4929.390244,0,70736.84211,0,0,0,0,0,0,0,0,0,0,0,0,0,0,0,0,0,0,0,0,0,0,0,0,0,0,0,0,0,0,0,0,0,0,0,0,0,0,0,0,0,0,0,0,0,0,0,0,0,0,0,0,0,0,0,0,0,0,0,0,0,0
"Staurastrum_bifidum",0,0,0,0,0,0,0,0,0,0,0,0,0,6519.516129,0,0,0,0,0,0,0,0,0,0,0,21274.21053,0,0,0,0,0,0,0,0,0,0,0,0,0,0,0,0,0,0,0,0,0,0,0,0,0,0,0,0,0,0,0,0,0,0,0,0,0,0,0,0,0,25263.125,0,0,0,0,223379.2105,202105,0,13180.76087
"Staurastrum_connatum",0,0,0,0,0,0,0,0,0,0,0,0,0,0,0,0,30164.92537,68715.7,6315.78125,32597.58065,4812.02381,0,3777.663551,0,0,0,0,0,0,0,0,0,0,0,0,0,0,0,0,0,0,0,0,0,0,0,0,6315.78125,18713.42593,0,28872.14286,0,0,0,9624.047619,0,0,0,0,0,0,0,0,0,14970.74074,0,0,0,0,0,21274.21053,14436.07143,0,0,0,0
"Staurastrum_crenulatum",0,0,0,0,0,0,1684.210526,20728.71795,83219.70588,139227.8889,12102.806,0,0,32923.56961,12065.97015,0,3016.492537,0,0,0,0,6124.393939,9444.158879,0,8421.041667,10637.10526,0,2558.291139,0,0,0,0,0,0,0,0,0,0,13473.66667,0,20907.41379,0,0,0,25263.125,11888.52941,0,6315.78125,3742.685185,112280.5556,0,0,13473.66667,23319.80769,19248.09524,3886.634615,6250.670103,0,0,0,0,0,0,0,0,0,0,0,80842,252631.25,74459.73684,28872.14286,159556.5789,336841.6667,0,0
"Staurastrum_gracile",0,0,0,0,0,0,0,15546.53846,0,0,0,0,0,8149.395161,0,0,3016.492537,8084.2,18947.34375,0,2406.011905,6124.393939,0,0,0,0,0,0,0,0,0,0,0,0,4593.295455,4082.929293,0,0,0,0,0,0,0,0,0,0,0,12631.5625,3742.685185,22456.11111,0,0,0,7773.269231,38496.19048,7773.269231,0,0,0,0,0,0,0,0,0,9186.590909,0,0,0,0,0,0,0,134736.6667,0,0
"Staurodesmus_sp.",0,0,0,0,0,0,1772.850877,0,0,0,0,0,0,0,9049.477612,0,3016.492537,0,0,0,0,0,0,0,0,0,0,0,0,0,0,0,0,5858.115942,13779.88636,0,3962.843137,0,6736.833333,8787.173913,0,0,0,0,0,0,0,0,3742.685185,0,0,0,0,0,0,0,2083.556701,2021.05,0,0,3742.685185,0,0,0,0,0,0,0,0,12631.5625,0,0,0,0,13180.76087,4393.586957
"Tetraedron_bifurcatum",0,0,0,0,15157.875,44912.22222,3457.061404,0,0,0,0,0,0,0,0,0,0,0,0,0,0,0,0,0,2807.013889,0,0,12791.4557,0,0,0,0,0,0,0,0,0,0,0,0,20907.41379,0,1742.284483,10637.10526,0,11888.52941,0,0,0,0,0,0,0,0,0,3886.634615,2083.556701,0,0,0,0,0,0,16842.08333,7485.37037,0,0,0,0,0,0,0,0,0,0,13180.76087
"Tetraedron_caudatum",0,0,0,0,5052.625,0,0,0,0,0,0,9858.780488,7626.603774,0,0,0,6032.985075,4042.1,0,0,0,0,0,0,2807.013889,0,0,0,9624.047619,1962.184466,0,0,0,0,0,0,0,0,0,0,0,0,0,0,25263.125,0,0,0,0,0,0,36746.36364,0,0,0,0,0,2021.05,0,0,0,0,0,0,0,18373.18182,27876.55172,0,0,12631.5625,10637.10526,0,0,0,0,4393.586957
"Tetraedron_hastatum_var._palatinum",0,0,0,0,0,11228.05556,0,0,11888.52941,4491.222222,0,0,0,0,0,0,0,0,0,0,0,0,0,0,0,0,0,0,0,0,0,0,0,0,0,0,0,0,0,0,0,0,0,0,0,0,0,0,0,0,0,0,0,0,0,0,0,0,0,0,0,0,0,0,0,0,0,0,0,0,0,0,0,0,0,0
"Tetraedron_minimum",4812.02381,6315.78125,0,0,0,33684.16667,3545.701754,5182.179487,23777.05882,4491.222222,5052.631579,4929.390244,1906.650943,4889.637097,9049.477612,0,3016.492537,0,12631.5625,0,0,4082.929293,0,0,2807.013889,0,0,2558.291139,4812.02381,0,0,0,0,0,0,22456.11111,7925.686275,0,0,8787.173913,0,0,6969.137931,0,0,11888.52941,7485.37037,12631.5625,3742.685185,0,0,9186.590909,0,15546.53846,0,0,4167.113402,0,0,0,0,0,0,0,0,9186.590909,0,88420.9375,101052.5,0,0,0,10637.10526,16842.08333,13180.76087,8787.173913
"Tetraedron_trigonum",0,12631.5625,0,0,0,11228.05556,6825.482456,20728.71795,23777.05882,40421,17507.95288,54223.29268,57199.5283,35775.87436,9049.477612,0,30164.92537,8084.2,18947.34375,39117.09677,4812.02381,8165.858586,1888.831776,2807.013889,8421.041667,0,17019.36842,7674.873418,16842.08333,23546.21359,32481.16071,17422.84483,11023.90909,32219.63768,55119.54545,12248.78788,110959.6078,26078.06452,6736.833333,8787.173913,27876.55172,9624.047619,10453.7069,10637.10526,50526.25,35665.58824,44912.22222,18947.34375,0,112280.5556,19248.09524,45932.95455,20210.5,0,19248.09524,23319.80769,4167.113402,8084.2,9740,5537.123288,3742.685185,0,0,16842.08333,7485.37037,174545.2273,313611.2069,25263.125,40421,0,21274.21053,0,21274.21053,16842.08333,21967.93478,26361.52174
"Tetraedron_trilobulatum",0,0,0,0,0,0,0,15546.53846,0,0,2350.05814,4929.390244,0,0,0,0,0,0,0,0,0,0,0,0,2807.013889,0,0,0,0,1962.184466,7218.035714,3484.568966,0,0,0,4082.929293,0,13039.03226,6736.833333,0,0,9624.047619,1742.284483,0,0,0,0,0,0,0,0,0,0,0,0,0,0,0,0,0,0,0,0,0,0,0,6969.137931,0,0,0,0,0,0,0,4393.586957,0
"Tetraedron_tumidulum",0,0,8084.2,0,0,0,1772.850877,0,0,0,0,0,0,0,0,6736.833333,0,0,0,0,0,0,0,5614.027778,0,0,0,0,0,0,0,0,0,0,0,8165.858586,0,0,0,0,0,0,6969.137931,0,0,0,14970.74074,0,0,0,0,0,0,38866.34615,0,15546.53846,0,0,0,0,0,0,0,0,0,0,0,0,0,0,0,0,0,0,0,0
"Treubaria_triappendiculata",4812.02381,18947.34375,0,0,20210.5,0,0,5182.179487,35665.58824,0,2526.315789,24646.95122,3813.301887,0,3016.492537,0,0,0,0,0,16842.08333,0,0,0,5614.027778,0,6382.263158,0,0,0,0,0,0,0,0,0,0,0,13473.66667,0,0,0,0,0,0,0,0,25263.125,0,0,0,18373.18182,60631.5,0,0,0,0,0,0,0,0,0,0,0,0,0,0,0,0,0,0,0,0,0,4393.586957,0
"Westella_linearis",0,0,0,0,0,0,0,0,0,0,0,0,0,0,0,0,3016.492537,0,0,0,0,0,1888.831776,0,0,0,0,0,0,3924.368932,3609.017857,0,0,0,0,0,0,19558.54839,6736.833333,26361.52174,0,0,0,0,0,0,0,6315.78125,0,0,0,0,0,0,0,0,0,0,0,0,0,0,0,0,0,0,0,0,0,0,0,0,0,0,0,0
"Mallomonas_acaroides",0,0,0,0,0,0,0,0,0,0,0,0,0,0,0,0,0,0,0,19558.54839,0,0,0,0,0,0,0,0,0,0,0,0,0,0,0,0,0,0,0,0,0,0,0,0,0,0,0,0,0,0,0,0,0,0,0,0,0,0,0,0,0,0,0,0,0,0,0,0,0,0,0,0,0,16842.08333,0,21967.93478
"Mallomonas_oviformis",30315.78947,0,0,0,0,0,5052.631579,0,0,0,22736.84211,0,0,7578.947368,0,0,0,0,0,0,0,0,0,1403.506944,0,0,6382.263158,5116.582278,2406.011905,0,0,0,3674.636364,5858.115942,4593.295455,0,0,0,0,8787.173913,0,0,0,0,25263.125,0,7485.37037,0,0,0,0,0,0,0,0,0,4167.113402,0,0,0,0,0,11888.52941,0,0,0,0,0,40421,12631.5625,0,0,0,0,0,0
"Synura_sp.",0,0,0,0,0,0,0,0,0,0,0,0,0,0,0,0,0,0,0,0,0,0,0,0,0,0,0,2558.291139,0,0,0,0,0,0,0,0,0,0,0,0,0,0,0,0,0,0,0,0,0,0,0,0,0,0,0,0,0,0,0,0,0,0,0,0,0,0,0,0,0,0,0,0,0,0,0,0
"Chroomonas_caudata",2029713.59,719999.0625,420378.4,420378.4,85894.625,550174.7222,22072.01754,0,71331.17647,143719.1111,161214.1463,256328.2927,95332.54717,437704.4121,3016.492537,168420.8333,45247.38806,28294.7,0,19558.54839,2406.011905,8165.858586,3777.663551,5614.027778,11228.05556,21274.21053,6382.263158,17908.03797,12030.05952,7848.737864,7218.035714,331034.0517,371138.2727,20503.4058,128612.2727,22456.11111,11888.52941,104312.2581,821893.6667,834781.5217,348456.8966,885412.381,76660.51724,329750.2632,1061051.25,475541.1765,209590.3704,31578.90625,3742.685185,291929.4444,57744.28571,18373.18182,74105.16667,23319.80769,9624.047619,15546.53846,4167.113402,8084.2,2435,0,3742.685185,4812.02381,130773.8235,1936839.583,7485.37037,73492.72727,0,530525.625,101052.5,126315.625,616952.1053,86616.42857,42548.42105,16842.08333,26361.52174,30755.1087
"Cryptomonas_erosa",57744.28571,0,0,0,0,0,0,0,0,0,0,0,0,0,0,0,0,0,0,0,0,0,0,0,2807.013889,0,0,0,0,0,0,0,0,0,13779.88636,0,0,6519.516129,0,0,0,0,0,0,0,11888.52941,0,0,0,0,9624.047619,0,0,0,0,0,0,0,0,0,0,0,0,33684.16667,0,0,0,0,0,0,0,0,0,0,0,0
"Cryptomonas_marssonii",57744.28571,0,0,0,0,0,0,0,0,0,0,0,0,0,0,0,0,0,0,0,0,0,0,0,0,0,0,0,0,0,0,6969.137931,7349.272727,0,0,4082.929293,0,0,0,0,0,0,0,0,0,0,0,0,0,0,0,0,0,0,0,0,0,0,0,0,0,0,0,0,0,0,0,0,0,0,0,0,0,0,0,0
"Cryptomonas_ovata",160481.1717,0,32336.8,0,0,0,5052.631579,0,0,0,47823.74235,9858.780488,3813.301887,92414.25297,0,11228.05556,0,8084.2,0,0,2406.011905,0,1888.831776,1403.506944,2807.013889,0,4254.842105,0,2406.011905,1962.184466,0,10453.7069,25722.45455,2929.057971,0,0,0,6519.516129,13473.66667,8787.173913,20907.41379,57744.28571,5226.853448,21274.21053,25263.125,0,0,0,7485.37037,0,0,9186.590909,0,0,19248.09524,0,0,0,0,0,0,0,0,16842.08333,0,55119.54545,0,25263.125,0,0,0,7218.035714,0,0,8787.173913,0
"Glenodinium_pulvisculus",125112.619,6315.78125,16168.4,16168.4,20210.5,11228.05556,1772.850877,0,0,0,0,4929.390244,0,0,0,0,0,0,0,0,0,0,0,1403.506944,0,0,0,0,0,0,0,0,0,0,4593.295455,0,0,0,13473.66667,8787.173913,13938.27586,19248.09524,0,0,0,0,0,0,0,0,9624.047619,0,0,0,0,0,0,0,0,0,0,0,0,16842.08333,0,0,0,0,0,0,0,0,0,0,0,0
"Peridinium_sp.",0,0,0,0,0,0,0,0,0,0,0,0,0,0,0,6736.833333,0,0,0,0,0,10207.32323,0,0,0,0,0,5116.582278,2406.011905,1962.184466,7218.035714,0,3674.636364,2929.057971,4593.295455,0,0,0,6736.833333,0,111506.2069,48120.2381,5226.853448,0,0,0,14970.74074,0,0,0,0,9186.590909,13473.66667,0,0,0,0,2021.05,0,0,0,9624.047619,0,0,0,9186.590909,6969.137931,0,0,0,0,0,0,0,0,4393.586957
"Euglena_interrupta",0,0,0,0,0,0,0,0,0,0,0,0,0,0,0,0,3016.492537,0,0,0,0,0,0,0,0,0,0,0,2406.011905,0,0,0,0,0,0,0,0,0,0,0,0,9624.047619,0,0,0,0,0,0,0,0,0,0,0,0,0,0,0,0,0,0,0,0,0,0,0,0,0,0,20210.5,0,0,0,0,0,0,4393.586957
"Euglena_oxyuris",0,0,0,0,0,0,0,0,0,0,0,0,1906.650943,0,0,0,0,0,0,0,0,0,0,0,0,10637.10526,0,0,0,0,0,3484.568966,0,0,0,0,3962.843137,0,0,0,0,0,0,0,0,0,0,0,0,0,0,0,0,0,0,0,0,0,0,0,0,0,0,0,0,0,0,0,0,0,0,0,0,0,0,0
"Euglena_pisciformis",0,0,0,0,0,0,0,0,0,0,0,0,0,0,3016.492537,0,0,0,0,0,0,0,0,0,0,10637.10526,2127.421053,0,4812.02381,0,0,0,0,0,0,0,0,0,0,0,0,0,1742.284483,0,0,0,0,0,0,0,0,0,0,0,0,0,4167.113402,0,0,0,0,0,0,0,0,0,0,0,0,0,0,0,0,0,0,0
"Lepocinclis_texta",9624.047619,0,16168.4,0,25263.125,0,0,0,11888.52941,0,0,0,1906.650943,0,0,0,15082.46269,0,0,0,0,0,1888.831776,1403.506944,2807.013889,0,0,0,0,0,0,3484.568966,0,0,0,0,0,0,0,0,0,9624.047619,1742.284483,21274.21053,0,0,14970.74074,6315.78125,0,0,0,0,6736.833333,0,0,0,0,0,0,0,3742.685185,0,0,0,7485.37037,18373.18182,0,0,0,0,0,0,10637.10526,0,0,0
"Phacus_acuminatus",0,0,0,0,0,0,0,0,0,0,4700.116279,0,0,8149.395161,0,0,0,0,0,0,0,0,0,0,0,0,0,0,0,7848.737864,0,10453.7069,18373.18182,5858.115942,4593.295455,0,0,0,13473.66667,8787.173913,13938.27586,9624.047619,0,10637.10526,0,23777.05882,0,0,0,0,0,9186.590909,13473.66667,0,0,0,0,4042.1,7305,0,0,4812.02381,11888.52941,0,0,9186.590909,0,0,0,0,0,0,21274.21053,0,4393.586957,8787.173913
"Phacus_longicauda",0,0,0,0,0,0,0,0,0,0,0,0,0,1629.879032,0,2245.611111,0,0,0,0,0,0,0,0,0,0,0,0,0,0,0,0,0,0,0,0,0,0,0,0,0,0,0,0,0,0,0,0,0,0,0,0,0,0,0,3886.634615,0,0,0,2768.561644,0,9624.047619,0,0,0,0,6969.137931,0,0,12631.5625,0,0,0,0,4393.586957,4393.586957
"Phacus_pleuronectes",10105.26316,0,0,0,0,0,1772.850877,0,0,0,0,0,0,7578.947368,0,0,0,0,6315.78125,13039.03226,2406.011905,0,3777.663551,2807.013889,5614.027778,0,0,0,2406.011905,0,7218.035714,0,0,5858.115942,0,2041.464646,7925.686275,19558.54839,13473.66667,17574.34783,13938.27586,9624.047619,3484.568966,0,0,0,7485.37037,6315.78125,26198.7963,112280.5556,0,18373.18182,0,0,9624.047619,3886.634615,6250.670103,2021.05,0,2768.561644,0,0,0,0,22456.11111,55119.54545,6969.137931,12631.5625,20210.5,0,0,0,10637.10526,0,0,0
"Strombomonas_ensifera",0,0,0,8084.2,0,0,0,0,0,4491.222222,0,4929.390244,0,0,12065.97015,17964.88889,6032.985075,12126.3,0,0,0,0,0,0,2807.013889,0,0,0,0,0,0,3484.568966,3674.636364,0,0,0,0,0,0,0,0,9624.047619,0,0,0,0,0,0,0,0,0,0,0,0,0,0,0,0,0,0,0,0,0,0,0,0,0,12631.5625,0,0,0,7218.035714,0,0,0,0
"Trachelomonas_oblonga",4812.02381,18947.34375,16168.4,8084.2,0,0,0,0,0,0,0,0,0,5052.631579,0,0,0,0,0,0,0,0,0,0,0,0,0,0,0,0,0,0,0,0,0,0,0,0,0,0,0,0,0,0,0,0,0,0,0,0,0,0,0,0,0,0,0,0,0,0,0,0,0,0,0,0,0,0,0,0,0,0,0,0,0,0
"Trachelomonas_reticulata",0,0,0,0,0,0,0,0,71331.17647,4491.222222,2350.05814,0,3813.301887,30967.70161,21115.44776,6736.833333,9049.477612,24252.6,31578.90625,39117.09677,7218.035714,0,3777.663551,1403.506944,8421.041667,10637.10526,0,5116.582278,0,0,10827.05357,0,11023.90909,2929.057971,4593.295455,2041.464646,3962.843137,26078.06452,20210.5,61510.21739,41814.82759,28872.14286,12195.99138,117008.1579,50526.25,71331.17647,209590.3704,56842.03125,29941.48148,179648.8889,28872.14286,110239.0909,33684.16667,7773.269231,0,23319.80769,4167.113402,0,4870,0,3742.685185,0,0,33684.16667,7485.37037,110239.0909,20907.41379,25263.125,60631.5,12631.5625,53185.52632,0,10637.10526,117894.5833,13180.76087,8787.173913
