,P1,P3,P4,P7,P8,P9,P11,P14,P18,P24,P25,P26,P29,P34,P35,P36,P37,P38,P41,P47,P50,P51,P61,P65,P66,P67,P69,P76,P78,P79,P81,P85,P86,P87,P90,P92,P94,P95,P96,P104,P106,P107,P109,P110,P111,P112,P113,P114,P115,P116,P118,P120,P121,P122,P123,P124,P125,P127,P128,P135,P136,P137,P138,P140,P142,P144,P145,P149,P150,P151,P152,P153,P154,P155,P156,P157,P158,P159,P161,P162,P164,P165,P166,P168,P173,P174,P175,P176,P177,P178,P179,P180,P181,P184,P187,P191,P192,P193,P194,P195,P196,P197,P200,P201,P205,P206,P207,P212,P214,P215,P216,P217,P273,P275,P276,P277,P278,P281,P282,P283,P286,P287,P288,P291,P299,P300,P303
XH01,50526.31579,0,0,0,0,0,0,0,0,0,0,0,0,0,555789.4737,0,0,0,101052.6316,0,303157.8947,0,555789.4737,0,0,0,0,0,0,0,50526.31579,0,0,0,0,0,0,0,0,0,0,0,0,0,0,101052.6316,0,0,0,0,0,0,0,0,0,0,0,0,0,0,0,101052.6316,0,0,0,50526.31579,50526.31579,0,0,0,0,0,0,0,0,0,0,0,0,303157.8947,101052.6316,0,0,0,0,0,0,0,0,0,0,0,0,0,0,0,0,50526.31579,0,0,0,0,0,0,0,0,0,0,0,0,353684.2105,202105.2632,0,0,0,0,101052.6316,0,0,0,0,0,0,0,0,0,353684.2105
XH03,0,0,0,0,0,0,202105.2632,0,0,0,0,0,0,0,606315.7895,0,0,0,101052.6316,0,0,0,606315.7895,0,0,0,0,0,0,0,1010526.316,0,0,0,0,0,0,0,0,0,0,0,0,0,0,101052.6316,0,0,0,0,0,0,0,0,0,0,0,0,0,0,202105.2632,0,0,0,101052.6316,101052.6316,0,0,0,0,0,0,0,1111578.947,0,202105.2632,0,0,0,0,0,0,101052.6316,0,0,0,0,0,0,0,0,0,0,0,0,0,101052.6316,101052.6316,0,0,0,0,0,0,0,0,0,0,0,0,404210.5263,0,0,0,0,0,0,0,0,0,101052.6316,101052.6316,0,0,0,0,0
XH04,0,0,0,0,28872.18045,0,28872.18045,0,28872.18045,0,0,0,28872.18045,0,259849.6241,0,0,0,0,28872.18045,0,28872.18045,433082.7068,0,0,0,28872.18045,0,0,0,230977.4436,0,0,0,0,0,0,0,0,0,0,0,0,0,0,28872.18045,0,0,0,0,0,0,0,0,0,0,0,0,0,0,0,0,0,0,144360.9023,28872.18045,28872.18045,0,0,0,0,0,0,173233.0827,0,57744.3609,0,0,0,0,0,0,0,0,0,0,0,0,0,0,0,0,0,0,0,0,0,0,0,0,0,0,0,0,0,0,0,0,0,0,115488.7218,28872.18045,0,0,0,0,0,0,0,0,0,0,0,0,0,0,0
XH05,0,0,0,0,0,0,134736.8421,0,0,0,67368.42105,0,0,0,606315.7895,0,0,0,0,336842.1053,0,0,538947.3684,0,0,0,0,0,0,0,0,0,0,0,0,0,0,0,0,0,0,0,0,0,0,269473.6842,0,0,0,0,0,0,471578.9474,0,0,0,0,0,0,0,0,0,0,0,67368.42105,0,0,0,0,0,0,0,0,471578.9474,0,67368.42105,0,0,0,134736.8421,134736.8421,0,67368.42105,0,0,0,0,0,0,0,0,0,0,0,0,0,0,134736.8421,0,0,0,0,0,0,0,0,0,0,0,0,202105.2632,269473.6842,0,0,0,0,0,0,0,0,0,0,0,0,0,0,0
DQH01,0,0,0,0,22456.14035,0,0,0,0,0,67368.42105,0,0,0,89824.5614,44912.2807,0,0,0,112280.7018,0,224561.4035,426666.6667,0,22456.14035,0,0,0,0,0,920701.7544,0,0,0,0,0,0,0,0,0,0,0,0,22456.14035,0,0,0,0,0,0,0,0,247017.5439,0,0,0,0,0,0,0,0,0,0,0,67368.42105,0,0,0,0,0,0,0,112280.7018,0,0,22456.14035,0,0,0,67368.42105,0,22456.14035,0,0,0,0,0,0,0,0,0,0,0,0,0,0,22456.14035,89824.5614,0,0,0,0,0,0,0,0,0,0,0,247017.5439,336842.1053,0,0,0,0,112280.7018,0,0,0,44912.2807,0,0,0,0,0,0,67368.42105
DQH02,0,0,0,0,40421.05263,0,40421.05263,0,0,0,181894.7368,0,0,0,0,80842.10526,0,0,0,0,0,121263.1579,404210.5263,0,0,40421.05263,141473.6842,0,0,0,687157.8947,0,60631.57895,0,0,0,0,0,0,0,0,0,0,80842.10526,0,60631.57895,0,0,0,0,0,40421.05263,0,0,0,0,0,0,0,0,0,0,0,0,0,0,0,0,0,0,0,0,80842.10526,202105.2632,0,20210.52632,0,0,0,0,0,0,0,0,0,0,0,40421.05263,0,0,0,0,0,40421.05263,0,0,0,40421.05263,0,0,0,0,0,0,0,0,0,0,0,101052.6316,202105.2632,60631.57895,0,0,0,80842.10526,60631.57895,0,0,0,0,60631.57895,0,0,0,0,0
DQH03,0,0,0,0,56140.35088,0,145964.9123,0,0,0,134736.8421,0,0,0,0,33684.21053,0,0,0,33684.21053,0,11228.07018,606315.7895,0,0,123508.7719,22456.14035,0,0,0,640000,0,11228.07018,0,0,0,0,33684.21053,0,0,0,0,0,22456.14035,0,56140.35088,0,0,0,0,0,0,0,0,0,0,0,134736.8421,0,0,0,0,0,0,0,0,0,0,0,0,0,0,33684.21053,145964.9123,0,22456.14035,0,0,0,179649.1228,0,22456.14035,0,0,0,0,0,33684.21053,0,0,0,0,0,0,0,0,33684.21053,33684.21053,0,0,0,0,11228.07018,0,0,0,0,0,0,0,0,0,0,0,0,67368.42105,0,0,0,0,0,33684.21053,0,0,11228.07018,56140.35088,0
DQH04,0,0,0,0,0,0,40421.05263,0,0,0,80842.10526,0,0,0,242526.3158,0,0,0,0,0,0,0,2223157.895,0,0,0,0,0,0,0,1374315.789,0,40421.05263,0,0,0,0,0,0,0,0,0,0,0,0,0,0,0,0,0,0,0,40421.05263,0,0,0,0,0,40421.05263,0,0,0,0,0,0,202105.2632,0,0,0,0,0,0,40421.05263,0,0,0,0,0,0,525473.6842,0,0,0,0,0,0,0,0,0,0,0,0,0,0,0,0,80842.10526,0,0,0,0,0,121263.1579,0,0,0,0,0,0,121263.1579,0,0,0,0,0,40421.05263,0,0,0,0,0,40421.05263,40421.05263,0,0,80842.10526,0
DQH05,0,0,0,0,121263.1579,0,768000,0,0,0,202105.2632,0,0,0,0,80842.10526,0,0,0,0,0,40421.05263,1131789.474,0,0,0,0,0,0,0,848842.1053,0,0,0,0,0,0,0,0,0,0,0,40421.05263,40421.05263,0,0,0,0,0,0,0,0,0,40421.05263,0,0,0,0,0,0,0,0,0,0,0,0,0,0,0,0,0,0,0,0,0,40421.05263,0,0,0,282947.3684,0,0,0,0,0,0,0,80842.10526,0,0,0,0,0,0,0,0,0,0,0,0,0,0,0,0,0,0,80842.10526,0,0,363789.4737,525473.6842,0,0,0,0,202105.2632,0,0,0,0,0,282947.3684,121263.1579,0,202105.2632,0,323368.4211
QDH01,13473.68421,0,0,0,0,0,0,0,13473.68421,0,67368.42105,0,0,0,0,0,0,0,215578.9474,0,0,134736.8421,94315.78947,0,0,0,0,0,121263.1579,0,282947.3684,13473.68421,0,0,0,0,0,0,107789.4737,0,0,0,0,0,0,0,0,0,0,0,0,0,0,26947.36842,0,13473.68421,0,0,0,0,0,0,0,3947789.474,0,0,0,0,0,0,0,0,215578.9474,512000,0,0,0,0,0,0,0,0,0,0,0,0,0,0,0,0,13473.68421,0,0,0,0,0,67368.42105,0,0,0,0,13473.68421,13473.68421,0,0,0,0,0,0,175157.8947,175157.8947,0,0,0,0,0,0,0,0,0,0,0,0,0,0,0,0
QDH02,269473.6842,0,0,0,0,0,0,0,0,0,791578.9474,0,0,0,0,0,0,0,387368.4211,0,0,0,1515789.474,0,0,0,0,0,0,0,421052.6316,0,50526.31579,0,0,0,0,0,134736.8421,0,0,16842.10526,33684.21053,0,0,0,0,0,16842.10526,0,0,0,0,50526.31579,0,0,0,0,0,0,50526.31579,0,67368.42105,2223157.895,0,0,0,0,0,0,0,0,33684.21053,320000,0,0,0,0,0,0,0,0,0,0,0,0,0,16842.10526,0,0,0,0,0,0,0,0,50526.31579,0,0,0,0,0,0,0,0,0,0,0,0,353684.2105,286315.7895,0,0,0,0,33684.21053,0,0,0,0,33684.21053,0,0,0,0,0,0
QDH06,0,0,0,0,0,0,14436.09023,0,14436.09023,57744.3609,332030.0752,0,0,0,0,0,0,0,577443.609,0,0,0,187669.1729,0,0,14436.09023,0,0,28872.18045,14436.09023,173233.0827,57744.3609,14436.09023,0,0,0,0,0,158796.9925,0,0,43308.27068,0,0,0,0,0,0,0,0,0,0,0,43308.27068,0,0,0,0,0,0,0,0,0,4042105.263,0,0,0,0,0,0,0,0,230977.4436,86616.54135,0,0,0,0,0,0,0,0,0,0,0,0,0,0,0,0,28872.18045,0,0,0,0,0,0,0,0,0,0,0,0,0,0,0,0,0,0,173233.0827,144360.9023,0,14436.09023,0,0,28872.18045,0,0,0,43308.27068,0,0,0,0,0,0,0
QDH07,0,0,0,0,0,0,0,0,0,1091368.421,1414736.842,0,20210.52632,0,0,0,0,0,80842.10526,0,0,0,262736.8421,0,0,0,0,0,0,20210.52632,565894.7368,0,0,0,0,0,0,0,80842.10526,0,0,0,0,0,0,20210.52632,0,0,0,0,0,0,0,0,0,0,0,0,0,0,0,0,0,2465684.211,0,0,0,20210.52632,0,0,0,0,101052.6316,161684.2105,0,0,0,0,0,0,0,0,0,0,0,0,0,0,0,0,0,0,0,0,0,0,121263.1579,0,0,0,0,0,20210.52632,0,0,0,0,0,0,0,0,0,0,0,0,20210.52632,0,0,0,0,0,0,0,0,0,0,0
QDH08,0,0,0,0,0,0,60631.57895,0,0,262736.8421,485052.6316,0,0,0,0,0,0,0,0,0,0,0,303157.8947,0,0,0,0,0,0,40421.05263,282947.3684,0,0,0,0,0,0,0,0,0,0,0,0,0,0,0,0,0,0,0,0,0,0,20210.52632,0,0,0,0,0,0,0,0,0,40421.05263,0,0,0,0,0,0,0,0,202105.2632,343578.9474,0,0,0,0,0,0,0,20210.52632,0,0,0,0,0,0,0,0,0,0,0,0,0,0,0,0,0,0,0,0,0,0,0,0,0,0,0,20210.52632,40421.05263,60631.57895,0,0,0,80842.10526,0,0,0,0,0,0,0,0,0,0,0
QDH09,0,0,0,0,0,0,33684.21053,0,33684.21053,0,0,0,0,0,0,0,0,0,0,0,0,33684.21053,33684.21053,0,67368.42105,0,0,0,0,0,101052.6316,0,0,0,0,0,0,0,0,0,0,0,0,0,0,0,0,0,0,0,0,0,0,33684.21053,0,0,0,0,0,0,0,0,0,0,0,0,303157.8947,0,0,0,0,0,0,33684.21053,0,0,0,0,0,0,0,33684.21053,0,0,0,0,0,33684.21053,0,0,0,0,0,0,0,0,0,0,0,0,0,0,0,0,0,0,0,0,0,0,0,0,0,0,0,33684.21053,0,0,0,0,0,0,0,0,0,0,0
QD01,10278496.24,0,0,0,0,0,0,28872.18045,0,0,144360.9023,0,0,0,0,0,0,0,0,0,0,0,86616.54135,0,0,0,0,0,0,0,461954.8872,0,0,0,28872.18045,28872.18045,0,0,0,0,0,0,0,0,0,0,0,0,0,0,0,0,0,0,0,0,0,0,0,0,0,0,0,0,0,0,0,0,0,0,0,0,0,0,0,0,0,0,0,28872.18045,0,0,0,0,0,0,0,375338.3459,28872.18045,0,0,0,0,0,0,0,57744.3609,0,0,0,0,0,0,0,0,0,0,0,0,0,0,0,0,0,0,202105.2632,0,57744.3609,0,28872.18045,0,0,0,0,0,0,0
QD02,15036631.58,0,0,0,0,0,161684.2105,0,0,0,0,0,0,0,0,0,0,0,0,0,0,0,161684.2105,0,0,0,0,0,0,0,404210.5263,0,0,0,80842.10526,0,0,0,0,0,0,40421.05263,0,0,0,0,0,0,0,0,0,0,0,0,0,0,0,0,0,0,0,0,0,0,0,0,0,0,0,0,0,0,0,40421.05263,0,0,0,0,0,0,0,0,0,0,0,0,121263.1579,363789.4737,40421.05263,0,0,0,0,0,0,0,40421.05263,0,0,0,0,0,0,0,0,0,0,0,0,0,0,0,0,0,0,363789.4737,0,0,0,80842.10526,0,0,0,0,0,0,0
QD03,12901052.63,0,0,0,0,0,0,0,33684.21053,0,303157.8947,0,0,0,0,0,0,0,0,0,0,0,67368.42105,0,0,0,0,0,0,0,202105.2632,0,0,0,0,0,0,0,0,0,0,0,0,0,0,0,0,0,0,0,0,0,0,0,0,0,0,0,67368.42105,0,0,0,0,0,0,0,0,0,0,0,0,0,0,33684.21053,0,0,0,0,0,0,0,0,0,0,0,0,33684.21053,336842.1053,33684.21053,0,0,0,0,0,0,0,33684.21053,0,0,0,0,0,0,0,0,0,0,0,0,0,0,0,0,33684.21053,0,101052.6316,0,0,0,33684.21053,0,0,0,0,0,0,0
QD04,10266947.37,0,0,0,0,0,121263.1579,40421.05263,0,0,80842.10526,40421.05263,80842.10526,0,40421.05263,0,0,0,0,0,0,0,121263.1579,0,0,0,0,0,0,0,161684.2105,0,0,0,40421.05263,0,0,0,0,0,0,0,0,0,0,0,0,0,0,0,0,0,0,0,0,0,0,0,0,0,0,0,0,0,0,0,0,0,0,0,0,0,0,80842.10526,0,0,0,0,0,80842.10526,0,40421.05263,0,0,0,0,80842.10526,121263.1579,0,0,0,0,0,0,0,0,0,0,0,0,0,0,0,0,0,0,0,0,0,0,0,0,0,0,0,40421.05263,0,0,0,40421.05263,0,0,0,0,0,0,0
QD05,5283609.023,0,0,0,57744.3609,0,490827.0677,0,0,0,28872.18045,0,28872.18045,0,28872.18045,0,0,0,57744.3609,0,0,0,115488.7218,0,28872.18045,28872.18045,0,0,0,0,259849.6241,0,28872.18045,0,28872.18045,0,0,0,28872.18045,0,0,0,0,0,0,0,0,0,0,0,0,0,0,0,0,0,0,0,0,0,0,0,0,0,0,0,0,0,0,0,0,0,0,0,0,28872.18045,0,0,0,57744.3609,86616.54135,0,0,0,0,0,28872.18045,57744.3609,0,0,0,0,0,0,0,0,0,0,0,0,0,0,0,0,0,0,0,0,0,57744.3609,0,0,0,0,0,144360.9023,0,0,0,28872.18045,0,0,0,0,0,0,86616.54135
NX01,0,0,0,0,50526.31579,0,75789.47368,0,0,0,0,0,0,0,0,0,0,0,25263.15789,0,0,0,11267368.42,0,0,0,0,0,0,0,151578.9474,0,0,0,0,0,0,0,227368.4211,0,0,25263.15789,0,0,0,0,0,0,0,0,0,0,0,0,0,0,0,0,0,0,25263.15789,0,25263.15789,0,0,0,0,0,0,0,0,0,0,252631.5789,0,0,0,0,0,0,0,0,0,0,0,0,50526.31579,151578.9474,50526.31579,0,252631.5789,0,0,0,0,0,25263.15789,0,0,0,0,0,0,0,0,0,0,0,0,0,0,0,0,0,0,25263.15789,0,0,0,0,25263.15789,0,0,0,0,0,50526.31579
NX02,269473.6842,0,0,0,269473.6842,33684.21053,168421.0526,0,0,0,0,0,0,0,0,0,0,0,0,0,0,0,16505263.16,0,0,0,0,0,0,0,572631.5789,0,0,0,0,0,0,0,505263.1579,0,0,33684.21053,0,0,0,0,0,0,0,0,0,0,0,0,0,0,0,0,0,0,0,0,0,0,0,0,0,0,0,0,0,0,0,370526.3158,0,0,0,0,0,0,0,0,0,0,0,0,0,101052.6316,101052.6316,0,269473.6842,0,0,0,0,0,33684.21053,0,0,0,0,0,0,0,0,0,33684.21053,0,0,0,0,0,33684.21053,0,0,33684.21053,0,0,0,33684.21053,33684.21053,0,0,0,0,0,0
NX03,349090.9091,0,18373.20574,0,73492.82297,0,55119.61722,0,0,0,0,0,0,0,0,0,0,0,0,0,0,0,7220669.856,0,0,0,0,0,0,0,257224.8804,0,0,0,0,18373.20574,0,0,440956.9378,0,0,36746.41148,0,0,0,0,0,0,0,0,0,0,0,0,0,0,0,0,0,0,0,0,0,36746.41148,0,0,0,0,0,0,0,0,0,146985.6459,0,0,0,0,0,0,0,0,0,0,0,0,385837.3206,36746.41148,330717.7033,0,0,0,0,0,0,0,36746.41148,0,0,0,0,0,0,0,0,0,0,18373.20574,0,0,0,0,0,0,0,0,18373.20574,18373.20574,0,0,0,0,0,0,0,0,0
NX06,620751.8797,0,0,0,86616.54135,0,14436.09023,0,0,0,0,0,0,0,0,14436.09023,0,0,0,0,0,0,5023759.398,0,0,0,0,0,0,0,389774.4361,0,0,0,0,28872.18045,0,0,519699.2481,0,0,14436.09023,0,0,0,0,0,0,0,0,0,0,0,0,0,0,0,0,0,0,0,0,0,14436.09023,0,0,0,0,28872.18045,0,0,0,0,101052.6316,0,0,0,0,0,14436.09023,0,0,0,0,0,0,158796.9925,57744.3609,187669.1729,0,14436.09023,0,0,0,0,0,14436.09023,0,0,43308.27068,0,0,0,0,0,0,0,14436.09023,0,28872.18045,0,0,0,0,0,28872.18045,14436.09023,0,0,43308.27068,0,0,0,0,0,0,0
SSLJH01,0,0,0,0,649624.0602,0,1039398.496,0,0,0,14436.09023,0,0,0,202105.2632,0,14436.09023,14436.09023,0,57744.3609,0,0,0,0,0,14436.09023,0,0,14436.09023,0,447518.797,346466.1654,57744.3609,0,0,101052.6316,0,0,14436.09023,0,0,28872.18045,0,0,57744.3609,14436.09023,0,14436.09023,0,0,0,0,0,43308.27068,0,0,0,0,0,57744.3609,86616.54135,0,0,0,14436.09023,72180.45113,72180.45113,0,0,0,0,0,317593.985,895037.594,0,0,0,0,0,72180.45113,0,0,0,0,0,0,0,14436.09023,0,0,0,0,0,0,0,0,101052.6316,72180.45113,0,14436.09023,0,0,86616.54135,0,0,0,0,0,0,115488.7218,0,0,0,0,0,43308.27068,0,0,0,0,0,0,0,0,0,158796.9925,0
SSLJH02,0,0,13473.68421,282947.3684,835368.4211,0,768000,0,0,0,0,0,0,0,67368.42105,0,0,161684.2105,0,40421.05263,0,0,0,0,0,0,0,0,0,0,579368.4211,107789.4737,80842.10526,0,13473.68421,26947.36842,0,0,13473.68421,0,0,0,0,0,0,0,0,0,0,0,0,0,0,94315.78947,0,0,0,0,0,0,94315.78947,0,0,0,0,40421.05263,26947.36842,13473.68421,0,0,13473.68421,0,565894.7368,646736.8421,0,0,0,0,0,0,0,134736.8421,0,0,0,0,0,0,0,0,0,0,0,13473.68421,0,0,80842.10526,26947.36842,26947.36842,26947.36842,0,67368.42105,67368.42105,0,67368.42105,0,0,0,0,107789.4737,0,0,0,0,0,13473.68421,0,0,0,0,0,0,0,0,0,0,0
SSLJH03,0,0,0,218947.3684,1010526.316,0,1330526.316,0,0,0,0,0,0,0,101052.6316,0,16842.10526,84210.52632,0,0,0,0,0,0,0,0,0,0,0,0,707368.4211,202105.2632,0,0,16842.10526,117894.7368,0,0,0,0,0,0,0,0,0,0,0,0,0,0,0,0,0,50526.31579,0,16842.10526,0,0,0,0,50526.31579,0,0,0,0,117894.7368,33684.21053,0,0,0,0,0,909473.6842,421052.6316,0,16842.10526,0,0,0,0,0,151578.9474,0,0,0,0,0,33684.21053,0,0,0,0,0,16842.10526,0,0,50526.31579,50526.31579,0,0,0,0,0,0,168421.0526,0,0,0,0,0,0,0,0,0,0,0,0,0,0,16842.10526,0,0,16842.10526,0,0,16842.10526,0
SSLJH04,0,0,0,538947.3684,0,0,606315.7895,22456.14035,22456.14035,0,0,0,0,0,202105.2632,22456.14035,22456.14035,0,0,0,0,0,0,0,0,0,0,0,0,0,471578.9474,1257543.86,0,0,0,0,0,0,134736.8421,0,0,67368.42105,0,89824.5614,0,0,0,0,0,0,0,0,0,67368.42105,0,22456.14035,0,0,0,0,67368.42105,0,0,0,0,179649.1228,44912.2807,0,0,0,22456.14035,0,1010526.316,1257543.86,0,0,0,0,0,0,0,0,44912.2807,0,0,0,0,22456.14035,0,0,0,0,0,89824.5614,0,0,157192.9825,112280.7018,0,0,0,134736.8421,381754.386,0,112280.7018,0,0,0,0,0,0,22456.14035,0,0,0,0,0,0,0,0,22456.14035,0,0,0,1482105.263,44912.2807,0
DZ01,1963308.271,0,0,0,28872.18045,0,28872.18045,0,0,0,0,0,0,0,0,0,0,0,0,0,0,0,0,0,0,0,0,0,0,0,173233.0827,0,0,0,0,0,0,0,0,0,0,0,0,28872.18045,0,0,0,0,0,0,0,0,0,0,0,0,0,0,0,0,0,0,28872.18045,0,0,0,0,0,0,0,0,0,0,115488.7218,0,0,0,0,0,0,0,0,0,0,0,0,0,28872.18045,0,0,0,0,0,0,0,0,28872.18045,0,0,0,0,0,0,0,0,0,0,0,57744.3609,0,0,0,0,0,0,28872.18045,0,0,0,0,28872.18045,0,0,0,0,0,0
DZ02,1785263.158,0,0,0,33684.21053,33684.21053,67368.42105,0,0,0,33684.21053,0,0,0,33684.21053,0,0,0,0,0,0,0,0,0,0,0,0,0,0,0,336842.1053,0,0,0,0,0,0,0,0,0,0,0,0,33684.21053,0,0,0,0,0,0,0,0,0,0,0,0,0,0,0,0,0,0,0,0,0,0,0,0,0,0,0,0,0,101052.6316,0,0,0,0,0,0,0,0,0,0,0,0,0,168421.0526,0,0,0,0,0,0,0,0,67368.42105,0,0,0,0,33684.21053,0,0,0,0,0,33684.21053,33684.21053,0,0,0,0,0,0,0,0,0,0,202105.2632,0,0,0,0,0,0,0
DZ03,2189473.684,0,0,67368.42105,101052.6316,0,0,0,0,0,33684.21053,0,0,0,0,33684.21053,0,0,0,0,0,0,0,0,101052.6316,0,0,0,0,0,437894.7368,0,0,0,0,0,0,0,33684.21053,0,0,0,0,0,0,0,0,0,0,0,0,0,33684.21053,0,0,0,0,0,0,0,0,0,0,0,0,0,0,0,0,0,0,0,0,67368.42105,0,0,0,0,0,0,0,0,0,0,0,0,33684.21053,33684.21053,0,0,0,0,0,0,0,0,33684.21053,33684.21053,0,0,0,33684.21053,0,0,0,0,0,0,0,0,0,0,0,0,0,33684.21053,0,0,0,336842.1053,0,0,0,0,0,0,0
DZ04,1443609.023,0,0,0,57744.3609,28872.18045,86616.54135,0,28872.18045,0,0,0,0,0,0,0,0,0,0,0,0,0,0,0,0,0,0,0,0,0,635187.9699,0,0,0,0,0,0,0,0,0,0,0,0,0,0,0,0,0,0,0,0,0,0,0,0,0,0,0,0,0,0,0,0,0,0,0,0,0,0,0,0,0,0,86616.54135,0,0,0,0,0,0,0,0,0,0,0,0,0,28872.18045,0,0,0,0,0,0,0,0,57744.3609,0,0,0,0,28872.18045,0,0,0,0,0,0,28872.18045,0,0,0,28872.18045,0,0,28872.18045,0,0,0,375338.3459,0,0,0,0,0,0,0
DZ05,2189473.684,0,0,0,0,0,134736.8421,0,0,0,0,0,0,0,0,0,0,0,0,33684.21053,0,0,0,0,0,0,0,0,0,0,673684.2105,0,0,0,0,0,0,0,0,0,0,0,0,0,0,0,0,0,0,0,0,0,0,0,0,0,0,0,0,0,33684.21053,0,0,0,0,0,0,0,0,0,0,0,0,134736.8421,0,33684.21053,0,0,0,0,0,0,0,0,0,0,33684.21053,67368.42105,0,0,0,0,0,33684.21053,0,0,33684.21053,0,0,0,0,0,0,0,0,0,0,0,0,33684.21053,0,33684.21053,33684.21053,0,0,235789.4737,0,101052.6316,0,336842.1053,0,0,0,0,0,0,0
SM01,449847.1986,0,0,0,228183.3616,0,65195.24618,0,0,0,13039.04924,0,0,0,0,0,0,0,0,0,6519.524618,0,78234.29542,0,0,0,0,0,0,0,215144.3124,45636.67233,0,0,0,13039.04924,0,339015.2801,84753.82003,0,0,6519.524618,0,13039.04924,0,0,6519.524618,0,6519.524618,0,0,0,6519.524618,13039.04924,0,0,0,45636.67233,0,0,0,45636.67233,0,0,6519.524618,0,0,0,0,0,0,0,0,0,0,0,0,0,0,234702.8862,0,0,0,0,26078.09847,0,0,19558.57385,0,13039.04924,19558.57385,0,0,13039.04924,0,0,26078.09847,0,0,13039.04924,52156.19694,260780.9847,0,6519.524618,0,0,32597.62309,6519.524618,0,6519.524618,0,0,0,13039.04924,0,0,0,0,0,91273.34465,6519.524618,0,0,0,0,0,0
SM02,1149473.684,0,0,0,126315.7895,12631.57895,50526.31579,0,0,0,63157.89474,12631.57895,0,0,0,0,0,0,0,0,0,0,265263.1579,0,0,0,0,0,25263.15789,25263.15789,303157.8947,12631.57895,0,0,0,101052.6316,0,75789.47368,138947.3684,0,0,50526.31579,0,0,0,0,0,0,0,0,0,0,0,37894.73684,0,0,0,63157.89474,0,0,0,0,0,0,0,0,0,12631.57895,0,0,0,0,12631.57895,303157.8947,0,0,0,0,0,0,0,37894.73684,0,0,88421.05263,0,0,37894.73684,0,0,0,0,0,0,0,0,75789.47368,0,0,12631.57895,12631.57895,12631.57895,25263.15789,12631.57895,0,0,75789.47368,12631.57895,0,50526.31579,37894.73684,0,0,12631.57895,0,0,0,0,0,164210.5263,37894.73684,0,0,0,0,0,0
SM03,1556210.526,0,0,0,101052.6316,0,20210.52632,0,0,0,20210.52632,20210.52632,0,0,20210.52632,0,0,20210.52632,0,0,0,0,626526.3158,0,0,0,0,262736.8421,0,20210.52632,343578.9474,0,0,0,0,20210.52632,0,0,161684.2105,0,0,40421.05263,20210.52632,20210.52632,0,0,0,0,0,0,0,20210.52632,0,101052.6316,0,40421.05263,0,0,0,0,0,0,20210.52632,0,0,20210.52632,0,20210.52632,0,0,0,0,20210.52632,525473.6842,20210.52632,0,0,0,0,0,0,40421.05263,0,0,40421.05263,0,0,20210.52632,0,0,20210.52632,0,0,0,0,0,60631.57895,0,0,20210.52632,60631.57895,0,0,40421.05263,0,0,60631.57895,40421.05263,0,40421.05263,20210.52632,0,0,202105.2632,0,0,0,101052.6316,0,181894.7368,161684.2105,0,0,0,0,0,0
SM04,2582456.14,0,0,0,67368.42105,0,22456.14035,0,0,0,89824.5614,22456.14035,0,0,22456.14035,0,0,0,0,0,0,0,898245.614,0,0,0,0,359298.2456,0,134736.8421,314385.9649,0,0,0,0,0,0,0,89824.5614,0,0,22456.14035,0,22456.14035,67368.42105,22456.14035,0,0,0,0,0,0,22456.14035,44912.2807,0,0,0,0,0,0,22456.14035,0,22456.14035,0,0,0,67368.42105,0,0,0,0,0,291929.8246,0,0,0,0,0,0,0,0,0,0,0,22456.14035,0,0,44912.2807,0,0,22456.14035,0,0,44912.2807,0,0,44912.2807,0,0,0,0,22456.14035,0,0,0,0,0,44912.2807,0,44912.2807,0,0,0,269473.6842,0,0,0,0,44912.2807,224561.4035,404210.5263,0,0,0,0,0,0
SM05,1280000,0,0,0,67368.42105,0,0,0,33684.21053,0,0,33684.21053,0,0,33684.21053,0,0,0,0,0,0,0,1212631.579,0,0,0,0,1111578.947,0,67368.42105,168421.0526,0,0,0,0,134736.8421,0,33684.21053,269473.6842,0,0,33684.21053,0,0,0,0,0,0,0,0,0,0,33684.21053,101052.6316,0,0,0,33684.21053,67368.42105,0,0,0,0,0,67368.42105,0,67368.42105,0,0,0,67368.42105,0,168421.0526,168421.0526,0,0,0,0,0,0,0,0,0,0,33684.21053,0,33684.21053,33684.21053,0,0,0,0,0,33684.21053,0,0,67368.42105,33684.21053,0,0,33684.21053,0,0,0,0,0,0,134736.8421,0,0,0,0,0,33684.21053,0,0,404210.5263,0,235789.4737,336842.1053,0,0,0,0,0,0,0
SM06,1039398.496,0,0,0,28872.18045,0,0,0,0,0,115488.7218,0,0,0,0,0,28872.18045,0,86616.54135,0,0,0,1212631.579,0,0,0,0,490827.0677,28872.18045,28872.18045,202105.2632,57744.3609,0,0,0,57744.3609,0,0,86616.54135,0,0,28872.18045,0,28872.18045,86616.54135,0,0,0,0,0,0,28872.18045,0,57744.3609,0,28872.18045,0,0,0,0,86616.54135,0,0,0,28872.18045,0,57744.3609,0,0,0,0,0,259849.6241,230977.4436,28872.18045,0,0,0,0,28872.18045,0,0,0,0,28872.18045,0,0,57744.3609,0,0,28872.18045,0,0,0,0,0,28872.18045,0,0,0,259849.6241,0,0,0,115488.7218,0,0,57744.3609,0,86616.54135,0,0,0,0,0,0,923909.7744,0,433082.7068,230977.4436,0,0,0,0,0,0,0
TX01,0,2194285.714,0,0,0,0,57744.3609,0,0,28872.18045,0,0,0,0,28872.18045,0,0,230977.4436,28872.18045,0,28872.18045,0,28872.18045,0,0,173233.0827,0,0,173233.0827,0,1068270.677,0,0,0,0,28872.18045,0,0,57744.3609,0,0,28872.18045,0,28872.18045,202105.2632,0,0,0,28872.18045,0,0,0,0,0,0,0,0,57744.3609,0,0,0,28872.18045,0,0,0,0,0,28872.18045,0,0,86616.54135,0,317593.985,0,0,0,0,0,0,57744.3609,0,0,0,0,57744.3609,461954.8872,144360.9023,0,0,0,57744.3609,0,0,28872.18045,0,0,115488.7218,28872.18045,0,28872.18045,0,28872.18045,0,0,0,0,0,0,0,57744.3609,0,0,0,0,0,0,0,0,0,115488.7218,0,0,28872.18045,0,259849.6241,0,0
TX02,0,1482105.263,0,0,50526.31579,0,252631.5789,0,0,0,33684.21053,16842.10526,0,0,0,0,0,84210.52632,101052.6316,0,0,0,0,0,0,0,0,0,16842.10526,0,791578.9474,0,0,50526.31579,0,33684.21053,0,0,0,0,0,67368.42105,16842.10526,0,0,0,0,0,0,0,0,0,16842.10526,0,0,0,0,33684.21053,0,0,0,0,0,0,0,0,0,0,0,0,0,0,303157.8947,0,0,0,0,0,0,16842.10526,0,117894.7368,0,0,0,522105.2632,0,16842.10526,0,16842.10526,16842.10526,0,0,0,0,0,84210.52632,16842.10526,0,16842.10526,0,50526.31579,0,0,0,0,0,50526.31579,0,16842.10526,16842.10526,0,0,0,16842.10526,0,0,33684.21053,0,101052.6316,0,0,0,0,33684.21053,16842.10526,0
TX03,0,692932.3308,0,0,28872.18045,0,86616.54135,0,0,0,0,0,0,0,0,0,0,48120.30075,19248.1203,0,0,0,0,0,0,0,0,0,0,0,404210.5263,0,0,28872.18045,0,9624.06015,0,0,0,0,9624.06015,0,0,0,19248.1203,0,0,0,28872.18045,0,0,0,0,0,0,0,0,86616.54135,0,0,0,19248.1203,0,0,0,0,0,0,0,0,0,9624.06015,173233.0827,0,0,0,0,0,0,0,0,153984.9624,0,0,9624.06015,298345.8647,0,0,0,9624.06015,0,0,0,0,0,0,19248.1203,0,0,0,0,0,0,0,19248.1203,0,0,38496.2406,0,9624.06015,0,19248.1203,0,0,0,9624.06015,38496.2406,0,0,0,0,0,0,0,67368.42105,0,9624.06015
DSH01,50526.31579,0,0,0,50526.31579,0,101052.6316,0,0,0,0,0,0,50526.31579,0,0,0,0,0,0,0,0,50526.31579,3991578.947,0,0,0,0,0,50526.31579,0,0,0,0,0,0,50526.31579,0,0,151578.9474,0,0,0,151578.9474,0,0,50526.31579,0,0,50526.31579,0,0,0,0,0,0,0,0,0,0,0,0,0,0,0,0,0,0,0,0,0,0,50526.31579,0,0,0,50526.31579,0,0,0,101052.6316,0,0,0,0,151578.9474,50526.31579,151578.9474,0,50526.31579,50526.31579,50526.31579,0,50526.31579,0,0,101052.6316,0,50526.31579,0,0,0,0,0,0,50526.31579,0,0,0,0,0,0,50526.31579,0,0,0,0,50526.31579,0,101052.6316,0,0,0,0,0,0,0
DSH02,40421.05263,0,0,0,40421.05263,0,404210.5263,0,0,0,0,80842.10526,0,80842.10526,40421.05263,0,0,0,0,0,0,0,80842.10526,2142315.789,0,0,0,0,80842.10526,0,0,0,0,0,0,0,40421.05263,0,0,323368.4211,0,0,0,40421.05263,0,0,80842.10526,0,0,40421.05263,0,0,0,0,0,0,0,0,0,0,0,40421.05263,0,0,0,0,40421.05263,40421.05263,0,0,0,0,80842.10526,0,0,0,40421.05263,80842.10526,0,0,0,0,0,0,0,242526.3158,40421.05263,0,0,40421.05263,40421.05263,0,0,0,0,0,80842.10526,0,0,0,0,0,0,0,0,40421.05263,0,0,0,0,0,0,0,0,0,0,0,40421.05263,0,40421.05263,0,0,0,0,0,0,0
DSH03,67368.42105,0,0,0,67368.42105,0,336842.1053,0,0,0,0,67368.42105,0,0,67368.42105,67368.42105,67368.42105,0,0,67368.42105,0,0,336842.1053,1818947.368,0,0,0,0,0,0,875789.4737,0,0,67368.42105,0,67368.42105,0,0,0,538947.3684,0,0,0,0,0,0,404210.5263,0,0,67368.42105,0,0,0,0,0,0,0,0,0,0,0,67368.42105,0,0,0,0,269473.6842,0,0,67368.42105,0,0,0,0,0,0,0,67368.42105,0,0,0,0,0,0,0,67368.42105,0,134736.8421,0,0,0,67368.42105,0,0,0,0,67368.42105,0,0,0,0,0,0,0,0,67368.42105,0,0,0,67368.42105,0,0,67368.42105,0,0,0,0,67368.42105,0,67368.42105,0,0,0,0,0,0,336842.1053
DSH04,50526.31579,0,0,0,101052.6316,50526.31579,1010526.316,0,0,0,0,0,0,0,0,101052.6316,50526.31579,0,0,0,0,0,151578.9474,303157.8947,0,0,0,0,50526.31579,101052.6316,0,0,0,0,0,0,0,0,0,0,0,0,0,404210.5263,0,0,50526.31579,0,0,0,0,0,0,0,0,0,808421.0526,0,0,0,0,50526.31579,0,0,0,0,0,0,0,0,0,0,0,0,0,0,0,0,0,101052.6316,303157.8947,0,0,0,0,101052.6316,404210.5263,101052.6316,0,0,0,0,0,0,0,0,505263.1579,0,101052.6316,0,0,0,0,0,0,0,0,0,0,50526.31579,50526.31579,0,101052.6316,202105.2632,0,0,0,0,0,0,0,0,0,0,0,0,0
DSH05,0,0,0,0,0,151578.9474,1162105.263,0,0,0,0,0,0,50526.31579,50526.31579,50526.31579,0,0,0,0,0,0,202105.2632,50526.31579,50526.31579,0,0,0,0,0,0,0,0,0,0,0,0,0,0,303157.8947,0,0,0,50526.31579,0,0,555789.4737,0,0,0,0,50526.31579,0,0,0,0,0,0,0,0,0,0,0,0,0,0,0,0,0,50526.31579,0,0,101052.6316,0,0,50526.31579,50526.31579,50526.31579,0,151578.9474,0,0,0,0,101052.6316,0,0,0,0,0,50526.31579,50526.31579,0,0,0,0,101052.6316,0,0,0,0,0,0,0,0,353684.2105,0,0,0,0,0,0,0,50526.31579,0,0,0,0,0,202105.2632,0,50526.31579,0,0,0,0,50526.31579
DJS01,0,0,0,0,0,0,0,0,0,0,0,0,0,0,0,202105.2632,0,0,0,101052.6316,0,0,0,101052.6316,0,0,0,0,0,0,8690526.316,0,0,0,0,101052.6316,0,0,0,0,0,0,0,0,0,0,0,0,0,0,0,0,0,0,0,0,0,0,0,0,0,0,0,0,0,0,0,0,0,0,0,0,0,0,0,0,0,0,0,0,101052.6316,0,0,0,0,0,0,0,0,0,0,0,0,0,0,0,101052.6316,0,0,0,0,0,0,0,0,404210.5263,0,101052.6316,0,0,0,0,0,0,707368.4211,0,606315.7895,101052.6316,0,0,0,101052.6316,0,0,0,0,0
DJS02,0,0,0,0,0,0,67368.42105,0,0,0,0,0,0,0,0,67368.42105,0,0,0,67368.42105,0,0,0,0,0,67368.42105,0,0,0,0,6265263.158,0,0,0,0,0,67368.42105,0,0,0,0,0,0,0,0,0,0,0,0,0,0,0,0,0,0,0,0,0,0,0,0,0,0,0,0,0,0,0,0,67368.42105,0,0,0,0,0,0,0,0,0,0,0,0,0,0,0,0,0,67368.42105,0,0,0,0,0,0,0,0,0,0,0,0,0,0,0,0,0,67368.42105,0,0,0,0,0,0,0,0,67368.42105,0,67368.42105,67368.42105,0,0,0,67368.42105,0,0,0,0,0
DJS03,0,67368.42105,0,0,0,0,67368.42105,0,0,0,0,0,0,0,0,134736.8421,0,0,0,0,0,0,0,0,0,0,0,0,0,0,5793684.211,0,0,0,0,67368.42105,0,0,0,0,0,0,0,0,0,0,0,0,0,0,0,0,0,0,0,0,0,0,0,0,0,0,0,0,0,0,0,0,0,0,0,0,0,0,0,0,0,0,0,67368.42105,0,0,0,0,0,0,0,67368.42105,0,0,0,0,0,0,0,0,0,0,67368.42105,0,0,0,0,0,0,0,0,0,0,0,0,0,67368.42105,0,67368.42105,0,336842.1053,67368.42105,0,0,0,0,0,0,0,0,0
GZ05,0,1185684.211,0,13473.68421,94315.78947,0,256000,0,0,0,0,67368.42105,0,80842.10526,13473.68421,0,0,0,0,0,0,0,26947.36842,0,0,0,0,13473.68421,0,0,1738105.263,107789.4737,0,0,0,13473.68421,13473.68421,0,0,13473.68421,0,0,0,13473.68421,0,0,26947.36842,0,0,0,13473.68421,13473.68421,26947.36842,40421.05263,0,0,0,0,0,0,0,0,0,107789.4737,0,0,0,0,0,0,0,0,0,0,0,0,0,40421.05263,0,0,0,13473.68421,0,40421.05263,0,0,0,80842.10526,0,0,0,13473.68421,0,0,0,0,26947.36842,0,0,0,0,0,0,13473.68421,0,188631.5789,0,13473.68421,0,0,0,0,13473.68421,0,13473.68421,0,0,0,0,13473.68421,0,0,0,0,0,0,0
WSJ01,0,44912.2807,0,0,22456.14035,0,0,0,0,0,0,0,0,22456.14035,0,0,0,0,0,0,0,0,44912.2807,112280.7018,0,0,0,0,0,0,1392280.702,0,0,22456.14035,22456.14035,0,0,0,0,22456.14035,0,0,0,0,0,0,0,22456.14035,0,22456.14035,0,0,0,0,44912.2807,0,0,0,0,0,0,0,0,0,0,0,0,0,0,0,0,0,67368.42105,0,0,0,0,157192.9825,22456.14035,22456.14035,0,0,0,0,0,44912.2807,0,22456.14035,0,0,0,0,0,0,0,0,0,44912.2807,0,0,0,0,0,0,0,0,22456.14035,44912.2807,0,112280.7018,22456.14035,0,0,538947.3684,0,44912.2807,0,134736.8421,224561.4035,336842.1053,0,22456.14035,44912.2807,22456.14035,0,0,22456.14035
WSJ02,0,55119.61722,0,0,0,0,0,0,0,36746.41148,0,0,0,110239.2344,0,0,0,0,0,0,0,0,18373.20574,183732.0574,0,18373.20574,0,0,0,55119.61722,1231004.785,0,18373.20574,91866.02871,0,36746.41148,0,0,0,0,0,0,0,0,18373.20574,0,55119.61722,0,0,0,0,0,36746.41148,0,18373.20574,0,0,0,0,0,0,36746.41148,0,0,0,18373.20574,0,0,0,0,0,18373.20574,128612.4402,0,0,18373.20574,0,55119.61722,18373.20574,0,0,0,0,55119.61722,0,146985.6459,0,36746.41148,0,0,0,0,0,0,0,18373.20574,36746.41148,0,0,0,0,0,0,18373.20574,0,18373.20574,18373.20574,36746.41148,0,183732.0574,0,0,0,110239.2344,0,0,0,36746.41148,0,36746.41148,0,18373.20574,0,0,55119.61722,0,18373.20574
WSJ03,0,126315.7895,0,0,0,0,0,0,0,0,0,0,0,50526.31579,0,0,0,0,0,0,0,0,0,252631.5789,0,75789.47368,0,50526.31579,0,0,2197894.737,0,0,0,50526.31579,25263.15789,25263.15789,0,0,25263.15789,0,25263.15789,0,0,0,25263.15789,25263.15789,25263.15789,0,0,0,0,0,0,0,25263.15789,0,0,0,0,0,0,0,0,0,25263.15789,0,0,0,25263.15789,0,0,176842.1053,0,0,0,0,50526.31579,25263.15789,25263.15789,0,0,0,25263.15789,0,75789.47368,25263.15789,75789.47368,0,0,0,0,0,0,75789.47368,0,25263.15789,0,0,0,0,0,0,0,0,0,25263.15789,25263.15789,0,126315.7895,0,0,0,151578.9474,0,0,0,0,50526.31579,126315.7895,0,0,0,25263.15789,0,0,0
HCJ01,0,44912.2807,0,0,157192.9825,0,44912.2807,0,0,0,0,0,22456.14035,0,0,22456.14035,0,0,0,0,22456.14035,0,44912.2807,741052.6316,0,22456.14035,0,0,0,0,898245.614,0,44912.2807,22456.14035,67368.42105,0,44912.2807,22456.14035,0,0,0,0,0,0,0,22456.14035,0,0,0,0,0,0,0,0,44912.2807,0,0,0,0,0,0,0,0,0,0,0,0,0,0,0,0,0,0,0,0,0,0,0,0,0,0,0,0,0,0,247017.5439,157192.9825,336842.1053,0,0,0,0,0,0,0,0,89824.5614,22456.14035,0,0,0,0,0,22456.14035,0,0,0,67368.42105,0,0,22456.14035,0,22456.14035,67368.42105,0,0,0,44912.2807,44912.2807,112280.7018,0,0,0,22456.14035,22456.14035,0,0
HCJ02,0,0,0,0,134736.8421,0,0,0,0,0,0,0,0,134736.8421,0,0,0,0,0,0,0,0,0,606315.7895,0,0,0,0,0,0,1010526.316,0,0,0,0,0,0,0,0,202105.2632,0,0,0,0,0,67368.42105,0,0,0,0,0,0,67368.42105,134736.8421,0,0,0,0,0,0,0,0,0,0,0,0,0,0,0,67368.42105,0,0,0,0,0,0,0,0,0,0,0,0,0,0,0,336842.1053,0,404210.5263,0,0,0,0,0,0,67368.42105,0,67368.42105,0,0,0,0,0,0,0,0,0,0,67368.42105,0,336842.1053,471578.9474,0,0,0,0,0,0,0,0,0,0,0,0,67368.42105,202105.2632,0,0
HCJ03,0,67368.42105,0,0,134736.8421,0,0,0,0,0,0,0,0,0,0,0,0,0,0,0,0,0,202105.2632,471578.9474,0,0,0,0,0,0,741052.6316,0,0,0,67368.42105,0,0,0,0,67368.42105,0,0,0,67368.42105,0,0,0,0,0,0,0,0,67368.42105,0,0,0,0,0,0,0,0,0,0,0,0,0,0,0,0,0,0,0,269473.6842,0,67368.42105,0,0,0,0,0,0,0,0,0,0,134736.8421,0,336842.1053,0,0,0,67368.42105,0,0,67368.42105,0,0,134736.8421,0,0,0,0,0,0,0,0,0,134736.8421,0,606315.7895,404210.5263,0,0,134736.8421,0,0,0,67368.42105,0,202105.2632,0,0,0,0,336842.1053,0,0
HCJ04,0,0,0,0,404210.5263,0,0,0,0,0,0,0,0,0,0,0,0,0,0,0,0,0,404210.5263,404210.5263,0,303157.8947,0,0,0,0,1515789.474,0,0,0,202105.2632,0,0,0,0,101052.6316,0,0,0,101052.6316,0,101052.6316,0,0,0,0,0,0,202105.2632,0,0,101052.6316,0,0,0,0,0,0,0,0,0,101052.6316,0,0,0,101052.6316,0,0,404210.5263,0,0,0,0,0,0,0,0,0,0,0,0,101052.6316,0,101052.6316,0,0,0,101052.6316,0,0,2122105.263,0,0,0,0,0,0,0,0,0,0,0,101052.6316,505263.1579,0,0,505263.1579,0,0,202105.2632,0,0,505263.1579,0,0,101052.6316,0,0,0,0,0,0,0
SK01,57744.3609,0,0,0,173233.0827,0,317593.985,0,0,0,0,115488.7218,0,0,490827.0677,57744.3609,0,0,0,28872.18045,0,28872.18045,57744.3609,0,86616.54135,0,0,0,0,0,866165.4135,0,0,28872.18045,0,86616.54135,28872.18045,0,0,115488.7218,0,28872.18045,0,0,0,28872.18045,259849.6241,0,0,0,0,0,0,28872.18045,28872.18045,0,0,0,28872.18045,0,0,57744.3609,0,86616.54135,0,86616.54135,28872.18045,0,0,0,0,57744.3609,202105.2632,0,86616.54135,115488.7218,115488.7218,346466.1654,28872.18045,1212631.579,115488.7218,86616.54135,0,0,0,0,28872.18045,28872.18045,0,0,0,0,0,0,0,0,0,86616.54135,0,0,0,0,0,0,0,0,144360.9023,86616.54135,115488.7218,0,202105.2632,0,0,57744.3609,0,0,0,0,0,0,0,0,0,0,0,0,86616.54135
QSJ01,0,0,0,0,0,0,269473.6842,0,0,0,0,471578.9474,0,0,0,134736.8421,0,0,0,0,336842.1053,0,3907368.421,336842.1053,0,0,0,0,0,0,202105.2632,0,0,0,0,0,134736.8421,0,0,0,67368.42105,202105.2632,0,0,0,471578.9474,134736.8421,0,0,0,0,67368.42105,0,0,0,0,0,0,0,0,0,0,0,0,0,67368.42105,0,0,0,67368.42105,0,0,202105.2632,0,0,0,0,0,134736.8421,471578.9474,0,134736.8421,0,0,0,0,0,67368.42105,0,0,0,0,0,0,0,134736.8421,0,0,67368.42105,0,0,0,0,0,0,0,0,67368.42105,0,0,1818947.368,67368.42105,0,0,0,0,67368.42105,67368.42105,0,0,0,0,0,0,134736.8421,0,134736.8421
QSJ02,0,0,0,0,0,0,0,0,0,0,0,0,0,101052.6316,0,50526.31579,0,0,0,0,0,0,4597894.737,50526.31579,50526.31579,0,0,0,0,0,1162105.263,0,0,0,0,0,0,0,0,50526.31579,0,0,0,0,0,0,454736.8421,0,0,0,0,0,0,0,0,0,0,0,0,0,0,0,0,0,0,0,0,0,0,101052.6316,0,0,101052.6316,0,50526.31579,0,0,0,0,555789.4737,0,151578.9474,50526.31579,0,0,50526.31579,0,50526.31579,0,0,0,0,0,0,0,0,151578.9474,0,0,0,0,0,0,0,0,0,0,0,0,252631.5789,606315.7895,50526.31579,0,0,0,0,202105.2632,0,0,0,0,151578.9474,0,0,50526.31579,0,0
QSJ03,0,0,0,0,0,0,151578.9474,0,0,0,0,151578.9474,0,0,50526.31579,0,0,0,0,0,0,50526.31579,4800000,151578.9474,50526.31579,0,0,0,0,0,656842.1053,0,0,0,0,0,0,0,0,202105.2632,0,0,0,0,0,101052.6316,101052.6316,0,0,0,0,50526.31579,0,0,0,0,0,0,0,0,0,0,0,0,0,50526.31579,0,0,0,0,0,0,0,0,101052.6316,0,0,0,303157.8947,252631.5789,0,101052.6316,0,0,0,0,0,0,0,0,0,0,0,0,0,0,151578.9474,0,151578.9474,0,0,0,0,0,0,0,0,0,0,0,555789.4737,0,50526.31579,0,0,0,50526.31579,50526.31579,0,50526.31579,0,50526.31579,0,0,151578.9474,0,50526.31579
NWL01,707368.4211,0,0,0,0,0,707368.4211,0,0,0,0,50526.31579,0,0,3941052.632,303157.8947,0,0,0,0,0,0,50526.31579,707368.4211,0,0,0,0,0,101052.6316,1515789.474,0,0,0,0,0,0,0,0,151578.9474,0,0,0,0,0,0,0,0,0,0,0,50526.31579,0,101052.6316,0,0,0,0,0,0,0,0,0,0,0,50526.31579,0,0,0,303157.8947,0,0,202105.2632,0,0,0,0,1010526.316,0,0,0,151578.9474,0,0,0,0,0,101052.6316,0,0,50526.31579,0,0,0,0,0,0,0,0,0,0,0,0,0,0,0,0,0,0,0,50526.31579,0,0,0,0,0,0,0,0,50526.31579,0,50526.31579,0,0,101052.6316,0,151578.9474
NWL02,202105.2632,0,0,0,0,0,353684.2105,0,0,0,0,202105.2632,0,0,2122105.263,0,0,0,0,0,0,0,151578.9474,202105.2632,0,0,0,0,0,50526.31579,1566315.789,0,0,0,0,50526.31579,0,0,0,101052.6316,50526.31579,0,0,0,0,0,0,50526.31579,0,0,0,0,50526.31579,0,0,0,0,0,0,0,0,0,0,0,0,50526.31579,50526.31579,404210.5263,0,50526.31579,0,101052.6316,0,101052.6316,0,0,0,1061052.632,0,0,0,50526.31579,0,0,0,151578.9474,0,0,0,0,0,0,0,0,0,0,50526.31579,50526.31579,0,0,0,0,151578.9474,0,0,0,0,101052.6316,0,0,252631.5789,0,0,0,0,0,0,50526.31579,0,101052.6316,0,0,0,0,0,0,0
NWL03,303157.8947,0,0,0,202105.2632,0,606315.7895,0,0,0,0,50526.31579,0,0,1465263.158,202105.2632,0,0,0,0,101052.6316,0,50526.31579,202105.2632,0,0,0,0,0,0,1364210.526,0,0,0,0,303157.8947,0,0,0,50526.31579,0,0,0,151578.9474,0,0,101052.6316,50526.31579,0,50526.31579,0,0,0,0,0,0,50526.31579,0,0,0,0,0,0,0,0,101052.6316,0,0,0,101052.6316,0,202105.2632,0,0,50526.31579,0,101052.6316,0,0,1364210.526,0,202105.2632,0,0,0,151578.9474,0,0,0,0,0,0,0,0,0,0,50526.31579,101052.6316,101052.6316,0,0,0,0,0,0,303157.8947,0,0,101052.6316,606315.7895,101052.6316,0,0,0,0,0,0,0,0,50526.31579,0,50526.31579,0,0,50526.31579,0,0
DGB01,85741.62679,0,0,0,18373.20574,0,165358.8517,0,0,0,159234.4498,6124.401914,0,18373.20574,159234.4498,0,18373.20574,0,0,0,0,0,0,0,0,0,0,0,0,0,612440.1914,6124.401914,0,12248.80383,0,0,0,0,0,0,0,6124.401914,0,0,0,6124.401914,12248.80383,0,0,0,6124.401914,0,55119.61722,0,0,0,0,0,0,0,0,0,0,18373.20574,0,0,0,0,0,0,0,0,0,0,0,0,0,24497.60766,0,0,0,36746.41148,0,24497.60766,12248.80383,0,0,55119.61722,0,24497.60766,6124.401914,0,30622.00957,0,6124.401914,0,0,0,0,0,12248.80383,0,0,0,0,0,0,0,0,12248.80383,0,0,12248.80383,0,0,0,0,0,0,0,0,0,0,0,0,0,0
DGB02,34845.73503,0,0,0,48784.02904,0,97568.05808,0,0,0,466932.8494,0,0,62722.32305,341488.2033,0,62722.32305,0,0,0,0,0,13938.29401,0,0,0,0,13938.29401,0,0,599346.6425,6969.147005,0,13938.29401,0,6969.147005,6969.147005,0,0,0,0,6969.147005,0,0,0,0,34845.73503,0,0,0,13938.29401,0,0,0,0,13938.29401,48784.02904,0,0,0,0,0,0,76660.61706,0,0,0,0,0,0,0,0,0,0,0,0,0,48784.02904,0,0,0,20907.44102,0,27876.58802,0,0,0,69691.47005,0,27876.58802,0,0,48784.02904,0,0,0,6969.147005,0,0,0,0,0,0,0,0,0,0,0,0,6969.147005,0,0,0,0,0,0,0,0,0,20907.44102,0,6969.147005,0,0,69691.47005,0,6969.147005
DGB03,31578.94737,0,0,0,12631.57895,0,63157.89474,0,0,0,941052.6316,0,0,6315.789474,530526.3158,0,44210.52632,0,0,0,0,0,31578.94737,0,0,0,0,0,0,0,423157.8947,0,0,6315.789474,12631.57895,0,0,0,0,0,0,6315.789474,0,12631.57895,0,0,0,0,0,0,0,0,12631.57895,0,0,6315.789474,18947.36842,0,0,0,0,0,0,44210.52632,0,0,0,0,0,0,0,0,0,0,0,0,0,37894.73684,0,0,0,0,0,18947.36842,6315.789474,0,0,25263.15789,0,0,12631.57895,0,37894.73684,0,0,0,6315.789474,0,0,0,0,0,0,0,0,0,0,12631.57895,0,12631.57895,0,0,18947.36842,0,0,0,0,0,0,12631.57895,0,0,0,0,18947.36842,0,6315.789474
NLL01,138947.3684,0,0,0,0,0,442105.2632,0,0,0,0,12631.57895,0,25263.15789,25263.15789,0,0,0,0,12631.57895,0,0,12631.57895,63157.89474,0,0,0,0,0,0,1174736.842,0,0,25263.15789,0,0,12631.57895,0,0,0,0,138947.3684,0,25263.15789,0,0,0,0,0,25263.15789,12631.57895,0,12631.57895,12631.57895,0,0,0,0,0,25263.15789,0,0,0,202105.2632,0,0,0,0,0,0,0,0,0,0,0,0,0,0,0,0,0,0,0,75789.47368,12631.57895,37894.73684,0,315789.4737,0,12631.57895,0,0,50526.31579,252631.5789,391578.9474,0,88421.05263,0,0,0,0,0,0,0,0,0,0,0,0,0,25263.15789,0,12631.57895,88421.05263,0,0,0,0,0,25263.15789,0,0,0,0,0,0,0
NLL02,188631.5789,0,0,0,40421.05263,0,309894.7368,0,0,0,0,0,0,0,80842.10526,0,0,0,0,0,0,0,13473.68421,0,0,26947.36842,0,0,0,0,1994105.263,0,0,13473.68421,40421.05263,0,13473.68421,0,0,0,0,40421.05263,0,0,0,0,0,0,26947.36842,0,0,0,0,0,0,0,0,0,0,40421.05263,0,0,0,0,0,0,0,0,0,0,0,0,0,0,0,0,0,0,0,0,0,0,0,67368.42105,26947.36842,67368.42105,148210.5263,161684.2105,0,13473.68421,13473.68421,0,26947.36842,53894.73684,26947.36842,0,26947.36842,0,0,0,0,0,0,0,0,0,0,0,0,13473.68421,0,0,0,0,0,0,0,0,0,53894.73684,0,13473.68421,0,0,53894.73684,0,0
NLL03,127645.4294,0,0,0,0,0,117008.3102,0,0,0,0,0,0,21274.23823,21274.23823,0,0,0,0,21274.23823,0,0,10637.11911,138282.5485,0,0,0,0,0,0,1031800.554,10637.11911,0,85096.95291,10637.11911,10637.11911,0,0,0,0,0,31911.35734,0,0,0,0,0,0,10637.11911,0,0,0,0,21274.23823,0,0,0,0,0,21274.23823,0,0,0,0,0,0,0,0,0,0,0,0,0,0,0,0,0,0,0,0,0,0,0,85096.95291,42548.47645,74459.8338,414847.6454,223379.5014,0,0,0,0,148919.6676,234016.6205,148919.6676,0,53185.59557,0,0,10637.11911,0,0,0,0,0,0,0,0,0,0,0,0,0,0,0,0,0,0,0,21274.23823,0,21274.23823,0,0,10637.11911,0,0
WN01,36746.41148,0,0,18373.20574,0,0,61244.01914,0,6124.401914,0,0,12248.80383,6124.401914,0,30622.00957,79617.22488,0,0,0,0,0,0,30622.00957,0,0,36746.41148,0,0,6124.401914,12248.80383,1022775.12,0,0,12248.80383,0,6124.401914,0,0,18373.20574,0,0,18373.20574,0,0,0,6124.401914,0,0,0,0,0,12248.80383,24497.60766,18373.20574,195980.8612,0,36746.41148,0,6124.401914,30622.00957,0,0,0,0,0,0,0,0,0,0,0,0,0,6124.401914,6124.401914,0,0,36746.41148,0,6124.401914,0,18373.20574,0,6124.401914,6124.401914,0,0,18373.20574,0,0,0,0,0,0,30622.00957,12248.80383,0,12248.80383,0,0,0,0,12248.80383,6124.401914,0,0,67368.42105,0,6124.401914,0,12248.80383,0,0,0,0,0,24497.60766,104114.8325,0,79617.22488,0,0,0,18373.20574,79617.22488,0,12248.80383
WN02,58947.36842,0,0,8421.052632,0,0,117894.7368,8421.052632,0,0,0,0,0,33684.21053,101052.6316,42105.26316,16842.10526,0,0,25263.15789,25263.15789,50526.31579,50526.31579,8421.052632,0,8421.052632,0,0,42105.26316,0,1212631.579,0,0,8421.052632,16842.10526,0,8421.052632,0,16842.10526,0,0,8421.052632,0,0,0,0,0,0,0,0,0,0,16842.10526,16842.10526,311578.9474,0,0,0,0,50526.31579,33684.21053,0,0,0,0,0,0,0,0,0,0,0,0,0,16842.10526,0,0,50526.31579,0,8421.052632,0,25263.15789,0,42105.26316,16842.10526,0,16842.10526,50526.31579,0,0,0,0,0,0,0,0,0,16842.10526,0,0,0,0,0,8421.052632,0,0,0,16842.10526,16842.10526,0,25263.15789,0,0,0,0,0,0,84210.52632,16842.10526,50526.31579,0,8421.052632,0,0,8421.052632,0,0
WN03,42548.47645,0,0,0,0,0,117008.3102,0,0,0,0,0,0,42548.47645,0,21274.23823,0,0,0,95734.07202,0,0,31911.35734,0,0,74459.8338,0,0,0,21274.23823,1404099.723,0,0,0,21274.23823,0,0,0,0,21274.23823,0,0,0,0,0,53185.59557,10637.11911,21274.23823,0,0,0,0,0,21274.23823,0,0,85096.95291,0,0,0,0,0,0,0,0,0,0,0,0,0,0,10637.11911,0,0,21274.23823,0,21274.23823,53185.59557,0,74459.8338,21274.23823,10637.11911,10637.11911,95734.07202,0,0,0,21274.23823,0,0,0,0,0,0,0,0,0,10637.11911,0,0,0,0,10637.11911,10637.11911,0,0,0,0,21274.23823,21274.23823,0,0,0,0,0,0,0,53185.59557,42548.47645,138282.5485,0,10637.11911,0,31911.35734,117008.3102,0,63822.71468
BT01,50526.31579,0,0,0,25263.15789,0,25263.15789,0,0,0,0,0,0,0,0,429473.6842,0,0,0,0,0,25263.15789,202105.2632,227368.4211,0,0,0,0,0,0,1288421.053,25263.15789,0,50526.31579,0,0,0,0,0,0,0,0,0,0,0,25263.15789,75789.47368,0,0,252631.5789,0,0,0,0,555789.4737,25263.15789,0,0,0,25263.15789,101052.6316,0,0,0,0,0,0,0,0,25263.15789,0,0,0,0,0,0,25263.15789,530526.3158,0,0,0,50526.31579,25263.15789,0,0,75789.47368,0,0,0,25263.15789,0,25263.15789,0,0,0,0,50526.31579,0,126315.7895,0,0,0,0,75789.47368,0,75789.47368,0,0,0,75789.47368,0,0,0,0,0,0,631578.9474,0,25263.15789,0,0,0,0,0,0,0,25263.15789
BT02,134736.8421,0,0,0,168421.0526,0,0,0,0,0,0,0,0,0,336842.1053,572631.5789,0,0,0,0,0,0,269473.6842,101052.6316,0,0,0,0,0,0,1347368.421,67368.42105,0,0,0,0,33684.21053,0,0,0,0,0,0,0,0,0,336842.1053,168421.0526,0,538947.3684,0,33684.21053,0,0,303157.8947,0,0,0,0,0,0,67368.42105,0,0,0,67368.42105,0,0,0,0,0,0,0,0,0,0,0,437894.7368,0,67368.42105,0,67368.42105,33684.21053,33684.21053,0,0,33684.21053,101052.6316,0,0,0,0,0,0,0,0,101052.6316,101052.6316,33684.21053,0,0,0,0,0,0,0,0,33684.21053,0,0,0,0,0,0,67368.42105,0,437894.7368,0,0,0,0,0,33684.21053,33684.21053,303157.8947,0,33684.21053
BT03,0,0,0,25263.15789,25263.15789,0,0,0,0,0,0,0,0,25263.15789,75789.47368,378947.3684,0,0,0,25263.15789,0,0,581052.6316,101052.6316,0,0,0,0,0,0,960000,0,0,0,0,0,0,0,0,0,0,0,0,0,0,0,0,50526.31579,0,404210.5263,0,0,0,0,404210.5263,0,0,0,0,0,0,25263.15789,0,0,0,50526.31579,0,0,0,25263.15789,0,0,0,0,0,0,0,353684.2105,0,0,0,101052.6316,0,25263.15789,0,50526.31579,0,0,0,0,0,0,0,0,0,0,50526.31579,101052.6316,0,0,0,0,25263.15789,25263.15789,0,0,0,25263.15789,0,0,0,0,0,0,50526.31579,0,480000,0,0,0,0,0,0,25263.15789,126315.7895,0,50526.31579
