"","K001","K002","K003","K178","K005","K215","K216","K006","K009","K010","K181","K182","K004","K011","K007","K012","K013","K183","K223","K031","K184","K188","K032","K033","K185","K186","K034","K035","K036","K187","K037","K038","K039","K023","K024","K017","K026","K027","K028","K029","K014","K019","K191","K016","K021","K018","K022","K015"
"1984/11/7",0,0,0,0,0,0,0,0,0,1241119,0,0,0,0,62434,0,0,0,0,0,0,0,0,0,0,0,0,0,0,0,0,0,0,0,0,0,0,0,0,0,0,0,0,0,0,0,0,0
"1984/12/5",0,0,0,0,0,0,0,0,0,2263175,0,0,0,38282,0,0,0,0,0,0,0,0,0,0,0,0,0,0,0,0,0,0,0,0,0,0,0,0,0,0,0,0,0,0,0,0,0,0
"1985/1/9",0,0,0,0,0,0,0,0,0,27925,0,0,0,95662,0,0,0,0,0,0,0,0,0,0,0,0,0,0,0,0,0,0,0,0,0,0,0,0,0,0,0,0,0,0,0,0,0,0
"1985/2/6",0,0,0,0,0,0,0,0,0,22669,0,0,0,44677,0,0,0,0,0,0,0,0,0,0,0,0,0,0,0,0,0,0,0,0,0,0,0,0,0,0,0,0,0,0,0,0,0,0
"1985/3/6",0,0,0,0,0,0,0,0,0,0,0,0,0,19097,0,0,0,0,0,0,0,0,0,0,0,0,0,0,0,0,0,0,0,0,0,0,0,0,0,0,0,0,0,0,0,0,0,0
"1985/5/8",0,0,0,0,0,0,0,0,0,56836,0,0,0,561181,0,0,0,0,0,0,0,0,0,0,0,0,0,0,0,0,837192,0,0,0,0,0,0,0,0,0,0,0,0,0,0,0,0,0
"1985/6/12",0,0,0,0,0,0,0,0,0,0,0,0,0,0,0,0,0,0,0,0,0,0,0,0,0,0,0,0,0,0,0,0,0,0,0,0,0,0,0,0,0,0,0,0,0,0,0,0
"1985/7/10",0,0,0,0,0,0,0,0,0,33181,0,0,0,0,6243,0,0,0,0,0,0,0,0,0,0,0,0,0,0,0,0,0,0,0,0,0,0,0,0,0,0,0,0,0,0,0,0,0
"1985/8/7",0,0,0,0,0,0,0,0,0,166893,0,0,0,12790,156086,0,0,0,0,0,0,0,0,0,0,0,0,0,0,0,0,0,0,0,0,0,0,0,0,0,0,0,0,0,0,0,0,0
"1985/9/10",0,0,0,0,0,0,0,0,0,591353,0,0,0,6395,0,0,0,0,0,0,0,0,0,0,0,0,0,0,0,0,8050,0,0,0,0,0,0,0,0,0,0,0,0,0,212975,0,0,0
"1985/10/2",0,0,0,0,0,0,0,0,269158,788471,0,0,0,6395,0,0,0,0,0,0,0,0,0,0,0,0,219552,0,0,0,0,0,0,0,0,0,425979,0,0,0,0,0,0,0,0,0,0,0
"1985/11/6",0,0,0,0,0,0,0,0,89716,1533116,0,0,0,0,0,0,0,0,0,0,0,0,0,0,0,0,439104,0,0,0,0,0,0,0,0,0,219552,0,0,0,0,0,0,0,0,0,0,0
"1985/12/12",0,0,0,0,0,0,0,0,0,39424,0,0,0,0,124869,0,0,0,0,0,0,0,0,0,0,0,658656,0,0,0,0,0,0,0,0,0,439104,0,0,0,0,0,0,0,0,0,0,0
"1986/1/8",0,0,0,0,0,0,0,0,0,6571,0,0,0,0,0,0,0,0,0,0,0,0,0,0,0,0,0,0,0,0,0,0,0,0,0,0,0,0,0,0,0,0,0,0,0,0,0,0
"1986/2/5",0,0,0,0,0,0,0,0,0,0,0,0,0,38282,0,0,0,0,0,0,0,0,0,0,0,0,0,0,0,0,0,0,0,0,0,0,0,0,0,0,0,0,0,0,0,0,0,0
"1986/3/5",0,0,0,0,0,0,0,0,0,0,0,0,0,0,0,0,0,0,0,0,0,0,0,0,0,0,0,0,0,0,0,0,0,0,0,0,0,0,0,0,0,0,0,0,0,0,0,0
"1986/4/9",0,0,0,0,0,0,0,0,0,0,0,0,0,101969,0,0,0,0,0,0,0,0,0,0,0,0,0,0,0,0,0,0,0,0,0,0,0,0,0,0,0,0,0,0,0,0,0,0
"1986/5/7",0,0,0,0,0,0,0,0,0,0,0,0,0,0,0,0,0,0,0,0,0,0,0,0,0,0,0,0,0,0,257597,0,0,0,0,0,0,0,0,0,0,0,0,0,851900,0,0,0
"1986/6/11",0,0,0,0,0,0,0,0,0,0,0,0,0,0,337145,0,0,0,0,0,0,0,0,0,0,0,0,0,0,0,0,0,0,0,0,0,0,0,0,0,0,0,0,0,283967,0,0,0
"1986/7/9",0,0,0,0,0,0,0,0,0,0,0,0,0,0,47761,0,0,0,0,0,0,0,0,0,0,0,0,0,0,0,0,0,0,0,0,0,0,0,0,0,0,0,0,165966,0,0,0,0
"1986/8/6",0,0,0,0,0,0,0,0,0,4891412,0,0,0,0,0,0,0,0,0,0,0,0,0,0,0,0,0,0,0,0,0,0,0,0,0,0,0,0,0,0,0,0,0,0,0,0,0,0
"1986/9/10",0,0,0,0,0,0,0,0,0,4380352,0,0,0,0,0,0,0,0,0,0,0,0,0,0,0,0,0,0,0,0,0,0,0,0,0,0,0,0,0,0,0,0,0,0,0,0,0,0
"1986/10/9",0,0,0,0,0,0,0,0,0,4964412,0,0,0,0,0,0,0,0,0,0,0,0,0,0,0,0,43880,0,0,0,0,0,0,0,0,0,0,0,0,0,0,0,0,0,0,0,0,0
"1986/11/12",0,0,0,0,0,0,0,0,0,215253,0,0,0,0,0,0,0,0,0,0,0,0,0,0,0,0,0,0,0,0,0,0,0,0,0,0,0,0,0,0,0,0,0,0,0,0,0,0
"1986/12/10",0,0,0,0,0,0,0,0,0,0,0,0,0,0,0,0,0,0,0,0,0,0,0,0,0,0,0,0,0,0,0,0,0,0,0,0,0,0,0,0,0,0,0,0,0,0,0,0
"1987/1/7",0,0,0,0,0,0,0,0,0,0,0,0,0,0,0,0,0,0,0,0,0,0,0,0,0,0,0,0,0,0,0,0,0,0,0,0,0,0,0,0,0,0,0,0,0,0,0,0
"1987/3/4",0,0,0,0,0,0,0,0,0,0,0,0,0,0,0,0,0,0,0,0,0,0,0,0,0,0,0,0,0,0,0,0,0,0,0,0,0,0,0,0,0,0,0,0,0,0,0,0
"1987/4/15",0,0,0,0,0,0,0,0,0,0,0,0,0,484617,0,0,0,0,0,0,0,0,0,0,0,0,0,0,0,0,64399,0,0,0,0,0,0,0,0,0,0,0,0,0,0,0,0,0
"1987/5/13",0,0,0,0,0,0,0,0,0,0,0,0,0,76477,0,0,0,0,0,0,0,0,0,0,0,0,0,0,0,0,0,0,0,0,0,0,0,0,0,0,0,0,0,0,0,0,0,0
"1987/6/10",0,0,0,0,0,0,0,0,0,0,0,0,0,229518,224764,0,0,0,0,0,0,0,0,0,0,0,0,0,0,0,0,0,0,0,0,0,0,0,0,0,0,0,0,0,0,0,0,0
"1987/7/8",0,0,0,0,0,0,0,0,0,0,0,0,0,50985,0,0,0,0,0,0,0,0,0,0,0,0,0,0,0,0,0,0,0,0,0,0,0,0,0,0,0,0,0,0,0,0,0,0
"1987/8/5",0,0,0,0,0,0,0,0,0,53682,0,0,0,0,393336,0,0,0,0,0,0,0,0,0,0,0,0,0,0,0,0,0,0,0,0,0,0,0,0,0,0,0,0,0,0,0,0,0
"1987/9/9",0,0,0,0,0,0,0,0,0,131543,0,0,0,0,280955,0,0,0,0,0,0,0,0,0,0,0,329328,0,0,0,80499,0,0,0,0,0,1317313,0,0,0,0,0,0,494308,425950,0,0,0
"1987/10/14",0,0,0,0,0,0,0,0,0,370713,0,0,0,0,0,0,0,0,0,0,0,0,0,0,0,0,42154003,0,0,0,386396,0,0,0,0,0,3951938,0,0,0,3832392,0,0,564923,3832392,0,0,0
"1987/11/11",0,0,0,0,0,0,0,0,0,406588,0,0,0,38195,0,0,0,0,0,0,0,0,0,0,0,0,53351160,0,0,0,0,0,0,0,0,0,0,0,0,0,383239,0,0,0,383239,0,0,0
"1987/12/9",0,0,0,0,0,0,0,0,0,41855,0,0,0,25492,0,0,0,0,0,0,0,0,0,0,0,0,29639533,0,0,0,0,0,0,0,0,0,0,0,0,0,0,0,0,0,0,0,0,0
"1988/1/13",0,0,0,0,0,0,0,0,0,0,0,0,0,101969,0,0,0,0,0,0,0,0,0,0,0,0,12624246,0,0,0,0,0,0,0,0,0,0,0,0,0,0,0,0,0,0,0,0,0
"1988/2/10",0,0,2714,0,0,0,0,0,0,0,0,0,0,63424,0,0,0,0,0,0,0,0,0,0,0,0,873383,0,0,0,0,0,0,0,0,0,0,0,0,0,0,0,0,0,0,0,0,0
"1988/3/9",0,0,0,0,0,0,0,0,0,0,0,0,0,306083,0,0,0,0,0,0,0,0,0,0,0,0,0,0,0,0,0,0,0,0,0,0,0,0,0,0,0,0,0,0,0,0,0,0
"1988/6/8",0,0,0,0,0,0,0,0,42056,98559,0,0,0,0,43704,0,0,0,0,0,0,0,0,0,0,0,0,0,0,0,51528,0,0,0,0,0,0,0,0,0,95810,0,0,141231,95810,0,0,0
"1988/7/13",0,0,0,0,0,0,0,0,0,13141,0,0,0,0,0,0,0,0,0,0,0,0,0,0,0,0,0,0,0,0,128799,0,0,0,0,0,219552,0,0,0,2874294,0,0,282462,2874294,0,0,0
"1988/8/10",0,0,0,0,0,0,0,0,21028,788471,0,0,0,0,0,0,0,0,0,0,0,0,0,0,0,0,2909065,0,0,0,985319,0,0,0,0,0,13886670,0,0,0,0,0,0,882693,0,0,0,0
"1988/9/14",0,0,0,0,0,0,0,0,0,52565,0,0,0,0,0,0,0,0,0,0,0,0,0,0,0,0,29639533,0,0,0,160998,0,0,0,0,0,1975969,0,0,0,0,0,0,0,0,0,0,0
"1988/10/12",0,0,0,0,0,0,0,0,21028,3139298,0,0,0,0,0,0,0,0,0,0,0,0,0,0,0,0,24150731,0,0,0,80499,0,0,0,0,0,0,0,0,0,0,0,0,0,0,0,0,0
"1988/11/9",0,0,0,0,0,0,0,0,0,525647,0,0,0,0,0,0,0,0,0,0,0,0,0,0,0,0,6915891,0,0,0,32200,0,0,0,0,0,219552,0,0,0,191620,0,0,0,191620,0,0,0
"1988/12/7",0,0,0,0,0,0,0,0,0,13141,0,0,0,0,0,0,0,0,0,0,0,0,0,0,0,0,1536865,0,0,0,0,0,0,0,0,0,0,0,0,0,0,0,0,0,0,0,0,0
"1989/1/11",0,0,0,0,0,0,0,0,0,0,0,0,0,0,0,0,0,0,0,0,0,0,0,0,0,0,0,0,0,0,0,0,0,0,0,0,0,0,0,0,0,0,0,0,0,0,0,0
"1989/2/8",0,0,0,0,0,0,0,0,0,0,0,0,0,0,0,0,0,0,0,0,0,0,0,0,0,0,0,0,0,0,0,0,0,0,0,0,0,0,0,0,0,0,0,0,0,0,0,0
"1989/4/12",0,0,0,0,0,0,0,0,0,0,0,0,0,19097,0,0,0,0,0,0,0,0,0,0,0,0,0,0,0,0,48300,0,0,0,0,0,0,0,0,0,0,0,0,0,0,0,0,0
"1989/5/10",0,0,0,0,0,0,0,0,0,0,0,0,0,274196,0,0,0,0,0,0,0,0,0,0,0,0,0,0,0,0,1030390,0,0,0,0,0,219552,0,0,0,0,0,0,0,141983,0,0,0
"1989/6/14",0,0,0,0,0,0,0,0,0,0,0,0,0,63775,218520,0,0,0,0,0,0,0,0,0,0,0,0,0,0,0,321997,0,0,0,0,0,219552,0,0,0,287429,0,0,282462,287429,0,0,0
"1989/7/12",0,0,0,0,0,0,0,0,0,52565,0,0,0,63775,43704,0,0,0,0,0,0,0,0,0,0,0,0,0,0,0,32200,0,0,0,0,0,3512834,0,0,0,3497058,0,0,741462,3497058,0,0,0
"1989/8/9",0,0,0,0,0,0,0,0,0,5256474,0,0,0,25492,0,0,0,0,0,0,0,0,0,0,0,0,0,0,0,0,466895,0,0,0,0,0,13392678,0,0,0,958098,0,0,0,1561528,0,0,0
"1989/9/6",0,0,0,0,0,0,0,0,0,5847828,0,0,0,0,0,0,0,0,0,0,0,0,0,0,0,0,0,0,0,0,2865772,0,0,0,0,0,1536865,0,0,0,0,0,0,0,0,0,0,0
"1989/10/11",0,0,0,0,0,0,0,0,44858,583994,0,0,0,0,309050,0,0,0,0,0,0,0,0,0,0,0,0,0,0,0,1440936,0,0,0,0,0,5488802,0,0,0,0,0,0,0,0,0,0,0
"1989/12/13",0,0,0,0,0,0,0,0,0,0,0,0,0,19097,0,0,0,0,0,0,0,0,0,0,0,0,0,0,0,0,305897,0,0,0,0,0,21296554,0,0,0,0,0,0,0,0,0,0,0
"1990/1/10",0,0,0,0,0,0,0,0,0,0,0,0,0,3154,0,0,0,0,0,0,0,0,0,0,0,0,0,0,0,0,0,0,0,0,0,0,0,0,0,0,0,0,0,0,0,0,0,0
"1990/2/7",0,0,0,0,0,0,0,0,0,0,0,0,0,0,0,0,0,0,0,0,0,0,0,0,0,0,0,0,0,0,0,0,0,0,0,0,0,0,0,0,0,0,0,0,0,0,0,0
"1990/3/14",0,0,0,0,0,0,0,0,0,0,0,0,0,0,0,0,0,0,0,0,0,0,0,0,0,0,0,0,0,0,0,0,0,0,0,0,109776,0,0,0,0,0,0,0,0,0,0,0
"1990/4/11",0,0,0,0,0,0,0,0,0,0,0,0,0,95662,0,0,0,0,0,0,0,0,0,0,0,0,219552,0,0,0,112699,0,0,0,0,0,0,0,0,0,0,0,0,0,0,0,0,0
"1990/5/9",0,0,0,0,0,0,0,0,0,0,0,0,0,0,0,0,0,0,0,0,0,0,0,0,0,0,0,0,0,0,2060780,0,0,0,0,0,0,0,0,0,0,0,0,0,567934,0,0,0
"1990/6/13",0,0,0,0,0,0,0,0,0,0,0,0,0,19097,224764,0,0,0,0,0,0,0,0,0,0,0,4391042,0,0,0,80499,0,0,0,0,0,0,0,0,0,0,0,0,0,283967,0,0,0
"1990/7/11",0,0,0,0,0,0,0,0,70094,0,0,0,0,0,168573,0,0,0,0,0,0,0,0,0,0,0,1975969,0,0,0,202862,0,0,0,0,0,0,0,0,0,383239,0,0,0,383239,0,0,0
"1990/8/8",0,0,0,0,0,0,0,0,0,0,0,0,0,0,56191,0,0,0,0,0,0,0,0,0,0,0,19979241,0,0,0,753464,0,0,0,0,0,9986,0,0,0,0,0,0,0,0,0,0,0
"1990/9/12",0,0,0,0,0,0,0,0,0,0,0,0,0,0,2360018,0,0,0,0,0,0,0,0,0,0,0,7574547,0,0,0,647222,0,0,0,0,0,0,0,0,0,0,0,0,0,0,0,0,0
"1990/11/7",0,0,0,0,0,0,0,0,0,0,0,0,0,0,0,0,0,0,0,0,0,0,0,0,0,0,13502454,0,0,0,482995,0,0,0,0,0,0,0,0,0,0,0,0,0,0,0,0,0
"1990/12/12",0,0,0,0,0,0,0,0,0,0,0,0,0,0,674291,0,0,0,0,0,0,0,0,0,0,0,7684323,0,0,0,1397457,0,0,0,0,0,0,0,0,0,0,0,0,0,0,0,0,0
"1991/1/9",0,0,0,0,0,0,0,0,0,0,0,0,0,0,0,0,0,0,0,0,0,0,0,0,0,0,823320,0,0,0,539345,0,0,0,0,0,0,0,0,0,0,0,0,0,0,0,0,0
"1991/2/6",0,0,0,0,0,0,0,0,0,0,0,0,0,0,0,0,0,0,0,0,0,0,0,0,0,0,0,0,0,0,1101225,0,0,0,0,0,0,0,0,0,0,0,0,0,0,0,0,0
"1991/3/13",0,0,0,0,0,0,0,0,0,0,0,0,0,0,0,0,0,0,0,0,0,0,0,0,0,0,0,0,0,0,4076489,0,0,0,0,0,0,0,0,0,0,0,0,0,0,0,0,0
"1991/4/10",0,0,0,0,0,0,0,0,0,0,0,0,0,0,0,0,0,0,0,0,0,0,0,0,0,0,0,0,0,0,193198,0,0,0,0,0,0,0,0,0,0,0,0,0,0,0,0,0
"1991/5/8",0,0,0,0,0,0,0,0,0,0,0,0,0,0,0,0,0,0,0,0,0,0,0,0,0,0,329328,0,0,0,0,0,0,0,0,0,2990,0,0,0,0,0,0,0,0,0,0,0
"1991/6/12",0,0,0,0,0,0,0,0,0,0,0,0,0,0,1123818,0,0,0,0,0,0,0,0,0,0,0,878208,0,0,0,57964,0,0,0,0,0,49932,0,0,0,0,0,0,0,0,0,0,0
"1991/7/10",0,0,0,0,0,0,0,0,0,956678,0,0,0,0,505718,0,0,0,0,0,0,0,0,0,0,0,5049698,0,0,0,144899,0,0,0,0,0,59918,0,0,0,5940208,0,0,706154,5940208,0,0,0
"1991/8/7",0,0,0,0,0,0,0,0,0,143502,0,0,0,0,168573,0,0,0,0,0,0,0,0,0,0,0,12075365,0,0,0,1062590,0,0,0,0,0,0,0,0,0,1149718,0,0,0,1149718,0,0,0
"1991/9/11",0,0,0,0,0,0,0,0,0,0,0,0,0,0,56191,0,0,0,0,0,0,0,0,0,0,0,1350185,0,0,0,241498,0,0,0,0,0,19973,0,0,0,0,0,0,0,0,0,0,0
"1991/10/9",0,0,0,0,0,0,0,0,0,0,0,0,0,0,0,0,0,0,0,0,0,0,0,0,0,0,15972415,0,0,0,48300,0,0,0,0,0,0,0,0,0,0,0,0,0,0,0,0,0
"1991/11/13",0,0,0,0,0,0,0,0,0,0,0,0,0,12790,0,0,0,0,0,0,0,0,0,0,0,0,3842162,0,0,0,1614,0,0,0,0,0,0,0,0,0,0,0,0,0,0,0,0,0
"1991/12/11",0,0,0,0,0,0,0,0,0,0,0,0,0,0,0,0,0,0,0,0,0,0,0,0,0,0,439104,0,0,0,0,0,0,0,0,0,0,0,0,0,0,0,0,0,0,0,0,0
"1992/1/8",0,0,0,0,0,0,0,0,0,0,0,0,0,0,0,0,0,0,0,0,0,0,0,0,0,0,219552,0,0,0,0,0,0,0,0,0,0,0,0,0,0,0,0,0,0,0,0,0
"1992/2/5",0,0,0,0,0,0,0,0,0,0,0,0,0,0,0,0,0,0,0,0,0,0,0,0,0,0,0,0,0,0,0,0,0,0,0,0,0,0,0,0,0,0,0,0,0,0,0,0
"1992/3/11",0,0,0,0,0,0,0,0,0,0,0,0,0,0,0,0,0,0,0,0,0,0,0,0,0,0,0,0,0,0,0,0,0,0,0,0,0,0,0,0,0,0,0,0,0,0,0,0
"1992/4/8",0,0,0,0,0,0,0,0,0,0,0,0,0,0,0,0,0,0,0,0,0,0,0,0,0,0,0,0,0,0,19329,0,0,0,0,0,0,0,0,0,0,0,0,0,0,0,0,0
"1992/5/6",0,0,0,0,0,0,0,0,0,0,0,0,0,0,0,0,0,0,0,0,0,0,0,0,0,0,439104,0,0,0,289797,0,0,0,0,0,47929,0,0,0,459834,0,0,0,459834,0,0,0
"1992/6/10",0,0,0,0,0,0,0,0,0,0,0,0,0,0,224764,0,0,0,0,0,0,0,0,0,0,0,493992,0,0,0,378346,0,0,0,0,0,0,0,0,0,0,0,0,0,0,0,0,0
"1992/7/8",0,0,0,0,0,0,0,0,0,0,0,0,0,0,674291,0,0,0,0,0,0,0,0,0,0,0,3622610,0,0,0,19329,0,0,0,0,0,0,0,0,0,0,0,0,706154,0,0,0,0
"1992/8/5",0,0,0,0,0,0,0,0,0,956678,0,0,0,0,0,0,0,0,0,0,0,0,0,0,0,0,11460589,0,0,0,908027,0,0,0,0,0,0,0,0,0,0,0,0,141231,70992,0,0,0
"1992/9/9",0,0,0,0,0,0,0,0,0,0,0,0,0,0,0,0,0,0,0,0,0,0,0,0,0,0,10867829,0,0,0,289797,0,0,0,0,0,0,0,0,0,0,0,0,0,0,0,0,0
"1992/10/7",0,0,0,0,0,0,0,0,0,0,0,0,0,0,0,0,0,0,0,0,0,0,0,0,0,0,11987605,0,0,0,202862,0,0,0,0,0,0,0,0,0,574859,0,0,0,574859,0,0,0
"1992/11/11",0,0,0,0,0,0,0,0,0,0,0,0,0,0,0,0,0,0,0,0,0,0,0,0,0,0,23514090,0,0,0,19329,0,0,0,0,0,0,0,0,0,0,0,0,0,0,0,0,0
"1992/12/9",0,0,0,0,0,0,0,0,0,0,0,0,0,0,0,0,0,0,0,0,0,0,0,0,0,0,20418345,0,0,0,57964,0,0,0,0,0,0,0,0,0,0,0,0,0,0,0,0,0
"1993/1/6",0,0,0,0,0,0,0,0,0,0,0,0,0,0,0,0,0,0,0,0,0,0,0,0,0,0,1711783,0,0,0,77226,0,0,0,0,0,0,0,0,0,0,0,0,0,0,0,0,0
"1993/2/10",0,0,0,0,0,0,0,0,0,0,0,0,0,637746,0,0,0,0,0,0,0,0,0,0,0,0,132093,0,0,0,0,0,0,0,0,0,0,0,0,0,0,0,0,0,0,0,0,0
"1993/3/10",0,0,0,0,0,0,0,0,0,0,0,0,0,931126,0,0,0,0,0,0,0,0,0,0,0,0,4610594,0,0,0,357470,0,0,0,0,0,0,0,0,0,0,0,0,0,0,0,0,0
"1993/4/7",0,0,0,0,0,0,0,0,0,0,0,0,0,31887,0,0,0,0,0,0,0,0,0,0,0,0,3557468,0,0,0,2627547,0,0,0,0,0,16982,0,0,0,0,0,0,0,0,0,0,0
"1993/5/12",0,0,0,0,0,0,0,0,0,0,0,0,0,19097,0,0,0,0,0,0,0,0,0,0,0,0,3557468,0,0,0,1738783,0,0,0,0,0,0,0,0,0,0,0,0,0,0,0,0,0
"1993/6/8",0,0,0,0,0,0,0,0,0,0,0,0,0,0,28095,0,0,0,0,0,0,0,0,0,0,0,13567596,0,0,0,53076,0,0,0,0,0,0,0,0,0,0,0,0,0,0,0,0,0
"1993/7/7",0,0,0,0,0,0,0,0,0,0,0,0,0,0,0,0,0,0,0,0,0,0,0,0,0,0,3754703,0,0,0,41002,0,0,0,0,0,0,0,0,0,670669,0,0,317769,777156,0,0,0
"1993/8/11",0,0,0,0,0,0,0,0,0,239170,0,0,0,0,0,0,0,0,0,0,0,0,0,0,0,0,17519534,0,0,0,260871,0,0,0,0,0,0,0,0,0,814383,0,0,706154,814383,0,0,0
"1993/9/8",0,0,0,0,0,0,0,0,0,0,0,0,0,0,0,0,0,0,0,0,0,0,0,0,0,0,5927907,0,0,0,391173,0,0,0,0,0,0,0,0,0,191620,0,0,0,191620,0,0,0
"1993/10/6",0,0,0,0,0,0,0,0,0,0,0,0,0,35041,309,0,0,0,0,0,0,0,0,0,0,0,12053048,0,0,0,724493,0,0,0,0,0,0,0,0,0,47905,0,0,0,47905,0,0,0
"1993/11/10",0,0,0,0,0,0,0,0,0,0,0,0,0,28734,0,0,0,0,0,0,0,0,0,0,0,0,26411394,0,0,0,115972,0,0,0,0,0,0,0,0,0,0,0,0,0,0,0,0,0
"1993/12/8",0,0,0,0,0,0,0,0,0,0,0,0,0,6395,0,0,0,0,0,0,0,0,0,0,0,0,19891480,0,0,0,9664,0,0,0,0,0,6996,0,0,0,0,0,0,0,0,0,0,0
"1994/1/12",11513,0,74204,0,0,0,0,0,0,0,0,0,0,20243,0,0,0,0,0,0,0,0,0,83838,0,0,4494483,0,0,0,9422470,0,0,0,0,0,0,0,0,0,0,0,0,0,0,0,0,0
"1994/2/9",0,0,29040,0,0,0,0,0,0,0,0,0,0,0,0,0,0,0,0,0,0,0,0,71262,0,0,11190345,0,0,0,255049,0,0,0,0,0,0,0,0,0,0,0,0,0,0,0,0,0
"1994/3/9",34538,0,78510,0,0,0,0,0,0,0,0,0,0,74226,0,0,0,0,0,0,0,0,0,289242,0,0,4746724,0,0,0,332980,0,0,0,0,0,0,0,0,0,0,0,0,0,0,0,0,0
"1994/4/6",23026,0,371021,0,0,0,0,0,0,60734,0,0,1775,269911,0,0,0,0,0,0,0,0,0,8384,0,0,12795517,0,0,0,4279147,0,0,0,0,0,0,0,0,0,0,0,0,0,0,0,0,0
"1994/5/11",0,0,0,0,0,0,0,0,0,0,0,0,0,5081,198709,0,0,0,0,0,0,0,0,8384,0,0,6672931,0,0,0,354234,0,0,0,0,0,0,0,0,0,0,0,0,0,1611381,0,0,0
"1994/6/8",11513,0,0,0,0,0,0,0,0,0,0,0,0,8147,158967,0,0,0,0,0,0,0,0,54495,0,0,56547931,0,0,0,1253988,0,0,0,0,0,0,0,0,0,0,0,0,0,0,0,0,0
"1994/8/10",0,0,0,0,0,0,0,0,0,53288,0,0,1775,0,0,0,0,0,0,0,0,0,0,335353,0,0,550345,0,0,0,7285038,0,0,0,0,0,2721784,0,0,0,243252,0,0,0,243252,0,0,0
"1994/9/7",11513,0,0,0,0,0,0,0,0,0,0,0,1184,0,0,0,0,0,0,0,0,0,0,8384,0,0,1238276,65729,0,0,3036531,0,0,0,0,0,532775,0,0,0,0,0,0,0,0,0,0,0
"1994/10/12",0,0,0,0,0,0,0,0,0,0,0,0,4439,0,0,0,0,0,0,0,0,0,0,213787,0,0,183448,262916,0,0,4534196,0,0,0,0,0,0,0,0,0,0,0,0,0,0,0,0,0
"1994/11/9",149667,0,339323,0,0,0,0,0,0,45550,0,0,1480,40487,1321,0,0,0,0,0,0,0,0,1685149,0,0,2201379,32864,0,0,7573524,0,12558,0,0,0,1111878,0,0,0,0,0,0,0,344312,0,0,0
"1994/12/7",69077,0,0,0,0,0,0,0,14279,0,0,0,1184,0,127270,0,0,0,0,0,0,0,0,104798,0,0,5113621,0,0,0,1034363,0,0,0,0,0,643284,0,0,0,0,0,0,0,371857,0,0,0
"1995/1/11",138154,11513,439590,0,0,0,0,0,20766,0,0,0,296,67478,5945,0,0,0,0,0,0,0,0,276666,0,0,687931,0,0,0,701383,0,0,0,0,0,81074,0,0,0,0,0,0,0,674852,0,0,0
"1995/2/8",138154,0,1068447,0,0,0,0,0,11866,10122,0,0,1184,80973,0,0,0,0,0,0,0,0,0,1903128,0,0,1834483,0,0,0,566774,0,0,0,0,0,0,0,0,0,0,0,0,0,4655100,0,0,0
"1995/3/8",184205,0,903916,0,0,0,0,0,11866,40489,0,0,2959,337389,0,0,0,0,0,0,0,0,0,1207271,0,0,733793,65729,0,0,878500,0,0,0,0,0,0,0,0,0,0,0,0,0,8869481,0,0,0
"1995/4/12",23026,0,487182,0,0,0,0,0,17799,10122,0,0,5918,175442,2642,0,0,0,0,0,0,0,0,1324644,0,0,1146552,0,0,0,807654,0,0,0,0,0,69492,0,0,0,0,0,0,0,4517375,0,0,0
"1995/5/10",69077,23026,630735,0,0,0,0,0,5933,20245,0,0,592,26991,6606,0,0,0,0,0,0,0,0,628787,0,0,1238276,0,0,0,1147718,0,0,0,0,0,0,0,0,0,0,0,0,0,4600010,0,0,0
"1995/6/7",449000,0,1100268,0,0,0,0,0,35599,40489,0,0,1775,33739,27745,0,0,0,0,0,0,0,0,373080,0,0,1651034,0,0,0,3471494,0,0,0,0,0,0,0,0,0,0,0,0,0,0,0,0,0
"1995/7/12",218743,0,727470,0,0,0,0,0,17799,197385,0,0,1775,101217,9909,0,0,0,0,0,0,0,0,838382,0,0,7383793,0,0,0,2585818,0,0,0,0,0,0,0,0,0,182439,0,0,0,182439,0,0,0
"1995/8/9",759846,0,106900,0,0,0,0,0,189860,1783108,0,0,5326,0,1321,0,0,0,0,0,0,0,0,553332,0,0,2109655,525832,0,0,15611933,0,1732,0,0,0,764416,0,0,0,0,0,0,0,0,0,0,0
"1995/9/6",92102,11513,343629,0,0,0,0,0,23732,1252846,0,0,0,6748,0,0,0,0,0,0,0,0,0,737776,0,0,940172,361509,0,0,4970694,0,0,0,0,0,324298,0,0,0,0,0,0,0,0,0,0,0
"1995/10/4",161179,0,208367,0,0,0,0,0,0,477699,0,0,11837,20243,1321,0,0,0,0,0,0,0,0,867726,0,0,2637069,0,0,0,5232332,0,0,0,10220,0,220059,0,0,0,0,0,0,0,0,0,0,0
"1995/11/8",276307,0,278815,0,0,0,0,0,11866,60734,0,0,592,53982,1321,0,0,0,0,0,0,0,0,1496512,0,0,3233276,361509,0,0,2890279,0,2598,0,0,0,926565,0,0,0,0,0,0,0,96407,0,0,0
"1995/12/6",529589,0,356775,0,0,0,0,0,0,91101,0,0,1184,215929,4624,0,0,0,0,0,0,0,0,754544,0,0,5136552,1084528,0,0,828908,0,1732,0,0,0,683342,0,0,0,0,0,0,0,96407,0,0,0
"1996/4/3",192494,0,104680,0,0,0,0,0,2491,40785,0,0,8431,214010,0,0,0,0,0,0,0,0,733585,0,0,0,550393,0,3436591,0,660186,0,0,0,0,0,0,0,0,0,0,0,0,0,0,0,1216273,0
"1996/5/8",769977,0,22578,0,0,0,0,0,2491,48941,0,0,18395,177472,0,0,0,0,0,0,0,0,1232422,0,0,0,1880510,0,7884970,0,1320372,0,0,0,0,0,0,0,0,0,0,0,0,0,0,0,8027404,0
"1996/6/12",256659,0,28736,0,0,0,0,0,2491,130510,0,0,766,104395,0,0,0,0,0,0,0,0,276666,0,0,0,779723,0,31993441,0,358387,0,0,0,0,0,0,0,0,0,0,0,0,0,0,0,0,0
"1996/8/7",128330,19635,660919,0,0,0,0,0,0,2422600,0,0,0,0,271194,0,0,0,0,0,0,0,314393,0,0,0,4953537,0,2232912,0,1499565,0,0,0,0,0,92920,0,0,0,0,0,0,298983,0,0,508309,0
"1996/9/11",1090801,0,249384,0,0,0,0,0,2076,399688,0,0,766,0,271194,0,0,0,0,50629,0,0,804847,0,0,0,1674112,1467609,2128244,0,2640743,0,0,0,79576,0,185841,0,0,0,0,0,0,0,0,0,169436,0
"1996/10/8",192494,0,99548,0,0,0,0,0,0,73412,0,0,766,10440,0,0,0,0,0,0,0,0,373080,0,0,0,1697045,2026699,4675159,0,895966,0,0,0,56840,0,23230,0,0,0,0,0,0,0,0,0,0,0
"1996/11/6",384989,19635,119048,0,0,0,0,0,415,220236,0,0,1150,67857,0,0,0,0,0,0,0,0,331161,0,0,0,7155109,279545,2477137,0,490424,0,1732,0,0,0,0,0,0,0,0,0,0,0,0,0,0,0
"1996/12/11",513318,0,107759,0,0,0,0,0,415,65255,0,0,1150,15659,813583,0,0,0,0,25314,0,0,297626,0,0,0,1811710,174715,6018395,0,622461,0,8661,0,0,0,46460,0,0,0,0,0,0,0,0,0,0,0
"1997/1/8",256659,0,249384,0,0,0,0,39269,0,16314,0,0,0,41758,1355972,0,0,0,0,0,0,0,54495,0,0,0,5366332,34943,994344,0,1424115,0,0,0,0,0,30315,0,0,0,0,0,0,0,0,0,0,0
"1997/2/12",192494,0,115969,0,0,0,0,39269,0,16314,0,0,0,140934,1898361,0,0,0,0,0,0,0,201212,0,0,0,6237788,0,1988687,0,547011,0,0,0,0,0,75787,0,0,0,0,0,0,0,0,0,0,0
"1997/3/12",513318,0,47209,0,0,0,0,0,0,24471,0,0,0,88736,1898361,0,0,0,0,0,0,0,201212,6047,0,0,8049498,0,942010,0,1989989,0,0,0,0,0,151574,0,0,0,0,0,0,0,0,0,0,0
"1997/4/9",1732449,0,33867,0,0,0,0,0,0,171295,0,0,0,41758,542389,0,0,0,0,0,0,0,205404,30233,0,0,7705502,1048292,819897,0,2895386,0,0,0,0,0,0,0,0,0,0,0,0,0,0,0,1398714,0
"1997/5/7",320824,0,32841,0,0,0,0,19635,0,32628,0,0,0,78296,1084778,0,0,0,0,0,0,0,410807,90700,0,0,1765844,0,3105143,0,4621301,0,0,0,0,0,0,0,0,0,0,0,0,0,0,0,6507063,0
"1997/6/11",1796613,0,269909,0,0,0,0,0,0,8157,0,0,0,78296,1627166,0,0,0,0,0,0,0,414999,54420,0,0,8737489,0,2128244,0,226349,0,9094,0,0,0,0,0,0,0,0,0,0,0,0,0,1216273,0
"1997/7/9",898307,0,0,0,0,0,0,0,0,0,0,0,0,0,0,0,0,0,0,0,0,0,2133683,266052,0,0,45866,0,4099487,0,0,0,0,0,0,0,318305,0,0,0,0,0,0,0,0,0,135549,0
"1997/8/6",962471,0,271962,0,0,0,0,0,0,766749,0,0,4599,26099,5,0,0,0,0,0,0,0,406615,12093,0,0,802656,0,1500238,0,858242,0,12125,0,0,0,46460,0,0,0,0,0,0,0,0,0,169436,0
"1997/9/10",769977,0,586001,0,0,0,0,0,13702,758592,0,0,0,5220,0,0,0,0,0,0,0,0,1391715,60466,0,0,252263,0,1011788,0,622461,0,0,0,125048,0,92920,0,0,0,0,0,0,0,0,0,0,0
"1997/10/8",641648,58904,72865,0,0,0,0,0,21591,65255,0,0,0,10440,1084778,0,0,0,0,0,0,0,213787,84653,0,0,1009054,1153122,1290902,0,1348665,0,9094,0,0,0,23230,0,0,0,0,0,0,0,0,0,0,0
"1997/11/12",769977,58904,4105,0,0,0,0,0,41522,1044083,0,0,0,83516,2711944,0,0,0,0,0,0,0,381464,90700,0,0,114665,0,3541259,0,490424,0,8661,0,89796,0,96463,0,0,0,0,0,0,0,0,0,0,0
"1997/12/10",192494,39269,82102,0,0,0,0,0,3322,0,0,0,0,135714,5695082,0,0,0,0,0,0,0,213787,6047,0,0,137598,104829,1814241,0,28294,0,1732,0,0,0,65160,0,0,0,0,0,0,0,0,0,0,0
"1998/1/7",64165,196346,40025,0,0,0,0,0,19515,97883,0,0,0,114835,2711944,0,0,0,0,0,0,0,901261,24187,0,0,321063,0,1570016,0,150900,0,0,0,0,0,202564,0,0,0,0,0,0,0,0,0,0,0
"1998/2/12",64165,19635,92364,0,0,0,0,58904,0,277335,0,0,0,229670,813583,0,0,0,0,0,0,0,247323,18140,0,0,343996,0,1029233,0,84881,0,0,0,0,0,954914,0,0,0,0,0,0,0,0,0,0,0
"1998/3/12",64165,0,45156,0,0,0,0,19635,830,32628,0,0,0,156593,1355972,0,0,0,0,0,0,0,494646,0,0,0,1742911,0,471005,0,396111,0,0,0,0,0,682081,0,0,0,0,0,0,0,0,0,0,0
"1998/4/8",192494,117808,7184,0,0,0,0,58904,0,0,0,0,0,307966,271194,0,0,0,0,0,0,0,884493,0,0,0,1100786,0,157002,0,641323,0,0,0,1489211,0,0,0,0,0,0,0,0,0,0,0,0,0
"1998/5/13",0,58904,38998,0,0,0,0,19635,0,0,0,0,0,46978,813583,0,0,0,0,0,0,0,846766,0,0,0,1742911,0,3558703,0,103743,0,0,0,204624,0,0,0,0,0,0,0,0,0,0,0,0,0
"1998/6/10",128330,0,0,0,0,0,0,19635,0,24471,0,0,0,57417,2440749,0,0,0,0,0,0,0,259899,120933,0,0,10939061,0,523339,0,207487,0,10393,0,34104,0,0,0,0,0,0,0,0,0,0,0,0,0
"1998/7/8",320824,0,185755,0,0,0,0,0,0,97883,0,0,0,0,271194,0,0,0,0,0,0,0,171868,163259,0,0,6214855,0,1064122,0,282937,0,7795,0,0,0,150008,0,0,0,0,0,0,0,0,0,0,0
"1998/8/12",0,0,41051,0,0,0,0,0,0,897259,0,0,766,0,271194,0,0,0,0,0,0,0,142525,24187,0,0,16465925,0,3087698,0,2235200,0,0,0,0,0,116150,0,0,0,0,0,0,0,0,0,0,0
"1998/9/9",256659,0,35920,0,0,0,0,0,0,65255,0,0,2299,5220,0,0,0,0,0,0,0,0,201212,0,0,0,20823203,0,2494581,0,1160041,0,0,0,0,0,220686,0,0,0,0,0,0,0,0,0,0,0
"1998/10/7",32082,0,5131,0,0,0,0,0,0,16314,0,0,0,13049,271194,0,0,0,0,0,0,0,27247,0,0,0,2029574,0,444838,0,622461,0,2382,0,0,0,23230,0,0,0,0,0,0,0,0,0,0,0
"1998/11/11",0,0,30788,0,0,0,0,0,2907,0,0,0,0,93956,271194,0,0,0,0,0,0,0,25151,0,0,0,504527,0,680340,0,480993,0,5197,0,0,0,0,0,0,0,0,0,0,0,0,0,0,0
"1998/12/9",0,0,41051,0,0,0,0,7854,7474,0,0,0,0,217142,705105,0,0,0,0,0,0,0,0,0,0,0,348582,0,1262991,0,0,0,1213,0,0,0,0,0,0,0,0,0,0,0,0,0,0,0
"1999/1/13",0,0,1642,0,0,0,0,78538,166,0,0,0,0,155549,108478,0,0,0,0,0,0,0,67071,1209,0,0,628365,0,669874,0,0,0,0,0,0,0,0,0,0,0,0,0,0,0,0,0,0,0
"1999/2/9",0,0,6158,0,0,0,0,106027,0,0,0,0,0,454119,54239,0,0,0,0,0,0,0,148394,0,0,0,674231,0,791986,0,0,0,0,0,0,0,0,0,0,0,0,0,0,0,0,0,0,0
"1999/3/10",38499,0,18473,0,0,0,0,0,0,0,0,0,0,466647,0,0,0,0,0,0,0,0,145879,0,0,0,701751,0,1737485,0,0,0,0,0,0,0,216040,0,0,0,0,0,0,0,0,0,0,0
"1999/4/7",115497,0,49535,0,0,0,0,0,0,0,0,0,0,162857,650867,0,0,0,0,0,0,0,0,45273,0,0,2394210,0,701274,0,171952,0,0,0,0,0,0,0,0,0,0,0,0,0,0,0,304985,0
"1999/5/12",192494,0,5542,0,0,0,0,0,0,0,0,0,0,162857,162717,0,0,0,0,0,0,0,0,75454,0,0,2284131,125795,638473,0,138400,0,6756,0,0,0,27876,0,0,0,0,0,0,33180,0,0,508309,0
"1999/6/9",0,0,62741,0,0,0,0,0,0,0,0,0,0,75165,2278033,0,0,0,0,0,0,0,0,27667,0,0,963188,0,1329280,0,20970,0,1039,0,0,0,0,0,0,0,0,0,0,0,0,0,60997,0
"1999/7/7",1655451,0,0,0,0,0,0,0,2740,14682,0,0,0,3132,5857799,0,0,0,0,0,0,0,18140,42757,0,0,2366690,0,680340,0,252639,0,7795,0,0,0,0,0,0,0,0,0,0,0,0,0,0,0
"1999/8/11",153995,11781,14778,0,0,0,0,0,2491,185977,0,0,0,12527,813583,0,0,0,0,0,0,0,10884,186121,0,0,302716,0,1193212,0,731413,0,1039,0,0,0,0,0,0,0,0,0,0,0,0,0,0,0
"1999/9/8",577483,47123,93803,0,0,0,0,0,92179,783738,0,0,0,3132,1789883,0,0,0,0,0,0,0,7256,70424,0,0,165118,419317,795475,0,3421602,0,10653,0,0,0,139381,0,0,0,0,0,0,66361,0,0,0,0
"1999/10/13",538984,0,3695,0,0,0,0,0,0,68518,0,0,0,0,325433,0,0,0,0,0,0,0,3628,40242,0,0,55039,922497,1140878,0,672698,0,0,0,0,0,34845,0,0,0,0,0,0,0,0,0,0,0
"1999/11/10",654481,0,1847,0,0,0,0,0,1744,405033,0,0,0,25055,1627166,0,0,0,0,0,0,0,3628,15091,0,0,0,0,230269,0,146788,0,0,0,0,0,663892,0,0,0,0,0,0,0,0,0,0,0
"1999/12/8",384989,0,22783,0,0,0,0,0,1744,112565,0,0,0,34450,2440749,0,0,0,0,0,0,0,36280,0,0,0,0,0,2648094,0,67103,0,0,0,0,0,55752,0,0,0,0,0,0,0,0,0,0,0
"2000/1/12",846975,106027,31062,0,0,0,0,0,3488,0,0,0,0,53242,1139016,0,0,0,0,0,0,0,36280,0,0,0,0,0,1025744,0,67103,0,3638,0,109133,0,0,0,0,0,0,0,0,0,0,0,0,0
"2000/2/9",192494,35342,3695,0,0,0,0,0,0,0,0,0,0,84560,976300,0,0,0,0,0,0,0,94328,120727,0,0,82559,0,617540,0,146788,0,9874,0,0,0,27283,0,0,0,0,0,0,0,0,0,0,0
"2000/3/8",230993,11781,55967,0,0,0,0,0,0,0,0,0,0,404010,0,0,0,0,0,0,0,0,54420,186121,0,0,82559,0,157002,0,37746,0,2079,0,0,0,90944,0,0,0,0,0,0,0,0,0,0,0
"2000/4/12",0,0,6158,0,0,0,0,0,3322,0,0,0,0,0,271194,0,0,0,0,0,0,0,48373,314393,0,0,412795,0,0,0,0,0,0,0,0,0,30315,0,0,0,0,0,0,0,0,0,0,0
"2000/5/10",320824,0,32841,0,0,0,0,0,1246,0,0,0,0,0,271194,0,0,0,0,0,0,0,24187,180252,0,0,756790,0,0,0,0,0,0,0,0,0,0,0,0,0,0,0,0,0,0,0,0,0
"2000/6/7",0,0,0,0,0,0,0,0,0,16314,0,0,1533,0,1627166,0,0,0,0,0,0,0,114886,0,0,0,68799,0,0,0,0,0,0,0,0,0,45472,0,0,0,0,0,0,0,0,0,0,0
"2000/7/12",76998,0,7389,0,0,0,0,0,997,0,0,0,12416,12527,2928899,0,0,0,0,0,0,0,322891,0,0,0,0,0,0,0,0,0,0,0,0,0,0,0,0,0,0,0,0,0,0,0,0,0
"2000/8/9",38499,0,11084,0,0,0,0,0,997,293648,0,0,1839,0,813583,0,0,0,0,0,0,0,0,5030,0,0,0,0,0,0,118833,0,0,0,0,0,0,0,0,0,0,0,0,0,0,0,0,0
"2000/9/13",38499,0,0,0,0,0,0,0,21924,171295,0,0,0,0,488150,0,0,0,0,0,0,0,0,0,0,0,165118,0,52334,0,33952,0,0,0,0,0,0,0,0,0,0,0,0,0,0,0,0,0
"2000/10/11",692979,0,18473,0,0,0,0,0,9218,63624,0,0,0,6264,1627166,0,0,0,0,0,0,0,7256,0,0,0,82559,0,188402,0,246718,0,0,0,0,0,27876,0,0,0,0,0,0,0,0,0,0,0
"2000/11/8",692979,0,0,0,0,0,0,0,0,9788,0,0,0,0,4393349,0,0,0,0,0,0,0,0,45273,0,0,192638,0,146535,0,785562,0,0,0,0,0,0,0,0,0,0,0,0,0,0,0,0,0
"2000/12/13",230993,0,0,0,0,0,0,0,34878,9788,0,0,0,0,4067916,0,0,0,0,0,0,0,0,0,0,0,1183345,0,0,0,0,0,0,0,0,0,20907,0,0,0,0,0,0,0,0,0,0,0
"2001/1/10",192494,0,16010,0,0,0,0,0,1993,0,0,0,0,0,3579766,0,0,0,0,0,0,0,0,22636,0,0,288956,0,41867,0,0,0,0,0,0,0,18189,0,0,0,0,0,0,0,0,0,0,0
"2001/2/7",192494,35342,25862,0,0,0,0,0,0,0,0,0,0,0,1139016,0,0,0,0,0,0,0,7256,27667,0,0,82559,0,73267,0,60381,0,0,0,0,0,54566,0,0,0,0,0,0,0,0,0,0,0
"2001/3/7",76998,0,14778,0,0,0,0,0,0,0,0,0,0,0,325433,0,0,0,0,0,0,0,7256,128272,0,0,288956,0,31400,0,0,0,0,0,0,0,181888,0,0,0,0,0,0,0,0,0,0,0
"2001/4/11",1612,0,0,0,0,0,0,0,7857,0,0,0,0,0,180743,0,0,0,0,0,0,0,16453,0,0,0,0,0,638609,0,0,0,0,0,0,0,250905,0,0,0,0,0,0,0,0,0,0,0
"2001/5/9",0,0,0,0,0,0,0,0,1577,0,0,0,0,0,421734,0,0,0,0,0,0,0,32907,0,0,0,0,0,223128,0,14619,0,0,0,0,0,47045,0,62726,0,0,0,0,0,0,0,0,0
"2001/6/13",2257,0,15386,0,0,0,0,0,5299,11831,0,0,0,0,831419,0,0,0,0,0,0,0,49360,0,0,0,0,0,50781,0,17543,0,0,0,0,0,9409,0,0,0,0,0,0,0,0,0,0,0
"2001/7/11",1290,0,0,0,0,0,0,0,17452,67044,0,0,0,0,325338,0,0,0,0,0,0,0,0,0,0,0,0,0,18466,0,7797,0,654,0,0,0,0,0,0,0,0,0,0,0,0,0,0,0
"2001/8/8",3224,0,0,0,0,0,0,0,0,1151573,0,0,0,0,144595,0,0,0,0,0,0,0,19744,0,0,0,32147,0,9233,0,581845,0,0,0,0,0,13466,0,0,0,0,0,0,0,0,0,0,0
"2001/9/12",0,0,0,0,0,0,0,0,31429,13146,0,0,0,0,120496,0,0,0,0,0,0,0,32907,0,0,0,401843,0,138493,0,214415,0,0,0,0,0,0,0,0,0,0,0,0,0,0,0,0,0
"2001/11/7",322,0,2564,0,0,0,0,0,15628,18404,0,0,1936,0,132545,0,0,0,0,0,0,0,3291,0,0,0,16074,0,60014,0,191999,0,0,0,0,0,39045,0,0,0,0,0,0,0,0,0,0,0
"2001/12/12",645,322,0,0,0,0,0,0,18857,3944,0,0,0,0,939865,0,0,0,0,0,0,0,0,0,0,0,16074,0,60014,0,49705,0,0,0,0,0,40397,0,0,0,0,0,0,0,0,0,0,0
"2002/1/9",0,322,0,0,0,0,0,0,9429,23662,0,0,603,0,722973,0,0,0,0,0,0,0,9872,0,0,0,56258,0,9233,0,163735,0,0,0,0,0,0,0,0,0,0,0,0,0,0,0,0,0
"2002/2/13",1075,0,0,0,0,0,0,0,15714,26292,0,0,0,0,240991,0,0,0,0,0,0,0,0,0,0,0,0,0,184658,0,29238,0,0,0,0,0,0,0,0,0,0,0,0,0,0,0,0,0
"2002/3/13",0,0,0,0,0,0,0,0,2523,0,0,0,0,0,60248,0,0,0,0,0,0,0,0,0,0,0,294685,0,361622,0,0,0,0,0,0,0,0,0,0,0,0,0,0,0,0,0,0,0
"2002/4/10",0,0,10258,0,0,0,0,0,0,0,0,0,0,1282,0,0,0,0,0,0,0,0,0,380100,0,0,0,0,0,0,0,0,0,0,0,0,0,0,0,0,0,0,0,0,0,0,0,0
"2002/5/8",0,0,10258,0,0,0,0,0,0,0,0,0,0,6411,0,0,53988,0,0,0,0,0,0,224161,0,0,64295,0,0,0,0,0,0,0,0,0,0,0,0,0,0,0,0,0,0,0,139966,0
"2002/6/12",0,0,13848,0,0,0,0,0,0,0,0,0,0,2308,0,0,0,0,0,0,0,0,0,20467,0,0,0,0,0,0,0,0,0,0,0,0,0,0,0,0,0,0,0,0,0,0,0,0
"2002/7/10",0,0,12309,0,0,0,0,0,1009,0,0,0,0,1026,3582,0,0,0,0,0,0,0,0,0,0,0,0,0,0,0,0,0,0,0,0,0,0,0,0,0,0,0,0,0,0,0,0,0
"2002/8/7",0,0,0,0,0,0,0,0,1514,53898,0,0,0,0,0,0,53988,0,0,0,0,0,580,0,0,0,3982,0,0,0,0,0,0,0,0,0,0,0,0,0,0,0,0,7307,0,0,0,0
"2002/9/11",107,215,0,0,0,0,0,0,2019,93335,0,0,0,128,24099,0,0,0,0,0,0,0,1949,1949,0,0,24111,31886,0,0,11695,0,0,0,0,0,0,0,0,0,0,0,0,0,0,0,186622,0
"2002/10/9",322,107,0,0,0,0,0,0,3028,0,0,0,0,0,12050,0,0,0,0,0,0,0,0,0,0,0,75011,0,0,0,8772,0,0,0,0,0,0,0,0,0,0,0,0,0,0,0,0,0
"2002/11/13",322,0,6155,0,0,0,0,0,0,0,0,0,0,0,0,0,0,0,0,0,0,0,0,13645,0,0,0,0,0,0,0,0,0,0,0,0,0,0,0,0,0,0,0,0,0,0,0,0
"2002/12/11",0,0,0,0,0,0,0,0,9429,0,0,0,0,0,12050,0,0,0,0,0,0,0,0,5848,0,0,0,0,0,0,0,0,0,0,0,0,0,0,0,0,0,0,0,0,0,0,0,0
"2003/1/8",0,0,250897,0,0,0,0,0,0,0,0,0,0,1923,36149,7412,0,0,0,0,0,0,0,0,0,0,0,0,0,0,7797,0,0,0,0,0,0,0,0,0,0,0,0,47045,0,0,0,0
"2003/2/12",0,0,30773,0,0,0,0,0,0,0,0,0,0,2564,24099,0,0,0,0,0,0,0,0,68223,0,0,64295,0,0,0,0,0,0,0,0,0,0,0,0,0,0,0,0,0,0,0,0,0
"2003/3/12",0,0,71803,0,0,0,0,0,0,0,0,0,0,0,0,0,0,0,0,0,0,0,0,0,0,0,281290,0,0,0,0,0,0,0,0,0,0,0,0,0,0,0,0,0,0,0,0,0
"2003/4/10",0,0,24618,0,0,0,0,0,0,0,0,0,0,1923,72297,0,0,0,0,0,0,0,0,0,0,0,0,0,170809,0,0,0,0,0,0,0,0,0,0,0,0,0,0,0,0,0,0,0
"2003/5/7",0,0,12309,0,0,0,0,0,0,0,0,0,0,0,0,0,0,0,0,0,0,0,0,0,0,0,0,0,0,0,152040,0,0,0,0,0,0,0,0,0,0,0,0,0,0,0,0,0
"2003/6/11",322,0,13848,0,0,0,0,0,0,0,0,0,0,0,0,0,0,0,0,0,0,0,0,0,0,0,0,0,46164,0,0,0,0,0,0,47045,0,0,0,0,0,0,0,0,0,0,0,0
"2003/7/9",0,0,1026,0,0,0,0,0,694,2629,0,0,0,0,1229055,0,0,0,0,0,0,0,975,0,0,0,0,0,0,0,0,0,0,0,0,0,0,0,0,0,0,0,0,0,0,0,0,0
"2003/8/13",269,0,1090,0,0,0,0,0,3154,19719,0,0,0,64,12050,0,0,0,0,0,0,0,0,0,0,0,0,0,3078,0,0,0,0,0,0,0,0,0,0,0,0,0,0,0,0,0,0,0
"2003/9/10",0,0,0,0,0,0,0,0,2145,76246,0,0,0,0,0,0,0,0,0,0,0,0,0,0,0,0,0,0,0,0,0,0,0,0,0,0,0,0,0,0,0,0,0,0,0,0,0,0
"2003/10/8",0,0,0,0,0,0,0,0,0,118312,0,0,0,0,0,0,0,0,0,0,0,0,0,0,0,0,0,0,0,0,0,0,0,0,0,0,0,0,0,0,0,0,0,0,0,0,0,0
"2003/11/12",0,0,0,0,0,0,0,0,5362,26292,0,0,0,0,60248,0,0,0,0,0,0,0,24365,0,0,0,0,0,0,0,0,0,0,0,0,0,0,0,0,0,0,0,0,0,0,0,0,0
"2003/12/10",0,0,0,0,0,0,0,0,4163,0,0,0,0,0,0,0,0,0,0,0,0,0,0,0,0,0,0,0,0,0,5848,0,0,0,0,0,0,0,0,0,0,0,0,0,0,0,0,0
"2004/1/7",0,0,0,0,0,0,0,0,0,0,0,0,0,0,0,0,0,0,0,0,0,0,0,0,0,0,0,0,0,0,0,0,0,0,0,0,0,0,0,0,0,0,0,0,0,0,0,0
"2004/2/10",0,0,0,0,0,0,0,0,0,0,0,0,0,0,0,0,0,0,0,0,0,0,0,0,0,0,0,0,0,0,0,0,0,0,0,0,0,0,0,0,0,0,0,0,0,0,0,0
"2004/3/10",0,0,0,0,0,0,0,0,0,0,0,0,0,0,0,0,0,0,0,0,0,0,0,0,0,0,0,0,0,0,0,0,0,0,0,0,0,0,0,0,0,0,0,0,0,0,0,0
"2004/4/7",0,0,0,0,0,0,0,0,0,0,0,0,0,0,0,0,0,0,0,0,0,0,0,0,0,0,0,0,0,0,17543,0,0,0,0,0,0,0,0,0,0,0,0,0,0,0,0,0
"2004/5/12",0,0,0,0,0,0,0,0,0,0,0,0,0,0,0,0,0,0,0,0,0,0,0,0,0,0,0,0,0,0,125725,0,0,0,0,0,0,0,0,0,0,0,0,0,0,0,0,0
"2004/6/9",215,0,0,0,0,0,0,0,18230,0,0,0,0,1410,0,0,0,0,0,0,0,0,0,0,0,0,0,0,0,0,3898,0,201,0,0,0,0,0,0,0,0,0,0,0,0,0,0,0
"2004/7/7",0,0,0,0,0,0,0,0,252,0,0,0,0,0,0,0,0,0,0,0,0,0,0,0,0,0,0,0,0,0,0,0,101,0,0,0,0,0,0,0,0,0,0,0,0,0,0,0
"2004/8/11",30306,0,0,0,0,0,0,0,20186,3944,0,0,0,0,0,0,0,0,0,0,0,0,0,0,0,0,0,0,0,0,0,0,0,0,0,0,0,0,0,0,0,0,0,0,0,0,0,0
"2004/9/9",0,0,0,0,0,0,0,0,0,1008785,0,0,0,0,0,0,0,0,0,0,0,0,0,0,0,0,0,0,0,0,4873,0,0,0,0,0,67329,0,0,0,0,0,0,0,0,0,58319,0
"2004/10/14",537,0,0,0,0,0,0,0,0,457935,0,0,0,0,60248,0,0,0,0,0,0,0,0,0,0,0,0,0,0,0,66274,0,0,0,0,0,8977,0,0,0,0,0,0,0,0,0,0,0
"2004/11/10",1290,107,0,0,0,0,0,0,39993,59156,0,0,0,0,156644,0,0,0,0,0,0,0,0,0,0,0,0,0,0,0,51655,0,0,0,0,0,13466,0,0,0,0,0,0,0,0,0,0,0
"2004/12/8",0,0,0,0,0,0,0,0,14130,31550,0,0,0,0,120496,0,0,0,0,0,0,0,0,0,0,0,2679,0,0,0,99411,0,0,0,0,0,56107,0,0,0,0,0,0,0,0,0,0,0
"2005/1/12",0,645,0,0,0,0,0,0,252,1315,0,0,0,0,735023,0,0,0,0,0,0,0,0,0,0,0,0,0,0,0,322597,0,0,0,0,6273,22443,0,0,0,0,0,0,0,0,0,0,0
"2005/2/9",0,1612,0,0,0,0,0,0,14143,0,0,0,0,0,361487,0,0,0,0,9872,0,0,0,0,0,0,10716,0,420097,0,19492,0,0,0,0,0,0,0,0,0,0,0,0,0,0,0,0,0
"2005/3/9",860,430,47698,0,0,0,0,0,0,0,0,0,0,513,481982,0,0,0,0,0,0,0,0,0,0,0,0,0,240055,0,4873,0,0,0,0,0,0,0,0,0,0,0,0,0,0,0,0,0
"2005/4/13",0,0,0,0,0,0,0,0,3974,0,0,0,0,0,108446,0,0,0,0,0,0,0,0,0,0,0,0,0,0,0,137421,0,0,0,0,0,0,0,0,0,0,0,0,0,209950,0,0,0
"2005/5/11",6126,1612,0,0,0,0,0,0,0,0,0,0,0,0,72297,0,0,0,0,0,0,0,0,0,0,0,0,0,0,0,1420988,0,0,0,0,0,0,0,0,0,0,0,0,0,174958,0,0,0
"2005/6/8",13541,322,0,0,0,0,0,0,757,0,0,0,0,0,1108559,0,0,0,0,0,0,0,0,0,0,0,0,0,78480,0,20467,0,0,0,0,90953,0,0,0,0,0,0,0,0,0,0,0,0
"2005/7/13",0,0,0,0,0,0,0,0,0,0,0,0,0,0,38344,0,0,0,0,0,0,0,0,0,0,0,0,0,0,0,0,0,0,0,0,0,0,0,0,0,0,0,0,0,0,0,0,0
"2005/8/10",0,0,0,0,0,0,0,0,0,4183,0,0,0,0,0,0,0,0,0,0,0,0,0,0,0,0,0,0,0,0,0,0,0,0,0,0,0,0,0,0,0,0,0,0,0,0,0,0
"2005/9/8",0,0,0,0,0,0,0,0,803,78436,0,0,0,0,47930,0,0,0,0,0,0,0,0,0,0,0,0,0,31829,0,27913,0,160,0,0,0,0,0,0,0,0,0,0,0,0,0,0,0
"2005/10/12",0,0,0,0,0,0,0,0,602,0,0,0,0,0,0,0,0,0,0,0,0,0,0,0,0,0,0,0,0,0,8141,0,0,0,0,0,0,0,0,0,0,0,0,0,0,0,0,0
"2005/11/9",598,0,0,0,0,0,0,0,1606,0,0,0,0,0,9586,0,0,0,0,0,0,0,0,0,0,0,0,0,0,0,35666,0,0,0,0,0,10713,0,0,0,0,0,0,0,0,0,0,0
"2005/12/7",256,0,0,0,0,0,0,0,0,6275,0,0,0,0,105447,0,0,0,0,0,0,0,0,0,0,0,0,0,83246,0,125608,0,0,0,0,0,5356,0,0,0,0,0,0,0,0,0,0,0
"2006/1/11",0,0,0,0,0,0,0,0,757,0,0,0,0,2564,48198,0,0,0,0,0,0,0,0,0,0,0,0,0,58762,0,25587,0,0,0,0,0,0,0,0,0,0,0,0,58656,0,0,0,0
"2006/2/8",0,0,0,0,0,0,0,0,0,0,0,0,0,0,0,0,0,0,0,0,0,0,0,0,0,0,0,0,37951,0,10855,0,0,0,0,0,0,0,0,0,0,0,0,19552,0,0,0,0
"2006/3/8",322,0,1539,0,0,0,0,0,0,0,0,0,0,0,0,0,0,0,0,0,0,0,0,0,0,0,0,0,23260,0,12406,0,0,0,0,0,0,0,0,0,0,0,0,0,0,0,0,0
"2006/4/12",0,0,0,0,0,0,0,0,618,0,0,0,0,1570,0,0,0,0,0,0,0,0,0,0,0,0,19676,0,146133,0,0,0,0,0,0,69105,0,0,0,0,0,0,0,0,0,0,0,0
"2006/5/10",0,0,0,0,0,0,0,0,927,0,0,0,0,0,39333,0,0,0,0,0,0,0,0,0,0,0,177082,0,119302,0,0,0,0,0,0,0,0,0,0,0,0,0,0,0,0,0,182739,0
"2006/6/7",789,0,0,0,0,0,0,0,0,0,0,0,0,0,0,0,0,0,0,0,0,0,2386,0,0,0,0,0,103602,0,0,0,0,0,0,112615,0,0,0,0,0,0,0,0,0,0,0,0
"2006/7/12",614,0,0,0,0,0,0,0,4530,10728,0,0,0,0,9833,0,0,0,0,0,0,0,2386,0,0,0,0,0,1438785,0,0,0,0,0,0,0,0,0,0,0,0,0,0,0,0,0,0,0
"2006/8/9",3420,0,628,0,0,0,0,0,3706,364073,0,0,0,314,78666,0,0,0,0,0,0,0,3977,59651,0,0,72145,0,1782722,0,0,0,0,0,0,7678,25641,0,0,0,0,0,0,0,0,0,38763,0
"2006/9/13",877,0,0,0,0,0,0,0,3603,5364,0,0,0,105,9833,0,0,0,0,5371,0,0,32609,292688,0,0,0,0,666070,0,0,0,0,0,0,0,51282,0,0,0,0,0,0,0,0,0,0,0
"2006/10/11",438,0,151207,0,0,0,0,0,1282,3218,0,0,0,0,39333,0,14686,0,0,0,0,0,6363,0,0,0,0,0,0,0,0,0,0,0,0,0,47619,0,0,1831,0,0,0,0,0,0,5538,0
"2006/11/8",2105,0,0,0,0,0,0,0,37432,25747,0,0,0,314,422828,0,0,0,0,0,0,0,9544,66809,0,0,0,0,1212093,0,0,0,492,0,0,0,87912,0,0,1831,0,0,0,0,0,0,8306,0
"2006/12/13",0,526,0,0,0,0,0,0,4633,25747,0,0,0,0,471994,0,0,0,0,0,0,0,4772,0,0,0,937880,0,342329,0,0,0,0,0,0,0,0,0,0,0,0,0,0,0,0,0,49838,0
"2007/1/10",0,0,0,0,0,0,0,0,944,5311,0,0,0,0,279365,0,52476,0,0,0,0,0,3775,0,0,0,0,0,989559,0,0,0,0,0,0,47337,0,0,0,0,0,0,0,0,0,0,0,0
"2007/2/7",0,0,0,0,0,0,0,0,629,5311,0,0,0,3303,195555,3426,0,0,0,0,0,0,37753,0,0,0,0,0,1399761,0,0,0,0,0,0,157791,0,0,0,0,0,0,0,0,0,0,0,0
"2007/3/7",0,0,0,0,0,0,0,0,0,0,0,0,0,0,0,0,0,0,0,0,0,0,33978,0,0,0,0,0,1242170,0,0,0,0,0,0,0,0,0,0,0,0,0,0,0,0,0,0,0
"2007/4/11",0,0,0,0,0,0,0,0,0,0,0,0,0,0,0,0,0,0,0,0,0,0,30203,0,0,0,0,0,1391637,0,0,0,0,0,0,197239,0,0,0,0,0,0,0,0,0,0,0,0
"2007/5/9",3626,0,0,0,0,0,0,0,0,0,0,0,0,0,0,0,0,0,0,1625,0,0,143463,0,0,0,0,0,704943,0,0,0,0,0,0,520712,0,0,0,0,0,0,0,0,0,0,0,0
"2007/6/13",21757,0,0,0,0,0,0,0,0,0,0,0,0,3303,83809,0,0,0,0,0,0,0,192542,332914,0,0,0,0,1413920,0,0,0,4457,0,0,637233,0,0,94507,0,0,0,0,0,0,0,0,0
"2007/7/11",14504,0,1823,0,0,0,0,0,0,288169,0,0,0,0,27936,0,0,0,0,0,0,0,30203,188216,0,0,0,0,3635129,0,0,0,0,135180,0,1044760,299943,10560,0,0,0,0,0,302787,0,0,0,0
"2007/8/8",10878,0,0,0,0,0,0,0,0,615279,0,0,0,0,0,0,0,0,0,0,0,0,30203,106620,0,0,0,0,4603006,0,0,0,4457,135180,0,1176759,924314,21119,330776,0,0,0,0,181672,0,0,0,0
"2007/10/10",48348,0,0,0,0,0,0,0,31876,208904,0,0,0,1468,0,0,629709,0,0,0,0,0,25169,101543,0,0,0,0,6268848,0,81096,0,6933,0,0,172357,775363,0,308024,0,0,0,0,968919,0,0,0,110983
"2007/11/7",29009,0,0,0,0,0,0,0,11744,46030,0,0,0,0,0,0,69968,0,0,0,0,0,0,159567,0,0,0,0,8977741,0,21834,0,0,0,0,105194,571320,0,126010,0,0,0,0,161487,0,0,0,0
"2007/12/12",0,0,0,0,0,0,0,0,2516,90289,0,0,0,0,0,0,209903,0,0,0,0,0,0,58750,0,0,0,0,8115064,0,65501,0,0,0,0,110454,391762,0,0,0,0,0,0,0,0,0,0,0
"2008/1/9",0,0,0,0,0,0,0,0,6711,7081,0,0,0,489,0,0,0,0,0,0,0,0,30203,707896,0,0,0,0,9518621,0,21834,0,0,0,0,101957,40809,0,0,0,0,0,0,0,0,0,0,0
"2008/2/13",0,0,0,0,0,0,0,0,0,0,0,0,0,0,0,0,0,0,0,0,0,0,0,221943,0,0,0,0,10727815,0,42108,0,0,0,0,94675,0,0,0,0,0,0,0,0,0,0,0,0
"2008/3/12",0,0,0,0,0,0,0,0,0,0,0,0,0,0,0,0,472282,0,0,0,0,0,0,447150,0,0,0,0,14311402,0,0,0,0,0,0,47337,0,0,0,0,0,0,0,0,0,0,0,0
"2008/5/7",0,0,0,0,0,0,0,0,0,0,0,0,0,0,46603,0,0,0,0,0,0,0,9249,0,0,0,0,0,4261705,0,0,0,0,0,0,157255,0,0,0,0,0,0,0,0,0,0,0,0
"2008/6/11",1475,0,0,0,0,0,0,0,0,0,0,0,0,0,0,0,0,0,0,0,0,0,0,0,0,0,0,0,4975916,0,0,0,0,0,0,104836,0,0,0,0,0,32709,0,140245,0,0,0,0
"2008/7/9",17706,0,0,0,0,0,0,0,2353,40966,0,0,0,0,62138,0,0,0,0,0,0,0,10790,18706,0,0,0,0,698754,0,0,0,0,0,0,55502,0,0,0,0,0,0,0,11687,0,0,0,0
"2008/8/6",4426,0,0,0,0,0,0,0,0,2066852,0,0,0,0,0,0,0,0,0,0,0,0,41620,119126,0,0,0,0,2801423,0,0,0,0,0,0,194256,1400156,0,1347067,0,0,261676,0,0,0,0,0,0
"2008/9/10",4426,0,0,0,0,0,0,0,0,48319,0,0,0,122,0,0,0,0,0,0,0,0,7707,1641,0,0,0,0,1598045,0,0,0,0,0,0,481014,1040674,0,16768,0,0,0,0,0,0,0,16524,0
"2008/10/8",10328,0,0,0,0,0,0,0,0,52520,0,0,0,1223,31069,0,0,0,0,0,0,0,0,0,0,0,0,0,2060381,0,0,0,0,0,0,80169,491158,0,0,0,0,0,0,0,0,0,0,0
"2008/11/12",20656,0,0,0,0,0,0,0,0,101889,0,0,0,489,155345,0,0,0,0,0,0,0,0,0,0,0,0,0,6348934,0,0,0,0,0,0,52418,604370,0,0,0,0,0,0,0,0,0,0,0
"2008/12/10",0,0,0,0,0,0,0,0,0,53571,0,0,0,5871,372827,0,0,0,0,0,0,0,0,0,0,0,0,0,8568378,0,0,0,0,0,0,166505,249881,0,0,0,0,0,0,0,0,0,0,0
"2009/1/7",0,0,0,0,0,0,0,0,0,6302,0,0,0,9174,108741,0,0,0,0,0,0,0,0,0,0,0,0,0,10733910,0,0,0,0,0,0,101753,0,0,0,0,0,0,0,0,0,0,33047,0
"2009/2/12",4426,0,0,0,0,0,0,0,0,0,0,0,0,1101,186413,0,0,0,0,0,0,0,0,0,0,0,0,0,11128057,0,0,0,0,0,0,92503,0,0,0,0,0,0,0,0,0,0,0,0
"2009/3/12",0,0,0,0,0,0,0,0,0,0,0,0,0,2936,372827,0,0,0,0,0,0,0,0,0,0,0,0,0,6976735,0,0,0,0,0,0,693770,0,0,0,0,0,0,0,0,0,0,520493,0
"2009/4/8",0,0,0,0,0,0,0,0,0,0,0,0,0,8369,248690,0,0,0,0,0,0,0,0,0,0,0,0,0,10257045,0,0,0,0,0,0,1123739,0,0,0,0,0,0,0,0,0,0,0,0
"2009/5/13",32300,0,0,0,0,0,0,0,0,0,0,0,0,5022,994761,0,0,0,0,0,0,0,27639,0,0,0,0,0,2744760,0,0,0,0,0,0,1198036,0,0,0,0,0,0,0,0,0,0,0,0
"2009/6/10",59217,0,0,0,0,0,0,0,0,0,0,0,0,0,828967,0,0,0,0,0,0,0,0,0,0,0,0,0,1612215,0,0,0,4322,0,0,183561,57831,0,0,0,0,0,0,24812,0,952965,15937,0
"2009/8/12",0,0,0,0,0,0,0,0,0,5128890,0,0,0,0,0,0,0,0,0,0,0,0,13819,74113,0,0,0,0,1714913,0,0,0,0,0,0,550683,1176514,0,1423901,0,0,0,0,0,0,0,191245,0
"2009/9/9",253016,6645,0,0,0,0,0,0,0,1526358,0,0,0,0,3232973,0,0,0,0,0,0,0,4606,21175,0,0,0,0,3205832,0,0,0,6663,0,0,314676,284414,0,442991,0,0,0,0,0,0,0,366553,0
"2009/10/7",43067,0,9872,0,0,0,0,0,26009,55961,0,0,0,744,580277,0,0,0,0,0,0,0,0,0,0,0,0,0,0,0,0,0,1441,0,0,69928,147511,0,0,0,0,0,0,0,0,0,111560,0
"2009/11/11",37683,0,0,0,0,0,0,0,4335,46634,0,0,0,558,165793,0,144172,0,0,0,0,0,0,0,0,0,0,0,3386653,0,0,0,0,0,0,57636,175253,0,123932,0,0,0,0,0,0,0,0,0
"2009/12/9",26917,0,0,0,0,0,0,0,9392,65288,0,0,0,6695,0,0,360429,0,0,0,0,0,0,0,0,0,0,0,3996764,0,0,0,0,0,0,27861,128132,0,0,0,0,0,0,24812,0,0,0,0
"2010/1/14",32300,0,0,0,0,0,0,0,54186,0,0,0,0,6137,0,0,108129,0,0,0,0,0,0,0,0,0,0,0,6426025,0,0,0,0,0,0,116089,11016,0,0,0,0,0,0,0,0,0,0,166914
"2010/2/10",145350,19936,0,0,0,0,0,0,47683,5596,0,0,0,558,0,0,0,0,0,0,0,0,0,0,0,0,0,0,4723974,0,0,0,0,0,0,338979,0,0,0,0,0,0,0,0,0,0,0,0
"2010/3/10",145350,59809,0,0,0,0,0,0,0,0,0,0,0,3348,0,0,0,0,0,0,0,0,0,0,0,0,0,0,14087762,0,0,0,0,0,0,782857,0,0,0,0,0,0,0,0,0,0,0,0
"2010/4/7",0,0,0,0,0,0,0,0,0,0,0,0,0,0,0,0,0,0,0,0,0,0,0,12352,0,0,0,0,1567959,0,0,0,0,0,0,250752,0,0,0,0,0,0,0,0,0,0,0,0
"2010/5/12",5383,0,0,0,0,0,0,0,0,0,0,0,0,0,0,0,0,0,0,0,0,0,0,524083,0,0,0,0,2932372,0,0,0,0,0,0,1880638,0,0,0,0,0,0,0,0,0,0,0,0
"2010/6/9",64600,0,0,0,0,0,0,0,36846,0,0,0,0,1116,0,0,0,0,0,0,0,0,0,185282,0,0,0,0,1973493,0,0,0,0,0,0,752255,0,0,0,0,0,0,0,0,0,127062,0,0
"2010/7/7",177650,0,0,0,0,0,0,0,4335,574436,0,0,0,558,248690,0,0,0,0,0,0,0,32245,102346,0,0,0,0,992107,0,0,0,0,0,0,116089,0,0,31642,0,0,0,0,0,0,0,0,0
"2010/8/18",21533,0,0,0,0,0,0,0,0,2067969,0,0,0,0,828967,0,0,0,0,0,0,0,32245,21175,0,0,0,0,1597222,0,0,0,0,0,0,287900,355250,0,530007,0,0,0,0,0,0,0,38555,792839
"2010/9/8",26917,0,664,0,0,0,0,0,0,467755,0,0,0,186,82897,0,108129,0,0,0,0,0,13819,14117,0,0,0,0,2217867,0,0,0,0,0,0,51079,187264,0,155574,0,0,96772,0,0,0,0,30293,0
"2010/10/13",5383,0,0,0,0,0,0,0,8670,11192,0,0,0,0,414484,0,0,0,0,0,0,0,0,0,0,0,0,0,1462439,0,0,0,0,0,0,32505,129993,0,0,0,0,58063,0,0,0,0,0,0
"2010/11/10",0,0,0,0,0,0,0,0,0,0,0,0,0,0,331587,0,0,0,0,0,0,0,0,0,0,0,0,0,735389,0,151893,0,0,0,0,0,99140,0,15821,0,0,0,0,0,0,0,0,0
"2010/12/8",0,0,0,0,0,0,0,0,0,0,0,0,0,2790,0,0,0,0,0,0,0,0,0,0,0,0,0,0,1161671,0,0,0,0,0,0,0,46816,0,0,0,0,0,0,0,0,0,0,0
"2011/1/12",0,0,0,0,0,0,0,0,0,0,0,0,0,0,0,0,0,0,0,0,0,0,0,0,0,0,0,0,1132782,0,0,0,0,0,0,185742,0,0,0,0,0,0,0,0,0,0,0,0
"2011/2/9",0,0,0,0,0,0,0,0,0,5596,0,0,0,0,0,0,0,0,0,0,0,0,0,0,0,0,0,0,1298289,0,15650,0,0,0,0,561870,0,0,0,0,0,0,0,0,0,0,0,0
"2011/3/9",0,0,0,0,0,0,0,0,0,0,0,0,0,5022,0,0,0,0,0,0,0,0,0,7058,0,0,0,0,2342778,0,0,0,0,0,0,2256766,0,0,0,0,0,0,0,0,0,0,0,0
"2011/4/13",0,0,0,0,0,0,0,0,8670,0,0,0,0,0,0,0,0,0,0,0,0,0,0,778184,0,0,0,0,8000184,0,0,0,0,0,0,11910710,0,0,0,0,0,0,0,0,0,0,0,0
"2011/5/11",0,0,0,0,0,0,0,0,0,0,0,0,0,930,0,8196,0,0,0,0,0,0,0,0,0,0,0,0,27560838,0,0,0,0,0,0,1783124,0,0,0,0,0,0,0,0,0,0,0,0
"2011/6/8",0,0,0,0,0,0,0,0,0,0,0,0,0,0,0,0,0,0,0,0,0,0,0,0,0,0,0,0,46717884,0,0,0,0,0,0,919423,0,0,0,0,0,0,0,0,0,0,0,0
"2011/7/6",5383,0,0,0,0,0,0,0,0,0,0,0,0,0,0,0,0,0,0,0,0,0,0,0,0,0,0,0,803570,0,0,0,0,0,0,0,0,0,0,0,0,0,0,0,0,0,0,0
"2011/8/10",0,0,0,0,0,0,0,0,0,22578434,0,0,0,0,0,0,0,0,0,0,0,0,0,0,0,0,0,0,37317,0,0,0,0,0,0,0,0,0,0,0,0,0,0,0,0,0,16524,0
"2011/9/7",0,0,1328,0,0,0,0,0,8670,2635203,0,0,0,930,0,0,0,0,0,0,0,0,0,0,0,0,0,0,1307315,0,0,0,0,0,0,9287,19277,0,0,0,0,0,0,0,0,0,623687,0
"2011/10/12",26917,0,0,0,0,0,0,0,40459,120000,0,0,0,186,0,0,0,0,0,0,0,0,0,1176,0,0,0,0,754244,0,0,0,3602,0,0,9287,143202,0,0,0,0,0,0,0,0,0,0,0
"2011/11/9",0,0,0,0,0,0,0,0,23119,24000,0,0,0,3348,0,0,0,0,0,0,0,0,0,0,0,0,0,0,671091,0,0,0,0,0,0,4644,11016,0,0,0,0,0,0,0,0,0,0,0
"2011/12/7",0,0,0,0,0,0,0,0,0,4800,0,0,0,930,414484,886,0,0,0,0,0,0,0,3529,0,0,0,0,99931,0,0,0,0,0,0,9287,30293,0,0,0,0,0,0,0,0,0,0,0
"2012/1/11",0,0,2656,0,0,0,0,0,0,0,0,0,0,0,82897,17278,0,0,0,0,0,0,0,0,0,0,0,0,283667,0,0,0,0,0,0,464355,27539,0,0,0,0,0,0,0,0,0,0,27819
"2012/2/8",0,0,7969,0,0,0,0,0,4335,0,0,0,0,0,0,0,0,0,0,0,0,0,0,1095810,0,0,0,0,1811543,0,0,0,4322,0,0,1978153,0,0,0,0,0,0,0,0,0,0,0,0
"2012/3/7",64600,0,0,0,0,0,0,0,0,0,0,0,0,0,0,27246,0,0,0,0,0,0,0,1736356,0,0,0,0,1861253,0,0,0,0,0,0,1309482,0,0,0,0,0,0,0,0,0,0,8262,0
