"","Z036","Z034","Z035","Z037","Z038","Z039","Z074","Z067","Z040","Z041","Z042","Z043","Z044","Z045","Z046","Z047","Z048","Z077","Z049","Z051","Z052","Z054","Z055","Z056","Z057","Z058","Z076","Z078","Z059","Z060","Z061","Z062","Z063","Z065","Z068","Z079","Z069","Z071"
"1984/11/7",0,0,0.5,1,0,0,0,0,0,0,0,0,0,0,3,0,0,0,0.5,0,425,0,0,22,0,0,0,0,0,0,0,0,33,0,221.5,0,16.5,0
"1984/12/5",0,0,0,0,0,0,0,0,0,0,0,0,0,0,0,0,0,0,0,0,1,0,0,0.3,0,0,0,0,0,0,0,0,3,0,0,0,0,0
"1985/1/9",0,0,0,0,0,0,0,0,0,0,0,0,0,0,0,0,0,0,0,0,0,0,0,0,0,0,0,0,0,0,0,0,0,0,0,0,0,0
"1985/2/6",0,0,0,0,0,0,0,0,0,0,0,0,0,0,0,0,0,0,0,0,0,0,0,0,0,0,0,0,0,0,0,0,0,0,0,0,0,0
"1985/3/6",0,0,0,0,0,0,0,0,0,0,0,0,0,0,0,0,0,0,0,0,0,0,0,0,0,0,0,0,0,0,0,0,1,0,0,0,0,0
"1985/5/8",0,0,0,0,0,0,0,0,0,0,0,0,0,0,0,0,0,0,0,0,0,0,0,0,0,0,0,0,0,0,0,0,0,0,0,0,0,0
"1985/6/12",0,0,0,0,0,0,0,0,0,0,0,0,0,0,0,0,0,0,0,0,0,0,0,0,0,0,0,0,0,0,0,0,0,0,0,0,0,0
"1985/7/10",0,0,0.5,1.8,0,0,0,0,0,0,0,0,0,0,0,0,0,0,0,0,0.5,0,0,0.5,0,0,0,0,0,0,0,0,5.8,0,0,0,0,0
"1985/8/7",0,0,5,1.5,0,0,0,0,0,0,0,0,0,0,0,0,0,0,0.5,8.5,8.5,0,0,2,0,0,0,0,0,0,0,0,32.5,0,5.5,0,0,0
"1985/9/10",0,0,0.5,0,0,5.5,0,0,1.5,0,0,0,0,0,0,0,0,0,4,1.5,0,0,0,4.5,0,0,0,0,0,0,0,0,6,0,0,0,17.5,0
"1985/10/2",0,0,0,0,0,1,0,0,0,0,0,0,0,0,0,0,0,0,0,9,0,0,0,2,0,0,0,0,0,0,0,0,28.5,0,1.5,0,4,0
"1985/11/6",0,0,8.5,0.5,0,0,0,0,0,0,0,0,0,0,15.5,0,0.5,0,3,0,4,0,0,5,0,0,0,0,0,0,0,0,2,0,0,0,4,0
"1985/12/12",0,0,0,0,0,0,0,0,0,0,0,0,0,0,0,0,0,0,0,0,1,0,0,2,0,0,0,0,0,0,0,0,50,0,23,0,0,0
"1986/1/8",0,0,0.5,6,0,0,0,0,0,0,0,0,0,0,0,0,0,0,0,0,6,0,0,0,0,0,0,0,0,0,0,0,129.5,0,8,0,0,0
"1986/2/5",0,0,0,0,0,0,0,0,0,0,0,0,0,0,0,0,0,0,0,0,0,0,0,0,0,0,0,0,0,0,0,0,0,0,0,0,0,0
"1986/3/5",0,0,0,0,0,0,0,0,0,0,0,0,0,0,0,0,0,0,0,0,2.5,0,0.3,0,0,0,0,0,0,0,0,0,16.5,0,0,0,0.3,0
"1986/4/9",0,0,0,0,0,0,0,0,0,0,0,0,0,0,1,0,0,0,0,0.5,7.3,0,0,0,0,0,0,0,0,0,0,0,159,0,0,0,0,0
"1986/5/7",0,0,0,0,0,0,0,0,0,0,0,0,0,0,0,0,0,0,0,0,0,0,0,0,0,0,0,0,0,0,0,0,0.5,0,0,0,0,0
"1986/6/11",0,0,0,0,0,0,0,0,0,0,0,0,0,0,0,0,0,0,0,0,0,0,0,0,0,0,0,0,0,0,0,0,0,0,0,0,0,0
"1986/7/9",0,0,0,0,0,0,0,0,0,0,0,0,0,0,0,0,0,0,0,0,0,0,0,0,0,0,0,0,0,0,0,0,0,0,0,0,0,0
"1986/8/6",0,0,0,0,0,0,0,0,0,0,0,0,0,0,0,0,0,0,0,0,0,0,0,0,0,0,0,0,0,0,0,0,0,0,0,0,0,0
"1986/9/10",0,0,0,0,0,25.5,0,0,0,0,0,0,0,0,0,0,5,0,0.5,8,0.5,0,0,5,0,0,0,0,0,0,0,0,0.5,0.5,0,0,1.5,0
"1986/10/9",0,0,1,0,0.5,5.5,0,0,0,0,0,0,0,0,0,0,0.5,0,2.5,3.5,3,0,0,9.5,0,0,0,0,0,0,0,0,2.5,0,0,0,2.5,0
"1986/11/12",0,0,0,0,0,0,0,0,0,0,0,0,0,0,0,0,0,0,0,0,1,0,0,0,0,0,0,0,0,0,0,0,0,0,0,0,1,0
"1986/12/10",0,0,0,0,0,0,0,0,0,0,0,0,0,0,0,0,0,0,0,0,0,0,0,0.5,0,0,0,0,0,0,0,0,0,0,0.5,0,0,0
"1987/1/7",0,0,0,0,0,0,0,0,0,0,0,0,0,0,0,0,0,0,0,0,0.5,0,0,0,0,0,0,0,0,0,0,0,6.5,0,0.3,0,0,0
"1987/3/4",0,0,0,0,0,0,0,0,0,0,0,0,0,0,0,0,0,0,0,0,0,0,0,0,0,0,0,0,0,0,0,0,0,0,0,0,0,0
"1987/4/15",0,0,0,0,0,0,0,0,0,0,0,0,0,0,0,0,0,0,0,0,0,0,0,0,0,0,0,0,0,0,0,0,1,0,0,0,0,0
"1987/5/13",0,0,0,0,0,0,0,0,0,0,0,0,0,0,0,0,0,0,0,0,0,0,0,0,0,0,0,0,0,0,0,0,0,0,0,0,0,0
"1987/6/10",0,0,0,0,0,0,0,0,0,0,0,0,0,0,0,0,0,0,0,0,0,0,0,0,0,0,0,0,0,0,0,0,0,0,0,0,0,0
"1987/7/8",0,0,0,0,0,0,0,0,0,0,0,0,0,0,41,0,0,0,0,0,1,0,0,0,0,0,0,0,0,0,0,0,0.5,0,2.8,0,0.5,0
"1987/8/5",0,0,0,0,0,0,0,0,0,0,0,0,0,0,0,0,0,0,0,0,1,0,0,2.5,0,0,0,0,0,0,0,0,4,0,0,0,0,0
"1987/9/9",0,0,7,0,0,28.5,0,3,1,0,0,0,0,0,0,0,2,0,0,0,1,0,0,10.8,0,0,0,0,0,0,0,0,5.5,0,0,0,0.5,0
"1987/10/14",0,0,0,0,0,0,0,0,0.5,0,0,0,0,0,0,0,0,0,4,0,228,0,0,44.5,0.5,0,0,0,0,0,0,0,297.5,0.5,0,0,44.5,0
"1987/11/11",0,0,0,0,0,0,0,0,0,0,0,0,0,0,0,0,0,0,0,0,0,0,0,0.8,0,0,0,0,0,0,0,0,0.3,0,0,0,0,0
"1987/12/9",0,0,0,0,0,0,0,0,0,0,0,0,0,0,0,0,0,0,0,0,13.5,0,0,0.5,0,0,0,0,0,0,0,0,7,0,0,0,0.3,0
"1988/1/13",0,0,0,0,0,0,0,0,0,0,0,0,0,0,3.5,0,0,0,0,0,28.8,0,0,0,0,0,0,0,0,0,0,0,69.5,0,54.3,0,0,0
"1988/2/10",0,0,0,0,0,0,0,0,0,0,0,0,0,0,0,0,0,0,0,0,3.8,0,0,0,0,0,0,0,0,0,0,0,21,0,0.3,0,0,0
"1988/3/9",0,0,0,0,0,0,0,0,0,0,0,0,0,0,0,0,0,0,0,0,0.5,0,0,0,0,0,0,0,0,0,0,0,22,0,0,0,0,0
"1988/6/8",0,0,0,0,0,0,0,0,0,0,0,0,0,0,0,0,0,0,0,0,0,0,0,0,0,0,0,0,0,0,0,0,0,0,0,0,0,0
"1988/7/13",0,0,0,0,0,0,0,0,0,0,0,0,0,0,0,0,0,0,0,0,0.8,0,0,0.5,0,0,0,0,0,0,0,0,2.5,0,0,0,0.3,0
"1988/8/10",0,0,8.5,1.5,0,140.5,0,0,0,0,0,0,0,0,0,0,0,0,11,0,277.5,0,0,10.5,0,0,0,0,0,0,0,0,74,0.5,0,0,11,0
"1988/9/14",0,0,1,0,0,5,0,0,0,0,0,0,0,0,3,0,0,0,22.5,1,52.5,0,0,0,0,0,0,0,0,0,0,0,137,0.5,0,0,10.5,0
"1988/10/12",0,2,0,0,0,3,0,0,0,0,0,0,0,0,0,0,0,0,69,6,128,0,0,11,2,0,0,0,0,0,0,0,63,15,0,0,73,0
"1988/11/9",0,2,1,0,0,0,0,0,0,0,0,0,0,0,0,0,0,0,2.5,0,184.5,0,0.5,2,0,0,0,0,0,0,0,0,52,5.5,0,0,11,0
"1988/12/7",0,0,0,0,0,0,0,0,0,0,0,0,0,0,0,0,0,0,0,0,199.5,0,0,1,0,0,0,0,0,0,0,0,32.5,0,0,0,0,0
"1989/1/11",0,0,0,0,0,0,0,0,0,0,0,0,0,0,0.5,0,0,0,0,0,64.5,0,0,0,0,0,0,0,0,0,0,0,423,0,0,0,0,0
"1989/2/8",0,0,0,0,0,0,0,0,0,0,0,0,0,0,0.8,0,0,0,0,0,2.3,0,0,0,0,0,0,0,0,0,0,0,18.8,0,0,0,0,0
"1989/4/12",0,0,0,0,0,0,0,0,0,0,0,0,0,0,6.5,0,0,0,0,0,0.8,0,0,0,0,0,0,0,0,0,0,0,53.5,0,0,0,0,0
"1989/5/10",0,0,0,0,0,0,0,0,0,0,0,0,0,0,0.5,0,0,0,0,0,0,0,0,0,0,0,0,0,0,0,0,0,0,0,0,0,0,0
"1989/6/14",0,0,0,0,0,0,0,0,0,0,0,0,0,0,48.3,0,0,0,0,0,0,0,0,0,0,0,0,0,0,0,0,0,0,0,0,0,0.5,0
"1989/7/12",0,0,0,0,0,0,0,0,0,0,0,0,0,0,4.8,0,0,0,0,0,0,0,0,0,0,0,0,0,0,0,0,0,0.3,0,0,0,1.5,0
"1989/8/9",0,0,0,0,0,87.5,0,0,0,0,0,0,0,0,0,0,1,0,9.5,0,11,0,0,0,0,0,0,0,0,0,0,0,0,0,0,0,18.5,0
"1989/9/6",0,0,0,0,0,11,0,0,0,0,0,0,0,0,0.5,0,6.5,0,19.5,1.5,19,0,0,2,0,0,0,0,0,0,0,0,115,0.5,0,0,570,0
"1989/10/11",0,10,1,0,0,0,0,0,0,0,0,0,0,0,3,0,1,0,11,0,15,0,0,2,0,0,0,0,0,0,0,0,118,0,0,0,26,0
"1989/12/13",0,2.5,0,0.5,0,0,0,0,0,0,0,0,0,0,18,0,0,0,1.5,0,42,0,0,1,0,0,0,0,0,0,0,0,71.5,0.5,0,0,14.5,0
"1990/1/10",0,0,0,0,0,0,0,0,0,0,0,0,0,0,0,0,0,0,0,0,22,0,0,0,0,0,0,0,0,0,0,0,20,0,0,0,0,0
"1990/2/7",0,0,0,0,0,0,0,0,0,0,0,0,0,0,0,0,0,0,0,0,9,0,0,0,0,0,0,0,0,0,0,0,3,0,0,0,0,0
"1990/3/14",0,0,0,0,0,0,0,0,0,0,0,0,0,0,0,0,0,0,0,0,5.5,0,0,0,0,0,0,0,0,0,0,0,65,0,0,0,0,0
"1990/4/11",0,0,0,0,0,0,0,0,0,0,0,0,0,0,0,0,0,0,0,0,6.5,0,0,0,0,0,0,0,0,0,0,0,190,0,0,0,0,0
"1990/5/9",0,0,0,0,0,0,0,0,0,0,0,0,0,0,0,0,0,0,0,0,17,0,0,0,0,0,0,0,0,0,0,0,154,0,0,0,10,0
"1990/6/13",0,1,0,0,0,0,0,0,0,0,0,0,0,0,0,0,0,0,0,0,2.5,0,0,0,0,0,0,0,0,0,0,0,5.5,0,211,0,18.5,0
"1990/7/11",0,0,0,0,0,0,0,0,0,0,0,0,0,0,0,0,0,0,0,0,0,0,0,0,0,0,0,0,0,0,0,0,2,0,0,0,0,0
"1990/8/8",0,0,2,0,0,21,0,0,1,0,0,0,0,0,0,0,0,0,38,0,23,0,0,0,0,0,0,0,0,0,0,0,12,0,0,0,221,0
"1990/9/12",0,2,1,1,0,0,0,0,0,0,0,0,0,0,0,0,0,0,16,0,134,0,0,4,0,0,0,0,0,0,0,0,220,32,0,0,182,0
"1990/11/7",0,6,0,0,0,0,0,0,0,0,0,0,0,0,0,0,0,0,4,0,35,0,0,0,0,0,0,0,0,0,0,0,58,4,0,0,43,0
"1990/12/12",0,0,0,0,0,0,0,0,0,0,0,0,0,0,0,0,0,0,0.5,0,15,0,0,0,0,0,0,0,0,0,0,0,19,0,0,0,2.5,0
"1991/1/9",0,0,0,0,0,0,0,0,0,0,0,0,0,0,6,0,0,0,0,0,95,0,0,0,0,0,0,0,0,0,0,0,242,0,4,0,1,0
"1991/2/6",0,0,0,0,0,0,0,0,0,0,0,0,0,0,0.5,0,0,0,0,0,10,0,0,0,0,0,0,0,0,0,0,0,39.5,0.5,0,0,0,0
"1991/3/13",0,0,0,0,0,0,0,0,0,0,0,0,0,0,0,0,0,0,0,0,2.5,0,0,0,0,0,0,0,0,0,0,0,25,0,0,0,0,0
"1991/4/10",0,0,0,0,0,0,0,0,0,0,0,0,0,0,0,0,0,0,0,0,3,0,0,0,0,0,0,0,0,0,0,0,242,0,1.5,0,0,0
"1991/5/8",0,0,0,0,0,0,0,0,0,0,0,0,0,0,0,0,0,0,0,0,1,0,0,0,0,0,0,0,0,0,0,0,4.5,0,0,0,2.5,0
"1991/6/12",0,0,0,0,0,0,0,0,0,0,0,0,0,0,30,0,0,0,0,0,0,0,0,0,0,0,0,0,0,0,0,0,1,0,0,0,0,0
"1991/7/10",0,0,0,0,0,0,0,0,0,0,0,0,0,0,0,0,0,0,0,0,0,0,0,0,0,0,0,0,0,0,0,0,106,0,0,0,1,0
"1991/8/7",0,0,0,0,0,0,0,0,0,0,0,0,0,0,0,0,0,0,1,0,2,0,0,0,0,0,0,0,0,0,0,0,0,0,0,0,0,0
"1991/9/11",0,0,1,0,0,39,0,0,0,0,0,0,0,0,0,60,0,0,26,0,124,0,0,10,0,0,0,0,0,0,0,0,0,11,0,0,356,0
"1991/10/9",0,22,0,0,0,6,0,0,0,0,0,0,0,0,0,0,0,0,8,0,14,0,0,0,0,0,0,0,0,0,0,0,64,2,0,0,8,0
"1991/11/13",0,0,0,0,0,8,0,0,0,0,0,0,0,0,2,0,0,0,4,0,61,0,0,8,0,0,0,0,0,0,0,0,142,9,0,0,0,0
"1991/12/11",0,0,0,0,0,0,0,0,0,0,0,0,0,0,0,0,0,0,1,0,123,0,0,10,0,0,0,0,0,0,0,0,444,0,4,0,0,0
"1992/1/8",0,0,0,0,0,0,0,0,0,0,0,0,0,0,4,0,0,0,0,0,29,0,0,0.5,0,0,0,0,0,0,0,0,29,0,0,0,0,0
"1992/2/5",0,0,0,2,0,1,0,0,0,0,0,0,0,0,0,0,0,0,2,0,18,0,3,1,0,0,0,0,0,0,0,0,1,0,0,0,0,0
"1992/3/11",0,0,0,2.5,0,1,0,0,0,0,0,0,0,0,0.5,0,0,0,4,0,18,0,16.5,2,0,0,0,0,0,0,0,0,50,0,0,0,0,0
"1992/4/8",0,0,0,14.5,0,21.5,0,0,0,0,0,0,0,0,0,0,0,0,110,0,75,0,37.5,0.5,0,0,0,0,0,0,0,0,162.5,0,0,0,0,0
"1992/5/6",0,0,0,0,0,23,0,0,0,0,0,0,0,0,31,0,0,0,12,0,641,0,0,0,0,0,0,0,0,0,0,0,73,0,0,0,0,0
"1992/6/10",0,1.5,0,0,0,0,0,0,0,0,0,0,0,0,3,0,0,0,0,0,161.5,0,0,0,0,0,0,0,0,0,0,0,510.5,0.5,2.5,0,143,0
"1992/7/8",0,0,0,0,0,0,0,0,0,0,0,0,0,0,0,0,0,0,0,0,37,0,0,0,0,0,0,0,0,0,0,0,11,0,0,0,0,0
"1992/8/5",0,0,5,0,0,77,0,0,0,0,0,0,0,0,6,0,0,0,27,0,15,0,0,0,0,0,0,0,0,0,0,0,6,1,0,0,78,0
"1992/9/9",0,0,4,0,0,106,0,0,0,0,0,0,0,0,0,0,1,0,15,0,29,0,0,1,0,0,0,0,0,0,0,0,31,12,0,0,329,0
"1992/10/7",0,1,1,0,0,2,0,0,0,0,0,0,0,0,0,0,0,0,11,0,197,0,0,2,0,0,0,0,0,0,0,0,220,6,0,0,202,0
"1992/11/11",0,1.5,0,0,0,0,0,0,0,0,0,0,0,0,0,0,0,0,0,0,44,0,0,0,0,0,0,0,0,0,0,0,144,0,0,0,7,0
"1992/12/9",0,1,0,0,0,0,0,0,0,0,0,0,0,0,0,0,0,0,0,0,22,0,0,0,0,0,0,0,0,0,0,0,180.5,0,0,0,4.5,0
"1993/1/6",0,0,0,0,0,0,0,0,0,0,0,0,0,0,0,0,0,0,0,0,50.6,0,0,0,0,0,0,0,0,0,0,0,26.3,0,0,0,0,0
"1993/2/10",0,0,0,0,0,0,0,0,0,0,0,0,0,0,0,0,0,0,0,0,35,0,0,0,0,0,0,0,0,0,0,0,80,0,0,0,0,0
"1993/3/10",0,0,0,0,0,0,0,0,0,0,0,0,0,0,0,0,0,0,0,0,45,0,0,0,0,0,0,0,0,0,0,0,15,0,0,0,0,0
"1993/4/7",0,0,0,0,0,0,0,0,0,0,0,0,0,0,0,0,0,0,0,0,140.6,0,0,0,0,0,0,0,0,0,0,0,26.3,0,0,0,0,0
"1993/5/12",0,0,0,0,0,0,0,0,0,0,0,0,0,0,0,0,0,0,0,0,25,0,0,0,0,0,0,0,0,0,0,0,92.5,0,0,0,0,0
"1993/6/8",0,0,0,0,0,0,0,0,0,0,0,0,0,0,0,0,0,0,0,0,12.5,0,0,0,0,0,0,0,0,0,0,0,0,0,0,0,192.5,0
"1993/7/7",0,0,0,0,0,0,0,0,0,0,0,0,0,0,0,0,0,0,0,0,0,0,0,0,0,0,0,0,0,0,0,0,0,0,0,0,0,0
"1993/8/11",0,0,0,0,0,0,0,0,0,0,0,0,0,0,0,0,0,0,0,0,10,0,0,0,0,0,0,0,0,0,0,0,5,0,0,0,0,0
"1993/9/8",0,0,10,0,0,332.5,0,0,0,0,0,0,0,0,0,0,0,0,10,0,15,0,0,0,0,0,0,0,0,0,0,0,2.5,0,0,0,267.5,0
"1993/10/6",0,0,17.5,0,0,42.5,0,0,0,0,0,0,0,0,0,0,0,0,0,0,42.5,0,0,0,0,0,0,0,0,0,0,0,355,0,0,0,577.5,0
"1993/11/10",0,0,25,0,0,0,0,0,0,0,0,0,0,0,0,0,0,0,0,0,92.5,0,0,0,0,0,0,0,0,0,0,0,912.5,0,0,0,75,0
"1993/12/8",0,0,0,0,0,0,0,0,0,0,0,0,0,0,0,0,3.1,0,0,0,156.3,0,0,0,0,0,0,0,0,0,0,0,28.1,0,0,0,93.8,0
"1994/1/12",0,0,0,3.1,0,0,0,3.1,0,0,0,0,0,0,0,0,0,0,0,0,93.8,0,0,0,0,0,0,0,0,0,0,0,6.3,0,0,0,0,0
"1994/2/9",0,0,0,0,0,0,0,0,0,0,0,0,0,0,0,0,0,0,0,0,17.5,0,0,0,0,0,0,0,0,0,0,0,15,0,0,0,0,0
"1994/3/9",0,0,0,0,0,0,0,0,0,0,0,0,0,0,0,0,0,0,0,0,52.5,0,0,0,0,0,0,0,0,0,0,0,62.5,0,0,0,0,0
"1994/4/6",0,0,0,0,0,7.5,0,0,0,0,0,0,0,0,0,0,0,0,2.5,0,40,0,0,0,0,0,0,0,0,0,0,0,262.5,0,0,0,0,0
"1994/5/11",0,0,0,0,0,0,0,0,0,0,0,0,0,0,0,0,0,0,0,0,442.5,0,0,0,0,0,0,0,0,0,0,0,48.8,0,0,0,30,0
"1994/6/8",0,0,0,0,0,0,0,0,2.5,0,0,0,0,0,0,0,0,0,0,0,167.5,0,0,0,0,0,0,0,0,0,0,0,77.5,0,0,0,40,0
"1994/8/10",0,0,15,0,0,345,0,0,0,0,0,0,0,0,0,0,0,0,2.5,0,240,0,0,0,0,0,0,0,0,0,0,0,642.5,0,0,0,835,0
"1994/9/7",0,0,105,0,0,55,0,0,0,0,0,0,0,0,0,0,0,0,20,0,585,0,0,0,0,0,0,0,0,0,0,0,1320,0,0,0,1765,0
"1994/10/12",0,0,0,0,0,175,0,0,0,0,0,0,0,0,0,0,0,0,0,0,130,0,0,0,0,0,0,0,0,0,0,0,80,0,0,0,555,0
"1994/11/9",0,0,92.5,0,0,17.5,0,0,0,0,0,0,0,0,0,0,0,0,22.5,0,140,0,0,0,0,0,0,0,0,0,0,0,597.5,0,0,0,7.5,0
"1994/12/7",0,0,0,0,0,0,0,0,0,0,0,0,0,0,0,0,0,0,0,0,27.5,0,0,0,0,0,0,0,0,0,0,0,45,0,0,0,5,0
"1995/1/11",0,0,0,0,0,0,0,0,0,0,0,0,0,0,0,0,0,0,0,0,5,0,0,0,0,0,0,0,0,0,0,0,62.5,0,0,0,0,0
"1995/2/8",0,0,0,0,0,0,0,0,0,0,0,0,0,0,0,0,0,0,0,0,0,0,0,0,0,0,0,0,0,0,0,0,0,0,0,0,0,0
"1995/3/8",0,0,0,0,0,0,0,0,0,0,0,0,0,0,0,0,0,0,0,0,5,0,0,0,0,0,0,0,0,0,0,0,12.5,0,0,0,0,0
"1995/4/12",0,0,0,17.5,0,0,0,0,0,0,0,0,0,0,0,0,0,0,0,0,20,0,0,0,0,0,0,0,0,0,0,0,105,0,0,0,0,0
"1995/5/10",0,0,0,0,0,0,0,0,0,0,0,0,0,0,0,0,0,0,0,0,185,0,0,0,0,0,0,0,0,0,0,0,47.5,0,0,0,0,0
"1995/6/7",0,0,0,2.5,0,0,0,0,0,0,0,0,0,0,0,0,0,0,0,0,17.5,0,0,0,0,0,0,0,0,0,0,0,5,0,0,0,0,0
"1995/7/12",0,0,3.1,0,0,3.1,0,0,0,0,0,0,0,0,0,0,0,0,0,0,25,0,0,0,0,0,0,0,0,0,0,0,18.8,0,0,0,12.5,0
"1995/8/9",0,0,5,5,0,140,0,0,2.5,0,0,0,0,0,0,0,0,0,7.5,0,2.5,0,0,0,0,0,0,0,0,0,0,0,27.5,0,0,0,687.5,0
"1995/9/6",0,0,12.5,0,0,130,0,0,0,0,0,0,0,0,12.5,0,0,0,15,0,100,0,0,0,0,0,0,0,0,0,0,0,250,0,0,0,522.5,0
"1995/10/4",0,0,53.1,0,0,50,0,0,0,0,0,0,0,0,0,0,0,0,6.3,0,378.1,0,0,0,0,0,0,0,0,0,0,0,340.6,0,0,0,190.6,0
"1995/11/8",0,0,37.5,0,0,6.3,0,0,0,0,0,0,0,0,12.5,0,0,0,3.1,0,25,0,0,0,0,0,0,0,0,0,0,0,509.4,0,0,0,56.3,0
"1995/12/6",0,0,0,0,0,0,0,0,0,0,0,0,0,0,0,0,0,0,0,0,0,0,0,0,0,0,0,0,0,0,0,0,0,0,0,0,0,0
"1996/4/3",0,0,0,0,0,0,0,0,0,0,0,0,0,0,0,0,0,0,1.9,0,4.5,0,0,0,0,0,0,0,0,0,0,0,51.7,0,0,0,1.3,0
"1996/5/8",0,0,0,0,0,0,0,0,0,0,0,0,0,0,0,0,0,0,0,0,11.2,0,0,0,0,0,0,0,0,0,0,0,36.8,0,0,0,0,0
"1996/6/12",0,0,0,0,0,0,0,0,0,0,0,0,0,0,0,0,0,0,0,0,704.5,0,0,0,0,0,0,0,0,0,0,0,215,0,0,0,114.4,0
"1996/8/7",0,4,0,0,0,2,0,0,0,0,0,0,0,0,0,0,0,0,12.1,0,192,0,0,0,0,0,0,0,0,0,0,0,359.8,0,0,0,230.4,0
"1996/9/11",0,179.9,0,0,0,0,0,0,0,0,0,0,0,0,0,0,0,0,0,0,3077.1,0,0,0,0,0,0,0,0,0,0,0,473.4,0,0,0,492.3,0
"1996/10/8",0,11.3,0,0,0,0,0,0,0,0,0,0,0,0,0,0,0,0,0,0,34,0,0,0,0,0,0,0,0,0,0,0,40.9,0,0,0,25.5,0
"1996/11/6",0,63.5,0,0,0,0,0,0,0,0,0,0,0,0,0,0,0,0,0,0,48.8,0,0,0,0,0,0,0,0,0,0,0,118,0,0,0,53.3,0
"1996/12/11",0,4.5,0,0,0,0,0,0,0,0,0,0,0,0,0,0,0,0,0,0,55.1,0,0,0,0,0,0,0,0,0,0,0,38.7,0,0,0,17.9,0
"1997/1/8",0,0,0,0,0,0,0,0,0,0,0,0,0,0,0,0,0,0,0,0,2.2,0,0,0,0,0,0,0,0,0,0,0,3.2,0,0,0,0,0
"1997/2/12",0,0,0,0,0,0,0,0,0,0,0,0,0,0,0,0,0,0,0,0,2.9,0,0,0,0,0,0,0,0,0,0,0,6.1,0,0,0,0,0
"1997/3/12",0,0,0,0.2,0,0,0,0,0,0,0,0,0,0,0,0,0,0,0,0,11.3,0,0,0,0,0,0,0,0,0,0,0,5.5,0,0,0,0,0
"1997/4/9",0,0,0,0,0,0,0,0,0,0,0,0,0,0,0,0,0,0,0,0,8.9,0,0,0,0,0,0,0,0,0,0,0,1.7,0,0,0,0,0
"1997/5/7",0,0,0,0,0,0,0,0,0,0,0,0,0,0,0,0,0,0,0,0,0.2,0,0,0,0,0,0,0,0,0,0,0,0,0,0,0,0.1,0
"1997/6/11",0,5.3,0,2.1,0,0,0,0,0,0,0,0,0,0,0,0,0,0,0,0,139.4,0,0,0,0,0,0,0,0,0,0,0,108.5,0,0,0,45.7,0
"1997/7/9",0,0,0,0,0,0,0,0,0,0,0,0,0,0,0,0,0,0,0,0,24.7,0,0,0,0,0,0,0,0,0,0,0,4.3,0,0,0,29.8,0
"1997/8/6",0,0,3.2,0,0,9.6,0,0,0,0,0,0,0,0,0,0,0,0,9.6,0,102.1,0,0,0,0,0,0,0,0,0,0,0,169.1,0,0,0,2291.5,0
"1997/9/10",0,5.5,0,0,0,0,0,0,0,0,0,0,0,0,0,0,0,0,0,0,723.2,0,16.4,0,0,0,0,0,0,0,0,0,279.4,0,0,0,372.6,0
"1997/10/8",0,95.3,0,0,0,0,0,0,0,0,0,0,0,0,0,0,0,0,3.4,0,571.9,0,3.4,0,0,0,0,0,0,0,0,0,452.8,0,0,0,374.5,0
"1997/11/12",0,45,0,0,0,0,0,0,0,0,0,0,0,0,0,0,0,0,0,0,52.7,0,0,0,0,0,0,0,0,0,0,0,7.7,0,0,0,34.5,0
"1997/12/10",0,0,0,0,0,0,0,0,0,0,0,0,0,0,0,0,0,0,0,0,0,0,0.4,0,0,0,0,0,0,0,0,0,1.7,0,0,0,4.7,0
"1998/1/7",0,0,0,0,0,0,0,0,0,0,0,0,0,0,0,0,0,0,0,0,0,0,0,0,0,0,0,0,0,0,0,0,0.5,0,0,0,1.1,0
"1998/2/12",0,0,0,0,0,0,0,0,0,0,0,0,0,0,0,0,0,0,0,0,0,0,0,0,0,0,0,0,0,0,0,0,0.5,0,0,0,0,0
"1998/3/12",0,0,0,0,0,0,0,0,0,0,0,0,0,0,0,0,0,0,0,0,0,0,0,0,0,0,0,0,0,0,0,0,0,0,0,0,0,0
"1998/4/8",0,0,0,0,0,0,0,0,0,0,0,0,0,0,0,0,0,0,0,0,0,0,0,0,0,0,0,0,0,0,0,0,0,0,0,0,0,0
"1998/5/13",0,0,0,0,0,0,0,0,0,0,0,0,0,0,0,0,0,0,0,0,0,0,0,0,0,0,0,0,0,0,0,0,0,0,0,0,0,0
"1998/6/10",0,0,0,0,0,0,0,0,0,0,0,0,0,0,0,0,0,0,0,0,0,0,0,0,0,0,0,0,0,0,0,0,0,0,0,0,13.8,0
"1998/7/8",0,0,0,0,0,0,0,1,0,0,0,0,0,0,0,0,0,0,0,0,17.2,0,0,0,0,0,0,0,0,0,0,0,17.2,0,0,0,96,0
"1998/8/12",0,0,0,0,0,41.7,0,0,0,0,0,0,0,0,0,0,0,0,2.6,0,17,0,0,0,0,0,0,0,0,0,0,0,40.9,0,0,0,120,0
"1998/9/9",0,3.6,1.8,0,0,7.2,0,0,0,0,0,0,0,0,0,0,0,0,3.6,0,124.8,0,0,0,0,0,0,0,0,0,0,0,76,0,0,0,229.7,0
"1998/10/7",0,0,6,0,0,6,0,0,0,0,0,0,0,0,0,0,0,0,3,0,14.9,0,3,0,0,0,0,0,0,0,0,0,157.9,0,0,0,747.7,0
"1998/11/11",0,41.7,3,0.7,0,0,0,0,0,0,0,0,0,0,0,0,0,0,0,0,34.3,0,0,0,0,0,0,0,0,0,0,0,48.4,0,0,0,116.2,0
"1998/12/9",0,2.2,0,0,0,0,0,0,0,0,0,0,0,0,0,0,0,0,0,0,46.2,0,0,0,0,0,0,0,0,0,0,0,10.4,0,0,0,13.4,0
"1999/1/13",0,0,0,0,0,0,0,0,0,0,0,0,0,0,0,0,0,0,0,0,6.7,0,0,0,0,0,0,0,0,0,0,0,16.3,0,0,0,0,0
"1999/2/9",0,0,0,0,0,0,0,0,0,0,0,0,0,0,0,0,0,0,0,0,0.9,0,0,0,0,0,0,0,0,0,0,0,9,0,0,0,0,0
"1999/3/10",0,0,0.4,0,0,0,0,0,0,0,0,0,0,0,0,0,0,0,0,0,12.8,0,0,0,0,0,0,0,0,0,0,0,15.7,0,0,0,1.3,0
"1999/4/7",0,0,0,0,0,0,0,0,0,0,0,0,0,0,0,0,0,0,0,0,0.5,2.7,0,0,0,0,0,0,0,0,0,0,69.1,0,0,0,1.1,0
"1999/5/12",0,0,0,0,0,0,0,0,0,0,0,0,0,0,0,0,0,0,0,0,0,0,0,0,0,0,0,0,0,0,0,0,5.9,0,0,0,28.7,0
"1999/6/9",0,0,0,0,0,0,0,0,0,0,0,0,0,0,0,0,0,0,0,0,0,0,0,0,0,0,0,0,0,0,0,0,0,0,0,0,7.1,0
"1999/7/7",0,0,0,0,0,0,0,0,0,0,0,0,0,0,0,0,0,0,0,0,0,0.2,0,0,0,0,0,0,0,0,0,0,0,0,0,0,0.8,0
"1999/8/11",0,0.7,9.2,0,0,18.4,0,11.3,0,0,0,0,0,0,0,0,0,0,4.3,0,0,1.4,0,0,0,0,0,0,0,0,0,0,49.6,0,0,0,261.7,0
"1999/9/8",0,40.8,0,6,0,12.8,0,61.3,0,0,0,0,0,0,0,0,0,0,3.2,0,1.8,32.3,0,4.3,0,0,0,0,0,0,0,0,0,0,0,0,194,0
"1999/10/13",0,13.7,0,0,0,0,0,0,0,0,0,0,35.5,0,0,0,0,0,1.1,0,13.7,173.8,0,0,0,0,0,0,0,0,0,0,41.2,0,3.4,0,88.1,0
"1999/11/10",0,21.1,0,0,0,0,0,0,0,0,0,0,1.6,0,0,0,0,0,0,0,0,21.1,0,0,0,0,0,0,0,0,0,0,27.6,0,199.5,0,55.2,0
"1999/12/8",0,31.4,0,0,0,0,0,0,0,0,0,0,0,0,0,1.6,0,0,0,0,3.2,194.7,0,0,0,0,0,0,0,0,0,0,6.9,0,136.7,0,26.1,0
"2000/1/12",0,0,0,0,0,0,0,0,0,0,0,0,0,0,0,0,0,0,0,0,0,7.7,0,0,0,0,0,0,0,0,0,0,49.4,0,20.8,0,0,0
"2000/2/9",0,0,0,0,0,0,0,0,0,0,0,0,0,0,0,0,0,0,0,0,0,0,0,0,0,0,0,0,0,0,0,0,8.2,0,21.1,0,0,0
"2000/3/8",0.7,0,0,0,0,0,0,0,0,0,0,0,0,0,0,0,0,0,0,0,0,3.6,0,0,0,0,0,0,0,0,0,0,9.3,0,21.5,0,0,0
"2000/4/12",0,0,0,0,0,0,0,0,0,0,0,0,0,0,0,0,0,0,0,0,0,3.3,0,0,0,0,0,0,0,0,0,0,10.4,0,0,0,0,0
"2000/5/10",0,0,0,0,0,0,0,0,0,0,0,0,0,0,0,0,0,0,0,0,0,0,0,0,0,0,0,0,0,0,0,0,7.6,0,0,0,2.4,0
"2000/6/7",0,0,0,0,0,0,0,0,0,0,0,0,0,0,0,0,0,0,0,0,0,0,0,0,0,0,0,0,0,0,0,0,0,0,0,0,0,0
"2000/7/12",0,1.9,0,0,0,0,0,0,0,0,0,0,0,0,0,0,0,0,0,0,0,0,0,0,0,0,0,0,0,0,0,0,36.4,0,0,0,178.1,0
"2000/8/9",0,18.3,0,0.4,0,0,0,0,0,0,0,0,0,0,0,0,0,0,0,0,0,0.9,0,0,0,0,0,0,0,0,0,0,35.7,0,0,0,73.2,0
"2000/9/13",0,36,1.4,1.4,0,40.1,0,12.4,0,0,0,0,0,0,0,0,0,0,1.4,0,0,33.2,0,0,0,0,0,0,0,0,0,0,76.1,0,0,0,78.8,0
"2000/10/11",0,12.3,0.9,0,0,6.1,0,9.7,0,0,0.9,0,0,0,0,0,0,0,0,0,2.6,50.9,0,0,0,0,0,0,0,0,0,0,43,0,0,0,160.6,0
"2000/11/8",0,8.6,1.7,0,0,0,0,4.6,0,0,0,0,0,0,0,0,0,0,0,0,7.5,48.8,0,0,0,0,0,0,0,0,0,0,14.4,0,0,0,9.8,0
"2000/12/13",0,0,0,0,0,0,0,0,0,0,0,0,0,0,0,0,0,0,0,0,0,39.4,0,0,0,0,0,0,0,0,0,0,57.6,0,0,0,10.1,0
"2001/1/10",0,0,0,0,0,0,0,0,0,0,0,0,0,0,0,0,0,0,0,0,0,2.4,0,0,0,0,0,0,0,0,0,0,77.8,0,0,0,0,0
"2001/2/7",0,0,0,0,0,0,0,0,0,0,0,0,0,0,0,0,0,0,0,0,0,0,0,0,0,0,0,0,0,0,0,0,16.2,0,0,0,0,0
"2001/3/7",0,0,0,0,0,0,0,0,0,0,0,0,0,0,0,0,0,0,0,0,0,3.8,0,0,0,0,0,0,0,0,0,0,0,0,0,0,0,0
"2001/4/11",0,0,0,0.6,0,0,0,0,0,0,0,0,0,0,0,0,0,0,0,0,3.1,4.5,0,0,0,0,0,0,0,0,0,0,32.8,0,0,0,0,0
"2001/5/9",0,0,0,0,0,0,0,0,0,0,0,0,0,0,0,0,0,0,0,0,0,1.1,0,0,0,0,0,0,0,0,0,0,30.9,0,0,0,0,0
"2001/6/13",0,0,0,0,0,0,0,0,0,0,0,0,0,0,0,0,0,0,0,0,0,0,0,0,0,0,0,0,0,0,0,0,0.5,0,0,0,4.6,0
"2001/7/11",0,0,0,0,0,0,0,0,0,0,0,0,0,0,0,0,0,0,0,0,0,0,0,0,0,0,0,0,0,0,0,0,0,0,0,0,0,0
"2001/8/8",0,2.4,0,0,0,0,0,0,0,0,0,0,0,0,0,0,0,0,0,0,0,117.4,0,0,0,0,0,0,0,0,0,0,93,0,0,0,26.9,0
"2001/9/12",0,14.9,0,0,0,1.1,0,0,1.1,0,0,0,6,0,0,0,0,0,3,0,0,238.3,0,6,0,0,0,0,0,0,0,0,29.8,0,0,0,154.9,0
"2001/11/7",0,0,0,0,0,0,0,0,0,0,0,0,0,0,0,0,0,0,0,0,0,0,0,0,0,0,0,0,0,0,0,0,1.7,0,0,0,14.5,0
"2001/12/12",0,0,0,0,0,0,0,0,0,0,0,0,0,0,0,0,0,0,0,0,0,0,0,0,0,0,0,0,0,0,0,0,0,0,0,0,0,0
"2002/1/9",0,0,0,0,0,0,0,0,0,0,0,0,0,0,0,0,0,0,0,0,0,0,0,0,0,0,0,0,0,0,0,0,0,0,0,0,0,0
"2002/2/13",0,0,0,0,0,0,0,0,0,0,0,0,0,0,0,0,0,0,0,0,0,0,0,0,0,0,0,0,0,0,0,0,0,0,0,0,0,0
"2002/3/13",0,0,0,0,0,0,0,0,0,0,0,0,0,0,0,0,0,0,0,0,0,0,0,0,0,0,0,0,0,0,0,0,0,0,0,0,0,0
"2002/4/10",0,0,0,0,0,0,0,0,0,0,0,0,0,0,0,0,0,0,0,0,0,0,0,0,0,0,0,0,0,0,0,0,0,0,0,0,0,0
"2002/5/8",0,0,0,0,0,0,0,0,0,0,0,0,0,0,0,0,0,0,0,0,0,0,0,0,0,0,0,0,0,0,0,0,0,0,0,0,0.4,0
"2002/6/12",0,0,0,0,0,0,0,0,0,0,0,0,0,0,0,0,0,0,0,0,0,0,0,0,0,0,0,0,0,0,0,0,0,0,0,0,0,0
"2002/7/10",0,0,0,0,0,0,0,0,0,0,0,0,0,0,0,0,0,0,0,0,0,0,0,0,0,0,0,0,0,0,0,0,0,0,0,0,0,0
"2002/8/7",0,1.2,0,7,0,0,0,0,0,0,0,2.3,0,0,0,0,0,0,3.5,59.7,0,1.2,0,0,0,0,0,0,0,0,0,0,110,0,50.3,0,12.9,0
"2002/9/11",0,23.8,0,0,0,13.6,0,6.8,0,0,0,1.7,1.7,0,0,0,0,0,0,0,6.8,40.9,0,3.4,0,0,0,0,0,0,0,0,74.9,0,15.3,0,51.1,0
"2002/10/9",0,1.1,0,0,0,0,0,0,0,0,0,0,0,0,0,0,0,0,0,0,4.3,37.2,0,0,0,0,0,0,0,0,0,0,79.8,0,7.4,0,2.1,0
"2002/11/13",0,0.6,0,0,0,0,0,0,0,0,0,0,0,0,0,0,0,0,0,0,0.6,16.2,0,1.9,0,0,0,0,0,0,0,0,22.8,0,4.9,0,6.8,0
"2002/12/11",0,0,0,0.6,0,1.2,0,0,0,0,0,0,0,0,0,0,0,0,0,0,3.6,12.4,0,1.3,0,0,0,0,0,0,0,0,52.9,0,2,0,2,0
"2003/1/8",0,0,0,0,0,0,0,0,0,0,0,0,0,0,0,0,0,0,0,0,0.7,10.5,0,0,0,0,0,0,0,0,0,0,12.3,0,0,0,0,0
"2003/2/12",0,0,0,0,0,0,0,0,0,0,0,0,0,0,0,0,0,0,0,0,1,2.9,0,0,0,0,0,0,0,0,0,0,21.1,0,0,0,0,0
"2003/3/12",0,0,0,0,0,0,0,0,0,0,0,0,0,0,0,0,0,0,0,0,0,0,0,0,0,0,0,0,0,0,0,0,41.5,0,0,0,0,0
"2003/4/10",0,0,0,0,0,0,0,0,0,0,0,0,0,0,0,0,0,0,0,0,0,0,0,0,0,0,0,0,0,0,0,0,96.1,0,0,0,0,0
"2003/5/7",0,0,0,0,0,0,0,0,0,0,0,0,0,0,0,0,0,0,0,0,0,0,0,0,0,0,0,0,0,0,0,0,70.2,0,0,0,1.2,0
"2003/6/11",0,1.5,0,0.7,0,0,0,0,0,0,0,0,0,0,0,0,0,0,0,0,0,0,0,0,0,0,0,0,0,0,0,0,0.7,0,0,0,55.1,0
"2003/7/9",0,0,0,0.7,0,0,0,0,0,0,0,0,0,0,0,0,0,0,0,0,0,0.4,0,0.7,0,0,0,0,0,0,0,0,1.1,0,0,0,0.4,0
"2003/8/13",0,0.8,0.5,3.2,0,0,0,0,0,0,0,0,0,0,0,0,0,0,0,1.7,4.5,14.3,0,2.2,0,0,0,0,0,0,0,0,4.7,0,0,0,4.9,0
"2003/9/10",0,71.8,0,20.7,0,0,0,0,0,0,0,0,0,0,0,0,0,0,0,0,0,12.8,0,0,0,0,0,0,0,0,0,0,49.5,0,1.6,0,98.9,0
"2003/10/8",0,0,0,0,0,0,0,0,0,0,0,0,0,0,0,0,0,0,0,0,0.9,48.8,0,1.7,0,0.7,0,0,0,0,0,0,15.6,0,0,0,14.6,0
"2003/11/12",0,0,0,0,0,0,0,0,0,0,0,0,0,0,0,0,0,0,0,0,0,1.8,0,0.4,0,0,0,0,0,0,0,0,0,0,0,0,1.1,0
"2003/12/10",0,0,0,0,0,0,0,0,0,0,0,0,0,0,0,0,0,0,0,0,0.7,0,0,0,0,0,0,0,0,0,0,0,0.4,0,0,0,0,0
"2004/1/7",0,0,0,0,0,0,0,0,0,0,0,0,0,0,0,0,0,0,0,0,0,0.4,0,0,0,0,0,0,0,0,0,0,0.4,0,0,0,0,0
"2004/2/10",0,0,0,0,0,0,0,0,0,0,0,0,0,0,0,0,0,0,0,0,0,0,0,0,0,0,0,0,0,0,0,0,0,0,0,0,0,0
"2004/3/10",0,0,0,0,0,0,0,0,0,0,0,0,0,0,0,0,0,0,0,0,0,1.2,0,0,0,0,0,0,0,0,0,0,0,0,0,0,0,0
"2004/4/7",0,0,0,0.4,0,0,0,0,0,0,0,0,0,0,0,0,0,0,0,0.5,0,0,0,0,0,0,0,0,0,0,0,0,0.5,0,0,0,0,0
"2004/5/12",0,1,0,1.3,0,0,0,0,0,0,0,0,0,0,0,0,0,0,0,0,0,0,0,0,0,0,0,0,0,0,0,0,0,0,0,0,0,0
"2004/6/9",0,0,0,0,0,0,0,0,0,0,0,0,0,0,0,0,0,0,0,0,0,0,0,0,0,0,0,0,0,0,0,0,0,0,0,0,0,0
"2004/7/7",0,0,0,0,0,0,0,0,0,0,0,0,0,0,0,0,0,0,0,0,0,0,0,0,0,0,0,0,0,0,0,0,0,0,0,0,0,0
"2004/8/11",0,6.4,0,8.5,0,0,0,0,2.1,0,0,0,0,0,14.9,0,0,0,0,38.3,2.1,14.9,0,4.3,0,0,0,0,0,0,0,0,176.6,0,0,0,23.4,0
"2004/9/9",0,0,0,3.8,0,7.7,0,0,1.9,0,0,0,21.1,0,5.7,0,0,0,0,51.7,23,126.4,0,15.3,0,0,0,0,0,0,0,0,164.7,0,23,0,40.2,0
"2004/10/14",0,2.2,0,0,0,0,0,0,0,0,0,0,1.1,0,0,0,0,0,0,0,3.6,6.7,0,0,0,0,0,0,0,0,0.6,0,26,0,0.5,0,6,0
"2004/11/10",0,1.1,1.1,0,0,0,0,0,0,0,0,0,1.1,0,0,0,0,0,0,0,1.1,5.3,0,0,0,0,0,0,0,0,0,0,8.5,0,0,0,10.6,0
"2004/12/8",0,0,0,0,0,0,0,0,0,0,0,0,0,0,0,0,0,0,0,0,0,15.3,0,0,0,0,0,0,0,0,0,0,10.2,0,0,0,3.8,0
"2005/1/12",0,0,0,0.5,0,0,0,0,0,0,0,0,0,0,0,0,0,0,0,0,0,3.3,0,0,0,0,0,0,0,0,0,0,1.8,0,0,0,0,0
"2005/2/9",0,0,0,0,0,0,0,0,0,0,0,0,0,0,0,0,0,0,0,0,0.9,0.9,0,0,0,0,0,0,0,0,0.9,0,2.6,0,0,0,0,0
"2005/3/9",0,1.2,0,0,0,0,0,0,0,0,0,0,0,0,0,0,0,0,0,0,0,0.5,0,0,0,0,0,0,0,0,0.6,0,0.6,0,0,0,0,0
"2005/4/13",0,0,0,0,0,0,0,0,0,0,0,0,0,0,0,0,0,0,0,0,0,0,0,0,0,0,0,0,0,0,0,0,0,0,0,0,0,0
"2005/5/11",0,0,0,0,0,0,0,0,0,0,0,0,0,0,0,0,0,0,0,0,0,1,0,0,0,0,0,0,0,0,0,0,0,0,0,0,8.9,0
"2005/6/8",0,0,0,0,0,0,0,0,0,0,0,0,0,0,0,0,0,0,0,0,0,1.3,0,3,0,0,0,0,0,0,0,0,0.4,0,0,0,19.8,0
"2005/7/13",0,0,0,0,0,0,0,0,0,0,0,0,0,0,0,0,0,0,0,0,0,0,0,0,0,0,0,0,0,0,0,0,0.4,0,0,0,0.5,0
"2005/8/10",0,0,6.4,35.1,0,3.2,0,3.2,9.6,0,0,0,0,0,0,0,0,0,63.8,0,3.2,0,0,0,0,0,0,0,0,0,0,0,166,0,0,0,47.9,0
"2005/9/8",0,0,0,0,0,0,0,1.5,0,0,0,0,0,0,0,0,0,0,0,29.8,4.5,31.3,0,3,0,0,0,0,0,0,0,0,58.1,0,0,0,14.9,0
"2005/10/12",0,0,0,0,0,2.1,0,0,0,0,0,0,0,0,0,0,0,0,0,0,2.1,11.7,0,0,0,0,0,0,0,0,0,0,134,0,0,0,2.1,0
"2005/11/9",0,5.3,5.3,0,0,0,0,0,0,0,0,0,0,0,0,0,0,0,0,0,26.6,23.9,0,0,0,0,0,0,0,0,0,0,164.9,0,0,0,16,0
"2005/12/7",0,5.3,0,0,0,0,0,0,0,0,0,0,0,0,0,0,0,0,0,0,5.3,143.6,0,0,0,0,0,0,0,0,0,0,16,0,37.2,0,63.8,0
"2006/1/11",0,0,0,0,0,0,0,0,0,0,0,0,0,0,0,0,0,0,0,0,0,14,0,0,0,0,0,0,0,0,0,0,7.7,0,0,0,0,0
"2006/2/8",0,0,0,0,0,0,0,0,0,0,0,0,0,0,0,0,0,0,0,0,0,7.4,0,1.1,0,0,0,0,0,0,4.3,0,2.1,0,0,0,0,0
"2006/3/8",0,0,0,0,0,0,0,0,0,0,0,0,0,0,0,0,0,0,0,0,0,1.9,0,0,0,0,0,0,0,0,0,0,2.9,0,0,0,0,0
"2006/4/12",0,0,0,0,0,0,0,0,0,0,0,0,0,0,0,0,0,0,0,0,0,2.6,0,0,0,0,0,0,0,0,0,0,11,0,0,0,0,0
"2006/5/10",0,0,0,0,0,0,0,0,0,0,0,0,0,0,0,0,0,0,0,0,0,4.4,0,0,0,0,0,0,0,0,0,0,9.1,0,0,0,2.3,0
"2006/6/7",0,12.8,0,0,0,0,0,0,0,0,0,0,0,0,0,0,0,0,0,0,0,62.2,0,0,0,0,0,0,0,0,0,0,31.9,0,0,0,30.3,0
"2006/7/12",0,0,0,0,0,0,0,0,0,0,0,0,0,0,0,0,0,0,0,0,0,2.1,0,0,0,0,0,0,0,0,0,0,267,0,0,0,3.2,0
"2006/8/9",0,1.1,2.1,1.1,0,0,0,0,0,0,0,0,0,0,0,0,0,0,1.1,0,0,19.1,0,0,0,0,0,0,0,0,0,0,114.9,0,0,0,60.6,0
"2006/9/13",3.2,8,0,0,0,1.6,0,0,0,0,0,0,0,0,0,0,0,0,0,0,0,86.2,0,0,0,0,0,0,0,0,0,1.6,97.3,0,0,0,122.9,0
"2006/10/11",0,21.1,0,0,0,1.2,0,0,0,0,0,0,0,0,0,0,0,0,1.2,0,3.5,131.1,0,2.3,0,1.2,0,0,0,0,0,0,44.5,0,0,0,77.2,0
"2006/11/8",0,114.9,0,0,0,0,0,0,0,0,0,0,0,0,0,0,0,0,0,0,6.4,395.7,0,0,0,0,0,0,0,0,0,0,70.2,0,0,0,166,0
"2006/12/13",0,2.1,0,0,0,0,0,0,0,0,0,0,0,0,0,0,0,0,0,0,1.1,14.9,0,0,0,0,0,0,0,0,0,0,7.4,0,0,0,14.9,0
"2007/1/10",0,0,0,0,0,0,0,0,0,0,0,0,0,0,0,0,0,0,0,0,0,4.8,0,0,0,0,0,0,0,0,0,0,2.9,0,0,0,1.9,0
"2007/2/7",0,0,0,0,0,0,0,0,0,0,0,0,0,0,0,0,0,0,0,0,0,8,0,0,0,0,0,0,0,0,0,0,0,0,0,0,0,0
"2007/3/7",0,0,0,0,0,0,0,0,0,0,0,0,0,0,0,0,0,0,0,0,0,10.6,0,0,0,0,0,0,0,0,0,0,0,0,0,0,0,0
"2007/4/11",0,0,0,0,0,0,0,0,0,0,0,0,0,1.6,0,0,0,0,0,0,0.6,6.8,0,0,0,0,0,0,0,0,0,0,0,0,0,0,0,0
"2007/5/9",0,0.8,0,0,0,0,0,0,0,0,0,0,0,0,0,0,0,0,0,0,0,12.4,0,0,0,0,0,0,0,0,0,0,0,0,0,0,61.2,0
"2007/6/13",0,15,0,0,0,0,0,0,0,0,0,0,0,0,0,0,0,0,0,0,0,22.9,0,0,0,0,0,0,116.8,0,0,0,18.9,0,68.3,0,309.8,0
"2007/7/11",0,3.2,0,0,0,0,0,0,0,0,0,0,0,0,0,0,0,0,0,0,0,28.7,0,0,0,0,0,0,0,0,0,0,6.4,0,0,0,150,0
"2007/8/8",0,72.8,0,0,0,18.7,0,0,0,0,0,0,0,0,0,0,0,0,0,0,0,24.3,0,0,0,0,0,0,0,0,0,0,109.1,0,145.5,0,1394.7,0
"2007/10/10",0,36.2,0,0,0,66.7,0,0,0,0,0,0,91.5,0,0,17,0,0,2.1,0,0,183,0,6.4,0,0,0,0,0,0,0,0,112.8,0,25.5,0,163.8,2.1
"2007/11/7",0,35.1,1.9,0,0,27.8,0,0,0,0,0,0,7,0,0,2.3,0,0,0,0,0,70.2,0,0,0,0,0,0,0,0,0,0,28.1,0,4.7,0,156.8,0
"2007/12/12",0,2.1,0,0,0,0,0,0,0,0,0,0,0,0,0,0,0,0,0,0,0,14.6,0,0,0,0,0,0,0,0,0,0,6,0,0,0,9.6,0
"2008/1/9",0,0,0,0,0,0,0,0,0,0,0,0,0,0,0,0,0,0,0,0,0,52.7,0,0,0,0,0,0,0,0,0,0,22,0,0,0,1,0
"2008/2/13",0,0,0,0,0,0,0,0,0,0,0,0,0,0,0,0,0,0,0,0,0,26.1,0,0,0,0,0,0,0,0,0,0,26.1,0,0,0,0,0
"2008/3/12",0,0,0,0,0,0,0,0,0,0,0,0,0,0,0,0,0,0,0.4,0,0.9,25.5,0,0.4,0,0,0,0,0,0,0,0,3.4,0,0,0,0,0
"2008/5/7",0,0,0,0,0,0,0,0,0,0,0,0,0,0,0,0,0,0,0,0,4.7,215.3,0,0,0,0,0,0,0,0,0,0,14,0,0,0,14,0
"2008/6/11",0,36.4,0,0,0,0,0,0,0,0,0,0,0,0,0,0,0,0,0,0,0,242.6,0,0,0,0,0,0,0,0,0,0,4,0,4,0,198.1,0
"2008/7/9",0,2.9,0,0,0,0,0,0,0,0,0,0,0,0,0,0,0,0,3.2,0,0,25.9,0,0,0,0,0,0,0,0,0,0,4.5,0,0,0,1.5,0
"2008/8/6",0,1.1,0,0,0,5.3,0,0,0,0,0,0,0,0,0,0,0,0,0,0,0,62.8,0,1.1,0,0,0,0,0,0,0,0,10.6,0,0,0,30.9,0
"2008/9/10",0,35.7,0,0,0,10.2,0,0,0,0,0,0,0,0,0,0,0,0,0,0,0,84.3,0,0,0,0,0,0,0,0,0,0,150.6,0,0,0,165.5,0
"2008/10/8",0,26.8,4.5,0,0,4.5,0,0,0,0,0,0,0,0,0,0,0,0,0,0,0,96.1,0,0,0,0,0,0,0,0,0,0,109.5,0,0,0,71.5,0
"2008/11/12",0,5.9,0,0,0,0,0,0,0,0,0,0,0,0,0,0,0,0,0,0,0,11.7,0,0,0,0,0,0,0,0,0,0,40.1,0,0,0,49.3,0
"2008/12/10",0,0.9,0,0,0,0,0,0,0,0,0,0,0,0,0,0,0,0,0,0,0,16.5,0,0,0,0,0,0,0,0,0,0,5.9,0,0,0,4.4,0
"2009/1/7",0,0,0,0,0,0,0,0,0,0,0,0,0,0,0,0,0,0,0,0,0,3.3,0,0,0,0,0,0,0,0,0,0,8.7,0,0,0,0,0
"2009/2/12",0,0,0,0,0,0,0,0,0,0,0,0,0,0,0,0,0,0,0,0,0,2.6,0,0,0,0,0,0,0,0,0,0,21.8,0,0,0,0,0
"2009/3/12",0,0,0,0,0,0,0,0,0,0,0,0,0,0,0,0,0,0,0,0,0.3,3.5,0,0,0,0,0,0,0,0,0,0,12,0,0,0,0,0
"2009/4/8",0,0,0,0,0,0,0,0,0,0,0,0,0,0,0,0,0,0,0,0,0.7,23.8,0,0,0,0,0,0,0,0,0,0,119.1,0,0,0,0,0
"2009/5/13",0,1.3,0,0,0,0,0,0,0,0,0,0,0,0,0,0,0,0,0,0,0,183.8,0,0,0,0,0,0,0,0,0,0,7.7,0,0,0,5.1,0
"2009/6/10",0,2.1,0,0,0,0,0,0,0,0,0,0,0,0,0,0,0,0,0,0,0,35.4,0,0,0,0,0,0,0,0,0,0,0.3,0,0,0,0,0
"2009/8/12",0,0,0,0,0,6.8,0,0,0,0,0,0,0,0,0,0,0,0,0,0,0,234.9,0,23.8,0,0,0,0,0,0,0,0,10.2,0,0,0,180.4,0
"2009/9/9",0,3.2,0,0,0,6.4,0,0,0,0,0,0,0,0,0,0,0,0,0,0,1.6,239.4,0,6.4,0,0,0,0,0,0,0,0,97.3,0,0,0,25.5,0
"2009/10/7",0,2.8,2.8,0,0,0,0,0,0,0,0,0,4.1,0,0,6.9,0,0,1.4,0,0,120.3,0,1.4,0,0,0,0,0,0,0,0,59.5,0,0,0,29,0
"2009/11/11",0,1.1,6.4,0,0,0,0,0,0,0,0,0,0,0,0,0,0,0,0,0,4.3,77.7,0,1.1,0,0,0,0,0,0,0,0,174.5,0,3.2,0,36.2,0
"2009/12/9",0,3.8,0,0,0,0,0,0,0,0,0,0,0,0,0,0,0,0,0,0,0,122.6,0,0,0,0,0,0,0,0,0,0,59.4,0,1.9,0,6.7,0
"2010/1/14",0,0,0,0,0,0,0,0,0,0,0,0,0,0,0,0,0,0,0,0,0.6,41.6,0,0,0,0,0,0,0,0,0,0,14.8,0,7.8,0,0,0
"2010/2/10",0,0,0,0,0,0,0,0,0,0,0,0,0,0,0,0,0,0,0,0,0,43.1,0,0,0,0,0,0,0,0,0,0,76.6,0,0.5,0,0.5,0
"2010/3/10",0,0,0,0,0,0,0,0,0,0,0,0,0,0,0,0,0,0,4.3,0,0,51.9,1.7,0,0,0,0,0,0,0,0,0,22.1,0,0,0,0,0
"2010/4/7",0,0,0,0,0,0,0,0,0,0,0,0,0,0,0,0,0,0,16,0,2.1,68.1,0,0,0,0,0,0,0,0,0,0,30.9,0,0,0,0,0
"2010/5/12",0,0,0,0,0,0,0,0,0,0,0,0,0,0,0,0,0,0,2.9,0,3,313.2,0,0,0,0,0,0,0,0,0,0,14.5,0,0,0,0,0
"2010/6/9",0,30.6,0,0,0,0,0,0,0,0,0,0,0,0,0,0,0,0,0,0,0,298.7,0,0,0,0,0,0,0,0,0,0,11.5,0,0,0,111.1,0
"2010/7/7",0,0,0,0,0,43.8,0,0,0,0,0,0,0,0,0,0,0,0,3,0,1,0,0,0,0,0,0,0,0,0,0,0,16.9,0,0,0,77.3,0
"2010/8/18",0,7.7,0,0,0,7.7,0,0,0,0,0,0,5.1,0,0,12.8,0,0,5.1,0,0,0,0,0,0,0,0,0,0,0,0,0,158.3,0,0,0,183.8,0
"2010/9/8",0,0,2,0,0,32.3,0,0,0,0,0,0,4,0,0,6.1,0,0,0,0,0,10.1,0,16.2,0,0,0,0,0,0,0,0,52.6,0,0,0,179.9,0
"2010/10/13",0,2.7,13.3,0,0,2.7,0,0,0,0,0,0,10.6,0,0,0,0,0,0,0,2.7,164.9,0,0,0,0,0,0,0,0,0,0,37.2,0,0,0,172.9,0
"2010/11/10",0,3.7,14.1,0,0,1.5,0,0,0,0,0,0,1.5,0,0,0,0,0,0,0,2.2,14.1,0,0,0,0,0,0,0,0,0,0,67,0,0,0,7.4,0
"2010/12/8",0,2.2,11.2,0,0,6.7,0,0,0,0,0,0,0,0,0,116.2,0,0,0,0,11.2,107.2,0,0,0,0,0,0,0,0,0,0,143,0,0,0,2.2,0
"2011/1/12",0,0,0,0,0,0,0,0,0,0,0,0,0,0,0,19.9,0,0,0,0,0,28.9,0,0,0,0,0,0,0,0,0,0,363.5,0,1.8,0,0,0
"2011/2/9",0,0,0,0,0,0,0,0,0,0,0,0,0,0,0,0,0,0,0,0,0,60,0,0,0,0,0,0,0,0,0,0,33.2,0,0,0,0,0
"2011/3/9",0,0,0,0,0,0,0,0,0,0,0,0,0,0,0,0,0,0,47.7,0,1.5,56.6,1.5,0,0,0,0,0,0,0,0,0,93.8,0,0,0,0,0
"2011/4/13",0,0,0,5.9,0,8.3,0,0,0,0,0,0,0,0,0,0,0,0,14.3,0,2.9,146.1,0,0,0,0,0,0,0,0,0,0,109,0,0,0,0,0
"2011/5/11",0,2.2,0.5,0,0,0,0,0,0,0,0,0,0,0,0,52.2,0,0,0,0,18.1,356,0,0,0,0,0,0,0,0,0,0,20.6,0,0,0,36.8,0
"2011/6/8",0,202.6,95.7,0,0,6.4,0,0,0,0,0,0,0,0,0,107.2,0,0,0,0,143,202.6,0,0,0,0,0,0,0,0,0,0,83.4,11.9,0,0,786.4,0
"2011/7/6",0,128.9,0,43,0,13.9,0,0,0,0,0,0,10.7,0,0,107.4,0,0,86,0,279.4,1096,0,171.9,0,0,0,0,0,0,0,0,1224.9,0,0,0,268.6,0
"2011/8/10",0,1.7,3,3.4,0,1.5,0,0,5.1,0,0,0,1.7,0,0,146.4,0,0,5.1,1.5,17,15.3,0,11.9,8.5,0,0,0,0,0,0,0,49.4,15.3,0,0,15.3,0
"2011/9/7",0,0,0,0,0,3.9,0,0,0,0,0,0,12.1,0,0,2,0,0,0,0,0,0,0,4.1,0,0,0,0,0,0,0,0,12.2,0,4.1,0,85.3,0
"2011/10/12",0,33.2,3.2,0,0,0.6,0,0,0,0,0,0,27.7,0,0,11.1,0,0,0,0,0,33.2,0,16.6,0,0,0,0,0,0,0,0,431.5,0,215.7,0,33.2,0
"2011/11/9",0,6.5,42.8,0,0,1.2,0,0,0.6,0,0,0,9.9,0,0,0,0,0,15.7,0,9.6,20.6,0,0,0,0,0,0,0,0,0,0,139.1,0,1.6,0,6.3,0
"2011/12/7",0.9,45.4,24.3,0,0,5.8,0,0,0,0,0,0,0,0,0,0,0,0,0,0,38.9,155.7,0,6.5,0,0,0,0,0,0,0,0,240.1,0,19.6,0,6.5,0
"2012/1/11",0,0,0.4,0,0,5,0,0,0,0,0,0,0,0,0,0,0,0,0.6,0,0,124.8,5.4,0,0,0,0,0,0,0,0,0,92.2,0,0,0,0,0
"2012/2/8",0,0,0,0,0,21.1,0,0,0,0,0,0,0,0,0,0,0,0,5.3,0,0,47.9,0,0,0,0,0,0,0,0,0,0,547.9,0,5.3,0,0,0
"2012/3/7",0,0,0,25.5,0,41.5,0,0,0,0,0,3.2,0,0,0,0,0,0,172.3,0,0,89.4,6.4,0,0,0,0,0,0,0,0,0,92.6,0,0,0,0,0
